Using openshift launcher.
2026-04-15 14:35:58 Launching WildFly Server
JAVA_OPTS already set in environment; overriding default settings with values:  -XX:MaxRAMPercentage=80.0 -XX:+UseParallelGC -XX:MinHeapFreeRatio=10 -XX:MaxHeapFreeRatio=20 -XX:GCTimeRatio=4 -XX:AdaptiveSizePolicyWeight=90 -XX:MetaspaceSize=96m -XX:+ExitOnOutOfMemoryError -Djava.security.egd=file:/dev/./urandom -Djava.net.preferIPv4Stack=true -Djboss.modules.system.pkgs=jdk.nashorn.api,com.sun.crypto.provider -Djboss.node.name=eap2 -Djboss.bind.address=0.0.0.0 -Djboss.bind.address.management=0.0.0.0 -Djboss.bind.address.private=0.0.0.0
=========================================================================

  JBoss Bootstrap Environment

  JBOSS_HOME: /opt/server

  JAVA: /usr/lib/jvm/java-21/bin/java

  JAVA_OPTS:  -Xlog:gc*:file="/opt/server/standalone/log/gc.log":time,uptimemillis:filecount=5,filesize=3M -Djdk.serialFilter="maxbytes=10485760;maxdepth=128;maxarray=100000;maxrefs=300000"  -XX:MaxRAMPercentage=80.0 -XX:+UseParallelGC -XX:MinHeapFreeRatio=10 -XX:MaxHeapFreeRatio=20 -XX:GCTimeRatio=4 -XX:AdaptiveSizePolicyWeight=90 -XX:MetaspaceSize=96m -XX:+ExitOnOutOfMemoryError -Djava.security.egd=file:/dev/./urandom -Djava.net.preferIPv4Stack=true -Djboss.modules.system.pkgs=jdk.nashorn.api,com.sun.crypto.provider -Djboss.node.name=eap2 -Djboss.bind.address=0.0.0.0 -Djboss.bind.address.management=0.0.0.0 -Djboss.bind.address.private=0.0.0.0  --add-exports=java.desktop/sun.awt=ALL-UNNAMED --add-exports=java.naming/com.sun.jndi.ldap=ALL-UNNAMED --add-exports=java.naming/com.sun.jndi.url.ldap=ALL-UNNAMED --add-exports=java.naming/com.sun.jndi.url.ldaps=ALL-UNNAMED --add-exports=jdk.naming.dns/com.sun.jndi.dns=ALL-UNNAMED --add-opens=java.base/java.lang=ALL-UNNAMED --add-opens=java.base/java.lang.invoke=ALL-UNNAMED --add-opens=java.base/java.lang.reflect=ALL-UNNAMED --add-opens=java.base/java.io=ALL-UNNAMED --add-opens=java.base/java.net=ALL-UNNAMED --add-opens=java.base/java.security=ALL-UNNAMED --add-opens=java.base/java.util=ALL-UNNAMED --add-opens=java.base/java.util.concurrent=ALL-UNNAMED --add-opens=java.management/javax.management=ALL-UNNAMED --add-opens=java.naming/javax.naming=ALL-UNNAMED

=========================================================================

[0m14:35:59,713 INFO  [org.jboss.modules] (main) JBoss Modules version 2.1.6.Final-redhat-00001
[0m[0m14:36:00,491 INFO  [org.jboss.msc] (main) JBoss MSC version 1.5.5.Final-redhat-00001
[0m[0m14:36:00,506 INFO  [org.jboss.threads] (main) JBoss Threads version 2.5.0.redhat-00001
[0m[0m14:36:00,648 INFO  [org.jboss.as] (MSC service thread 1-1) WFLYSRV0049: JBoss EAP 8.1 Update 5.0 (WildFly Core 27.1.6.Final-redhat-00001) starting
[0m[32m14:36:00,652 DEBUG [org.jboss.as.config] (MSC service thread 1-1) Configured system properties:
	[Standalone] = 
	file.encoding = UTF-8
	file.separator = /
	java.class.path = /opt/server/jboss-modules.jar
	java.class.version = 65.0
	java.home = /usr/lib/jvm/java-21-openjdk-21.0.10.0.7-1.el9.x86_64
	java.io.tmpdir = /tmp
	java.library.path = /usr/java/packages/lib:/usr/lib64:/lib64:/lib:/usr/lib
	java.net.preferIPv4Stack = true
	java.runtime.name = OpenJDK Runtime Environment
	java.runtime.version = 21.0.10+7-LTS
	java.security.egd = file:/dev/./urandom
	java.specification.name = Java Platform API Specification
	java.specification.vendor = Oracle Corporation
	java.specification.version = 21
	java.util.logging.manager = org.jboss.logmanager.LogManager
	java.vendor = Red Hat, Inc.
	java.vendor.url = https://www.redhat.com/
	java.vendor.url.bug = https://access.redhat.com/support/cases/
	java.vendor.version = (Red_Hat-21.0.10.0.7-1)
	java.version = 21.0.10
	java.version.date = 2026-01-20
	java.vm.compressedOopsMode = Zero based
	java.vm.info = mixed mode, sharing
	java.vm.name = OpenJDK 64-Bit Server VM
	java.vm.specification.name = Java Virtual Machine Specification
	java.vm.specification.vendor = Oracle Corporation
	java.vm.specification.version = 21
	java.vm.vendor = Red Hat, Inc.
	java.vm.version = 21.0.10+7-LTS
	javax.management.builder.initial = org.jboss.as.jmx.PluggableMBeanServerBuilder
	jboss.bind.address = 172.21.0.4
	jboss.bind.address.management = 0.0.0.0
	jboss.bind.address.private = 172.21.0.4
	jboss.home.dir = /opt/server
	jboss.host.name = 80af7a46f92a
	jboss.messaging.cluster.password = <redacted>
	jboss.messaging.host = 172.21.0.4
	jboss.modules.system.pkgs = jdk.nashorn.api,com.sun.crypto.provider
	jboss.node.name = 80af7a46f92a
	jboss.qualified.host.name = 80af7a46f92a
	jboss.server.base.dir = /opt/server/standalone
	jboss.server.config.dir = /opt/server/standalone/configuration
	jboss.server.data.dir = /opt/server/standalone/data
	jboss.server.log.dir = /opt/server/standalone/log
	jboss.server.name = 80af7a46f92a
	jboss.server.persist.config = true
	jboss.server.temp.dir = /opt/server/standalone/tmp
	jboss.tx.node.id = 80af7a46f92a
	jdk.debug = release
	jdk.serialFilter = maxbytes=10485760;maxdepth=128;maxarray=100000;maxrefs=300000
	line.separator = 

	logging.configuration = file:/opt/server/standalone/configuration/logging.properties
	module.path = /opt/server/modules
	native.encoding = ANSI_X3.4-1968
	org.jboss.boot.log.file = /opt/server/standalone/log/server.log
	org.jboss.resolver.warning = true
	org.wildfly.internal.cli.boot.hook.marker.dir = /tmp/cli-boot-reload-marker-1776263758
	org.wildfly.internal.cli.boot.hook.script = /tmp/cli-script-1776263758.cli
	org.wildfly.internal.cli.boot.hook.script.error.file = /tmp/cli-script-error-1776263758.cli
	org.wildfly.internal.cli.boot.hook.script.output.file = /tmp/cli-script-output-1776263758.cli
	org.wildfly.internal.cli.boot.hook.script.properties = /tmp/cli-script-property-1776263758.cli
	org.wildfly.internal.cli.boot.hook.script.warn.file = /tmp/cli-warning-1776263758.log
	os.arch = amd64
	os.name = Linux
	os.version = 5.15.167.4-microsoft-standard-WSL2
	path.separator = :
	stderr.encoding = ANSI_X3.4-1968
	stdout.encoding = ANSI_X3.4-1968
	sun.arch.data.model = 64
	sun.boot.library.path = /usr/lib/jvm/java-21-openjdk-21.0.10.0.7-1.el9.x86_64/lib
	sun.cpu.endian = little
	sun.io.unicode.encoding = UnicodeLittle
	sun.java.command = /opt/server/jboss-modules.jar -mp /opt/server/modules org.jboss.as.standalone -Djboss.home.dir=/opt/server -Djboss.server.base.dir=/opt/server/standalone -c standalone.xml -Djboss.messaging.host=172.21.0.4 -Djboss.messaging.cluster.password=<redacted> --start-mode=admin-only -Dorg.wildfly.internal.cli.boot.hook.script=/tmp/cli-script-1776263758.cli -Dorg.wildfly.internal.cli.boot.hook.marker.dir=/tmp/cli-boot-reload-marker-1776263758 -Dorg.wildfly.internal.cli.boot.hook.script.properties=/tmp/cli-script-property-1776263758.cli -Dorg.wildfly.internal.cli.boot.hook.script.error.file=/tmp/cli-script-error-1776263758.cli -Dorg.wildfly.internal.cli.boot.hook.script.warn.file=/tmp/cli-warning-1776263758.log -Dorg.wildfly.internal.cli.boot.hook.script.output.file=/tmp/cli-script-output-1776263758.cli -Djboss.node.name=80af7a46f92a -Djboss.tx.node.id=80af7a46f92a -bprivate 172.21.0.4 -b 172.21.0.4 -bmanagement 0.0.0.0 -Dwildfly.statistics-enabled=true
	sun.java.launcher = SUN_STANDARD
	sun.jnu.encoding = ANSI_X3.4-1968
	sun.management.compiler = HotSpot 64-Bit Tiered Compilers
	user.country = US
	user.dir = /home/jboss
	user.home = /home/jboss
	user.language = en
	user.name = jboss
	user.timezone = GMT
	wildfly.statistics-enabled = true
[0m[32m14:36:00,653 DEBUG [org.jboss.as.config] (MSC service thread 1-1) VM Arguments: -D[Standalone] -Xlog:gc*:file=/opt/server/standalone/log/gc.log:time,uptimemillis:filecount=5,filesize=3M -Djdk.serialFilter=maxbytes=10485760;maxdepth=128;maxarray=100000;maxrefs=300000 -XX:MaxRAMPercentage=80.0 -XX:+UseParallelGC -XX:MinHeapFreeRatio=10 -XX:MaxHeapFreeRatio=20 -XX:GCTimeRatio=4 -XX:AdaptiveSizePolicyWeight=90 -XX:MetaspaceSize=96m -XX:+ExitOnOutOfMemoryError -Djava.security.egd=file:/dev/./urandom -Djava.net.preferIPv4Stack=true -Djboss.modules.system.pkgs=jdk.nashorn.api,com.sun.crypto.provider -Djboss.node.name=eap2 -Djboss.bind.address=0.0.0.0 -Djboss.bind.address.management=0.0.0.0 -Djboss.bind.address.private=0.0.0.0 --add-exports=java.desktop/sun.awt=ALL-UNNAMED --add-exports=java.naming/com.sun.jndi.ldap=ALL-UNNAMED --add-exports=java.naming/com.sun.jndi.url.ldap=ALL-UNNAMED --add-exports=java.naming/com.sun.jndi.url.ldaps=ALL-UNNAMED --add-exports=jdk.naming.dns/com.sun.jndi.dns=ALL-UNNAMED --add-opens=java.base/java.lang=ALL-UNNAMED --add-opens=java.base/java.lang.invoke=ALL-UNNAMED --add-opens=java.base/java.lang.reflect=ALL-UNNAMED --add-opens=java.base/java.io=ALL-UNNAMED --add-opens=java.base/java.net=ALL-UNNAMED --add-opens=java.base/java.security=ALL-UNNAMED --add-opens=java.base/java.util=ALL-UNNAMED --add-opens=java.base/java.util.concurrent=ALL-UNNAMED --add-opens=java.management/javax.management=ALL-UNNAMED --add-opens=java.naming/javax.naming=ALL-UNNAMED -Dorg.jboss.boot.log.file=/opt/server/standalone/log/server.log -Dlogging.configuration=file:/opt/server/standalone/configuration/logging.properties 
[0m[0m14:36:02,317 INFO  [org.wildfly.security] (Controller Boot Thread) ELY00001: WildFly Elytron version 2.6.8.Final-redhat-00001
[0m[0m14:36:03,621 INFO  [org.jboss.as.server] (Controller Boot Thread) WFLYSRV0039: Creating http management service using socket-binding (management-http)
[0m[0m14:36:03,643 INFO  [org.xnio] (MSC service thread 1-3) XNIO version 3.8.16.Final-redhat-00001
[0m[0m14:36:03,654 INFO  [org.xnio.nio] (MSC service thread 1-3) XNIO NIO Implementation Version 3.8.16.Final-redhat-00001
[0m[0m14:36:03,741 INFO  [org.jboss.remoting] (MSC service thread 1-1) JBoss Remoting version 5.0.31.Final-redhat-00001
[0m[33m14:36:03,746 WARN  [org.wildfly.extension.elytron] (MSC service thread 1-2) WFLYELY00023: KeyStore file '/opt/server/standalone/configuration/application.keystore' does not exist. Used blank.
[0m[33m14:36:03,771 WARN  [org.wildfly.extension.elytron] (MSC service thread 1-2) WFLYELY01084: KeyStore /opt/server/standalone/configuration/application.keystore not found, it will be auto-generated on first use with a self-signed certificate for host localhost
[0m[0m14:36:04,139 INFO  [org.jboss.as.server] (Controller Boot Thread) WFLYSRV0212: Resuming server
[0m[0m14:36:04,146 INFO  [org.jboss.as] (Controller Boot Thread) WFLYSRV0060: Http management interface listening on http://0.0.0.0:9990/management
[0m[0m14:36:04,147 INFO  [org.jboss.as] (Controller Boot Thread) WFLYSRV0054: Admin console is not enabled
[0m[0m14:36:04,147 INFO  [org.jboss.as] (Controller Boot Thread) WFLYSRV0025: JBoss EAP 8.1 Update 5.0 (WildFly Core 27.1.6.Final-redhat-00001) started in 5014ms - Started 73 of 92 services (33 services are lazy, passive or on-demand) - Server configuration file in use: standalone.xml
[0m[0m14:36:04,148 INFO  [org.jboss.as.controller] (Controller Boot Thread) WFLYCTL0472: Checking for presence of marker file indicating that the server has been restarted following execution of the additional commands from the CLI script
[0m[0m14:36:04,149 INFO  [org.jboss.as.controller] (Controller Boot Thread) WFLYCTL0474: No marker file found indicating that the server has been restarted following execution of the additional commands from the CLI script
[0m[0m14:36:04,149 INFO  [org.jboss.as.controller] (Controller Boot Thread) WFLYCTL0466: Initialised the additional boot CLI script functionality. The CLI commands will be read from /tmp/cli-script-1776263758.cli. The server will be rebooted to normal mode after these have been executed
[0m[0m14:36:04,192 INFO  [org.jboss.as.controller] (Controller Boot Thread) WFLYCTL0467: Running the additional commands from the CLI script /tmp/cli-script-1776263758.cli against the server which is running in admin-only mode
[0m[0m14:36:04,196 INFO  [org.jboss.as.cli] (Controller Boot Thread) WFLYCLI0001: Processing CLI script /tmp/cli-script-1776263758.cli
[0m[0m14:36:04,827 INFO  [org.jboss.as.cli] (Controller Boot Thread) WFLYCLI0005: Done processing CLI script /tmp/cli-script-1776263758.cli
[0m[0m14:36:04,827 INFO  [org.jboss.as.controller] (Controller Boot Thread) WFLYCTL0468: Completed running the commands from the CLI script
[0m[0m14:36:04,827 INFO  [org.jboss.as.controller] (Controller Boot Thread) WFLYCTL0470: Reloading the server to normal mode after execution of the additional commands from the CLI script. This will clear the properties triggering the additional boot cli script functionality if they were set (org.wildfly.internal.cli.boot.hook.script, org.wildfly.internal.cli.boot.hook.reload.skip, org.wildfly.internal.cli.boot.hook.marker.dir), and delete the marker file indicating the server was restarted
[0m[0m14:36:04,882 INFO  [org.jboss.as] (MSC service thread 1-2) WFLYSRV0050: JBoss EAP 8.1 Update 5.0 (WildFly Core 27.1.6.Final-redhat-00001) stopped in 51ms
[0m[0m14:36:04,883 INFO  [org.jboss.as] (MSC service thread 1-2) WFLYSRV0049: JBoss EAP 8.1 Update 5.0 (WildFly Core 27.1.6.Final-redhat-00001) starting
[0m[32m14:36:04,887 DEBUG [org.jboss.as.config] (MSC service thread 1-2) Configured system properties:
	[Standalone] = 
	file.encoding = UTF-8
	file.separator = /
	jakarta.security.jacc.PolicyConfigurationFactory.provider = org.wildfly.security.authz.jacc.ElytronPolicyConfigurationFactory
	java.class.path = /opt/server/jboss-modules.jar
	java.class.version = 65.0
	java.home = /usr/lib/jvm/java-21-openjdk-21.0.10.0.7-1.el9.x86_64
	java.io.tmpdir = /tmp
	java.library.path = /usr/java/packages/lib:/usr/lib64:/lib64:/lib:/usr/lib
	java.net.preferIPv4Stack = true
	java.runtime.name = OpenJDK Runtime Environment
	java.runtime.version = 21.0.10+7-LTS
	java.security.egd = file:/dev/./urandom
	java.specification.name = Java Platform API Specification
	java.specification.vendor = Oracle Corporation
	java.specification.version = 21
	java.util.logging.manager = org.jboss.logmanager.LogManager
	java.vendor = Red Hat, Inc.
	java.vendor.url = https://www.redhat.com/
	java.vendor.url.bug = https://access.redhat.com/support/cases/
	java.vendor.version = (Red_Hat-21.0.10.0.7-1)
	java.version = 21.0.10
	java.version.date = 2026-01-20
	java.vm.compressedOopsMode = Zero based
	java.vm.info = mixed mode, sharing
	java.vm.name = OpenJDK 64-Bit Server VM
	java.vm.specification.name = Java Virtual Machine Specification
	java.vm.specification.vendor = Oracle Corporation
	java.vm.specification.version = 21
	java.vm.vendor = Red Hat, Inc.
	java.vm.version = 21.0.10+7-LTS
	javax.management.builder.initial = org.jboss.as.jmx.PluggableMBeanServerBuilder
	jboss.bind.address = 172.21.0.4
	jboss.bind.address.management = 0.0.0.0
	jboss.bind.address.private = 172.21.0.4
	jboss.home.dir = /opt/server
	jboss.host.name = 80af7a46f92a
	jboss.messaging.cluster.password = <redacted>
	jboss.messaging.host = 172.21.0.4
	jboss.modules.system.pkgs = jdk.nashorn.api,com.sun.crypto.provider
	jboss.node.name = 80af7a46f92a
	jboss.qualified.host.name = 80af7a46f92a
	jboss.server.base.dir = /opt/server/standalone
	jboss.server.config.dir = /opt/server/standalone/configuration
	jboss.server.data.dir = /opt/server/standalone/data
	jboss.server.log.dir = /opt/server/standalone/log
	jboss.server.name = 80af7a46f92a
	jboss.server.persist.config = true
	jboss.server.temp.dir = /opt/server/standalone/tmp
	jboss.tx.node.id = 80af7a46f92a
	jdk.debug = release
	jdk.serialFilter = maxbytes=10485760;maxdepth=128;maxarray=100000;maxrefs=300000
	line.separator = 

	logging.configuration = file:/opt/server/standalone/configuration/logging.properties
	module.path = /opt/server/modules
	native.encoding = ANSI_X3.4-1968
	org.jboss.boot.log.file = /opt/server/standalone/log/server.log
	org.jboss.resolver.warning = true
	org.wildfly.internal.cli.boot.hook.script.error.file = /tmp/cli-script-error-1776263758.cli
	org.wildfly.internal.cli.boot.hook.script.output.file = /tmp/cli-script-output-1776263758.cli
	org.wildfly.internal.cli.boot.hook.script.properties = /tmp/cli-script-property-1776263758.cli
	org.wildfly.internal.cli.boot.hook.script.warn.file = /tmp/cli-warning-1776263758.log
	os.arch = amd64
	os.name = Linux
	os.version = 5.15.167.4-microsoft-standard-WSL2
	path.separator = :
	stderr.encoding = ANSI_X3.4-1968
	stdout.encoding = ANSI_X3.4-1968
	sun.arch.data.model = 64
	sun.boot.library.path = /usr/lib/jvm/java-21-openjdk-21.0.10.0.7-1.el9.x86_64/lib
	sun.cpu.endian = little
	sun.io.unicode.encoding = UnicodeLittle
	sun.java.command = /opt/server/jboss-modules.jar -mp /opt/server/modules org.jboss.as.standalone -Djboss.home.dir=/opt/server -Djboss.server.base.dir=/opt/server/standalone -c standalone.xml -Djboss.messaging.host=172.21.0.4 -Djboss.messaging.cluster.password=<redacted> --start-mode=admin-only -Dorg.wildfly.internal.cli.boot.hook.script=/tmp/cli-script-1776263758.cli -Dorg.wildfly.internal.cli.boot.hook.marker.dir=/tmp/cli-boot-reload-marker-1776263758 -Dorg.wildfly.internal.cli.boot.hook.script.properties=/tmp/cli-script-property-1776263758.cli -Dorg.wildfly.internal.cli.boot.hook.script.error.file=/tmp/cli-script-error-1776263758.cli -Dorg.wildfly.internal.cli.boot.hook.script.warn.file=/tmp/cli-warning-1776263758.log -Dorg.wildfly.internal.cli.boot.hook.script.output.file=/tmp/cli-script-output-1776263758.cli -Djboss.node.name=80af7a46f92a -Djboss.tx.node.id=80af7a46f92a -bprivate 172.21.0.4 -b 172.21.0.4 -bmanagement 0.0.0.0 -Dwildfly.statistics-enabled=true
	sun.java.launcher = SUN_STANDARD
	sun.jnu.encoding = ANSI_X3.4-1968
	sun.management.compiler = HotSpot 64-Bit Tiered Compilers
	sun.nio.ch.bugLevel = 
	user.country = US
	user.dir = /home/jboss
	user.home = /home/jboss
	user.language = en
	user.name = jboss
	user.timezone = GMT
	wildfly.statistics-enabled = true
[0m[32m14:36:04,888 DEBUG [org.jboss.as.config] (MSC service thread 1-2) VM Arguments: -D[Standalone] -Xlog:gc*:file=/opt/server/standalone/log/gc.log:time,uptimemillis:filecount=5,filesize=3M -Djdk.serialFilter=maxbytes=10485760;maxdepth=128;maxarray=100000;maxrefs=300000 -XX:MaxRAMPercentage=80.0 -XX:+UseParallelGC -XX:MinHeapFreeRatio=10 -XX:MaxHeapFreeRatio=20 -XX:GCTimeRatio=4 -XX:AdaptiveSizePolicyWeight=90 -XX:MetaspaceSize=96m -XX:+ExitOnOutOfMemoryError -Djava.security.egd=file:/dev/./urandom -Djava.net.preferIPv4Stack=true -Djboss.modules.system.pkgs=jdk.nashorn.api,com.sun.crypto.provider -Djboss.node.name=eap2 -Djboss.bind.address=0.0.0.0 -Djboss.bind.address.management=0.0.0.0 -Djboss.bind.address.private=0.0.0.0 --add-exports=java.desktop/sun.awt=ALL-UNNAMED --add-exports=java.naming/com.sun.jndi.ldap=ALL-UNNAMED --add-exports=java.naming/com.sun.jndi.url.ldap=ALL-UNNAMED --add-exports=java.naming/com.sun.jndi.url.ldaps=ALL-UNNAMED --add-exports=jdk.naming.dns/com.sun.jndi.dns=ALL-UNNAMED --add-opens=java.base/java.lang=ALL-UNNAMED --add-opens=java.base/java.lang.invoke=ALL-UNNAMED --add-opens=java.base/java.lang.reflect=ALL-UNNAMED --add-opens=java.base/java.io=ALL-UNNAMED --add-opens=java.base/java.net=ALL-UNNAMED --add-opens=java.base/java.security=ALL-UNNAMED --add-opens=java.base/java.util=ALL-UNNAMED --add-opens=java.base/java.util.concurrent=ALL-UNNAMED --add-opens=java.management/javax.management=ALL-UNNAMED --add-opens=java.naming/javax.naming=ALL-UNNAMED -Dorg.jboss.boot.log.file=/opt/server/standalone/log/server.log -Dlogging.configuration=file:/opt/server/standalone/configuration/logging.properties 
[0m[0m14:36:05,197 INFO  [org.jboss.as.repository] (ServerService Thread Pool -- 7) WFLYDR0001: Content added at location /opt/server/standalone/data/content/7e/0a64b770096eed8ea9a01239c5d75466e42cca/content
[0m[0m14:36:05,666 INFO  [org.jboss.as.server] (Controller Boot Thread) WFLYSRV0039: Creating http management service using socket-binding (management-http)
[0m[0m14:36:05,865 INFO  [org.jboss.as.connector.subsystems.datasources] (ServerService Thread Pool -- 43) WFLYJCA0004: Deploying JDBC-compliant driver class org.h2.Driver (version 2.2)
[0m[0m14:36:05,965 INFO  [org.wildfly.extension.elytron.oidc._private] (ServerService Thread Pool -- 52) WFLYOIDC0001: Activating WildFly Elytron OIDC Subsystem
[0m[0m14:36:06,068 INFO  [org.wildfly.extension.io] (ServerService Thread Pool -- 55) WFLYIO001: Worker 'default' has auto-configured to 16 IO threads with 128 max task threads based on your 8 available processors
[0m[0m14:36:06,083 INFO  [org.wildfly.extension.health] (ServerService Thread Pool -- 53) WFLYHEALTH0001: Activating Base Health Subsystem
[0m[0m14:36:06,108 INFO  [org.jboss.as.server.deployment] (MSC service thread 1-7) WFLYSRV0027: Starting deployment of "ROOT.war" (runtime-name: "ROOT.war")
[0m[0m14:36:06,123 INFO  [org.jboss.as.clustering.infinispan] (ServerService Thread Pool -- 54) WFLYCLINF0001: Activating Infinispan subsystem.
[0m[33m14:36:06,129 WARN  [org.wildfly.extension.elytron] (MSC service thread 1-8) WFLYELY00023: KeyStore file '/opt/server/standalone/configuration/application.keystore' does not exist. Used blank.
[0m[0m14:36:06,153 INFO  [org.wildfly.extension.metrics] (ServerService Thread Pool -- 65) WFLYMETRICS0001: Activating Base Metrics Subsystem
[0m[33m14:36:06,155 WARN  [org.wildfly.extension.elytron] (MSC service thread 1-8) WFLYELY01084: KeyStore /opt/server/standalone/configuration/application.keystore not found, it will be auto-generated on first use with a self-signed certificate for host localhost
[0m[0m14:36:06,180 INFO  [org.jboss.as.naming] (ServerService Thread Pool -- 66) WFLYNAM0001: Activating Naming Subsystem
[0m[0m14:36:06,189 INFO  [org.jboss.as.jsf] (ServerService Thread Pool -- 62) WFLYJSF0007: Activated the following Jakarta Server Faces Implementations: [main]
[0m[0m14:36:06,226 INFO  [org.jboss.as.jaxrs] (ServerService Thread Pool -- 56) WFLYRS0016: RESTEasy version 6.2.15.Final-redhat-00002
[0m[0m14:36:06,268 INFO  [org.jboss.as.clustering.jgroups] (ServerService Thread Pool -- 59) WFLYCLJG0001: Activating JGroups subsystem. JGroups version 5.3.21
[0m[0m14:36:06,285 INFO  [org.jboss.as.webservices] (ServerService Thread Pool -- 76) WFLYWS0002: Activating WebServices Extension
[0m[0m14:36:06,278 INFO  [org.jboss.as.connector.deployers.jdbc] (MSC service thread 1-1) WFLYJCA0018: Started Driver service with driver-name = h2
[0m[0m14:36:06,272 INFO  [org.jboss.as.mail.extension] (MSC service thread 1-7) WFLYMAIL0001: Bound mail session [java:jboss/mail/Default]
[0m[0m14:36:06,270 INFO  [org.jboss.as.naming] (MSC service thread 1-6) WFLYNAM0003: Starting Naming Service
[0m[0m14:36:06,270 INFO  [org.jboss.as.connector] (MSC service thread 1-5) WFLYJCA0009: Starting Jakarta Connectors Subsystem (WildFly/IronJacamar 3.0.18.Final-redhat-00001)
[0m[0m14:36:06,354 INFO  [org.wildfly.extension.undertow] (MSC service thread 1-7) WFLYUT0003: Undertow 2.3.23.SP3-redhat-00001 starting
[0m[0m14:36:06,408 INFO  [org.wildfly.extension.undertow] (ServerService Thread Pool -- 75) WFLYUT0112: The value 'require-host-http11' attribute in the '/subsystem=undertow/server=default-server/http-listener=default' resource is 'false', which will be ignored. The server now always enforces the RFC 9112 requirement that HTTP/1.1 request messages include a Host header.
[0m[0m14:36:06,542 INFO  [org.jboss.as.ejb3] (MSC service thread 1-2) WFLYEJB0482: Strict pool mdb-strict-max-pool is using a max instance size of 32 (per class), which is derived from the number of CPUs on this host.
[0m[0m14:36:06,574 INFO  [org.jboss.as.ejb3] (MSC service thread 1-7) WFLYEJB0481: Strict pool slsb-strict-max-pool is using a max instance size of 128 (per class), which is derived from thread worker pool sizing.
[0m[0m14:36:06,611 INFO  [org.wildfly.extension.undertow] (ServerService Thread Pool -- 75) WFLYUT0014: Creating file handler for path '/opt/server/welcome-content' with options [directory-listing: 'false', follow-symlink: 'false', case-sensitive: 'true', safe-symlink-paths: '[]']
[0m[0m14:36:06,618 INFO  [org.wildfly.extension.undertow] (MSC service thread 1-8) WFLYUT0012: Started server default-server.
[0m[0m14:36:06,626 INFO  [org.wildfly.extension.undertow] (MSC service thread 1-6) Queuing requests.
[0m[0m14:36:06,628 INFO  [org.wildfly.extension.undertow] (MSC service thread 1-6) WFLYUT0018: Host default-host starting
[0m[0m14:36:06,644 INFO  [org.wildfly.extension.undertow] (MSC service thread 1-4) WFLYUT0006: Undertow HTTP listener default listening on 0.0.0.0:8080
[0m[0m14:36:06,920 INFO  [org.jboss.as.ejb3] (MSC service thread 1-6) WFLYEJB0493: Jakarta Enterprise Beans subsystem suspension complete
[0m[0m14:36:07,101 INFO  [org.jboss.as.server.deployment.scanner] (MSC service thread 1-4) WFLYDS0013: Started FileSystemDeploymentService for directory /opt/server/standalone/deployments
[0m[0m14:36:07,300 INFO  [org.jboss.ws.common.management] (MSC service thread 1-2) JBWS022052: Starting JBossWS 7.3.7.Final-redhat-00001 (Apache CXF 4.0.10.redhat-00001) 
[0m[0m14:36:08,200 INFO  [org.jboss.weld.deployer] (MSC service thread 1-8) WFLYWELD0003: Processing weld deployment ROOT.war
[0m[0m14:36:08,393 INFO  [org.hibernate.validator.internal.util.Version] (MSC service thread 1-8) HV000001: Hibernate Validator 8.0.2.Final-redhat-00001
[0m[0m14:36:08,822 INFO  [org.jboss.weld.Version] (MSC service thread 1-6) WELD-000900: 5.1.6 (redhat)
[0m[0m14:36:08,974 INFO  [org.jboss.as.clustering.jgroups] (ServerService Thread Pool -- 86) WFLYCLJG0032: Connecting 'ee' channel. '80af7a46f92a' joining cluster 'ee' via /172.21.0.4:7600
[0m[0m14:36:08,974 INFO  [org.jgroups.JChannel] (ServerService Thread Pool -- 86) local_addr: 224924a5-37c6-4007-93c5-4744ea06cf3e, name: 80af7a46f92a
[0m[0m14:36:08,991 INFO  [org.jgroups.protocols.FD_SOCK2] (ServerService Thread Pool -- 86) server listening on /172.21.0.4:57600
[0m[0m14:36:11,055 INFO  [org.jboss.as.clustering.jgroups] (ServerService Thread Pool -- 86) WFLYCLJG0033: Connected 'ee' channel. '80af7a46f92a' joined cluster 'ee' with view: [80af7a46f92a|0] (1) [80af7a46f92a]
[0m[0m14:36:12,272 INFO  [org.infinispan.CONTAINER] (ServerService Thread Pool -- 84) ISPN000556: Starting user marshaller 'org.wildfly.clustering.cache.infinispan.marshalling.UserMarshaller'
[0m[0m14:36:12,273 INFO  [org.infinispan.CONTAINER] (ServerService Thread Pool -- 80) ISPN000556: Starting user marshaller 'org.wildfly.clustering.cache.infinispan.marshalling.UserMarshaller'
[0m[0m14:36:12,277 INFO  [org.infinispan.CONTAINER] (ServerService Thread Pool -- 85) ISPN000556: Starting user marshaller 'org.wildfly.clustering.cache.infinispan.marshalling.UserMarshaller'
[0m[0m14:36:12,302 INFO  [org.infinispan.CONTAINER] (ServerService Thread Pool -- 87) ISPN000556: Starting user marshaller 'org.wildfly.clustering.cache.infinispan.marshalling.UserMarshaller'
[0m[0m14:36:12,724 INFO  [org.infinispan.CONTAINER] (ServerService Thread Pool -- 80) ISPN000390: Persisted state, version=15.0.21.Final-redhat-00002 timestamp=2026-04-15T14:36:12.723803232Z
[0m[0m14:36:12,733 INFO  [org.infinispan.CONTAINER] (ServerService Thread Pool -- 85) ISPN000390: Persisted state, version=15.0.21.Final-redhat-00002 timestamp=2026-04-15T14:36:12.724166691Z
[0m[0m14:36:12,733 INFO  [org.infinispan.CONTAINER] (ServerService Thread Pool -- 87) ISPN000390: Persisted state, version=15.0.21.Final-redhat-00002 timestamp=2026-04-15T14:36:12.718193556Z
[0m[0m14:36:12,743 INFO  [org.infinispan.CONTAINER] (ServerService Thread Pool -- 84) ISPN000390: Persisted state, version=15.0.21.Final-redhat-00002 timestamp=2026-04-15T14:36:12.742800020Z
[0m[0m14:36:13,131 INFO  [org.infinispan.CLUSTER] (non-blocking-thread-80af7a46f92a-p11-t5) [Context=org.infinispan.CONFIG] ISPN100002: Starting rebalance with members [060a48fb51ef, 80af7a46f92a], phase READ_OLD_WRITE_ALL, topology id 2
[0m[0m14:36:13,132 INFO  [org.infinispan.CLUSTER] (thread-5,null,80af7a46f92a) [Context=org.infinispan.CONFIG] ISPN100002: Starting rebalance with members [80af7a46f92a, 060a48fb51ef], phase READ_OLD_WRITE_ALL, topology id 2
[0m[0m14:36:13,132 INFO  [org.infinispan.CLUSTER] (thread-10,ee,80af7a46f92a) [Context=org.infinispan.CONFIG] ISPN100002: Starting rebalance with members [80af7a46f92a, 060a48fb51ef], phase READ_OLD_WRITE_ALL, topology id 2
[0m[0m14:36:13,133 INFO  [org.infinispan.LIFECYCLE] (thread-10,ee,80af7a46f92a) [Context=org.infinispan.CONFIG] ISPN100002: Starting rebalance with members [80af7a46f92a, 060a48fb51ef], phase READ_OLD_WRITE_ALL, topology id 2
[0m[0m14:36:13,133 INFO  [org.infinispan.LIFECYCLE] (non-blocking-thread-80af7a46f92a-p11-t5) [Context=org.infinispan.CONFIG] ISPN100002: Starting rebalance with members [060a48fb51ef, 80af7a46f92a], phase READ_OLD_WRITE_ALL, topology id 2
[0m[0m14:36:13,134 INFO  [org.infinispan.CLUSTER] (thread-11,ee,80af7a46f92a) [Context=org.infinispan.CONFIG] ISPN100002: Starting rebalance with members [80af7a46f92a, 060a48fb51ef], phase READ_OLD_WRITE_ALL, topology id 2
[0m[0m14:36:13,135 INFO  [org.infinispan.LIFECYCLE] (thread-5,null,80af7a46f92a) [Context=org.infinispan.CONFIG] ISPN100002: Starting rebalance with members [80af7a46f92a, 060a48fb51ef], phase READ_OLD_WRITE_ALL, topology id 2
[0m[0m14:36:13,136 INFO  [org.infinispan.LIFECYCLE] (thread-11,ee,80af7a46f92a) [Context=org.infinispan.CONFIG] ISPN100002: Starting rebalance with members [80af7a46f92a, 060a48fb51ef], phase READ_OLD_WRITE_ALL, topology id 2
[0m[0m14:36:13,160 INFO  [org.infinispan.LIFECYCLE] (non-blocking-thread-80af7a46f92a-p11-t8) [Context=org.infinispan.CONFIG] ISPN100010: Finished rebalance with members [060a48fb51ef, 80af7a46f92a], topology id 2
[0m[0m14:36:13,162 INFO  [org.infinispan.LIFECYCLE] (non-blocking-thread-80af7a46f92a-p14-t8) [Context=org.infinispan.CONFIG] ISPN100010: Finished rebalance with members [80af7a46f92a, 060a48fb51ef], topology id 2
[0m[0m14:36:13,188 INFO  [org.infinispan.LIFECYCLE] (non-blocking-thread-80af7a46f92a-p8-t8) [Context=org.infinispan.CONFIG] ISPN100010: Finished rebalance with members [80af7a46f92a, 060a48fb51ef], topology id 2
[0m[0m14:36:13,189 INFO  [org.infinispan.LIFECYCLE] (non-blocking-thread-80af7a46f92a-p5-t8) [Context=org.infinispan.CONFIG] ISPN100010: Finished rebalance with members [80af7a46f92a, 060a48fb51ef], topology id 2
[0m[0m14:36:13,272 INFO  [org.jboss.as.clustering.infinispan] (ServerService Thread Pool -- 87) Started ejb cache container
[0m[0m14:36:13,276 INFO  [org.infinispan.LIFECYCLE] (thread-12,ee,80af7a46f92a) ISPN000973: Task 'state-transfer-org.infinispan.CONFIG' started at 2026-04-15T14:36:13.153797015Z and done 2026-04-15T14:36:13.276849443Z
[0m[0m14:36:13,278 INFO  [org.infinispan.CLUSTER] (thread-12,ee,80af7a46f92a) [Context=org.infinispan.CONFIG] ISPN100009: Advancing to rebalance phase READ_ALL_WRITE_ALL, topology id 3
[0m[0m14:36:13,279 INFO  [org.jboss.as.clustering.infinispan] (ServerService Thread Pool -- 80) Started web cache container
[0m[0m14:36:13,278 INFO  [org.jboss.as.clustering.infinispan] (ServerService Thread Pool -- 85) Started hibernate cache container
[0m[0m14:36:13,287 INFO  [org.infinispan.CLUSTER] (thread-6,null,80af7a46f92a) [Context=org.infinispan.CONFIG] ISPN100009: Advancing to rebalance phase READ_ALL_WRITE_ALL, topology id 3
[0m[0m14:36:13,296 INFO  [org.infinispan.CLUSTER] (thread-13,ee,80af7a46f92a) [Context=org.infinispan.CONFIG] ISPN100009: Advancing to rebalance phase READ_ALL_WRITE_ALL, topology id 3
[0m[0m14:36:13,299 INFO  [org.infinispan.CLUSTER] (thread-5,null,80af7a46f92a) [Context=org.infinispan.CONFIG] ISPN100009: Advancing to rebalance phase READ_ALL_WRITE_ALL, topology id 3
[0m[0m14:36:13,303 INFO  [org.infinispan.CLUSTER] (non-blocking-thread-80af7a46f92a-p5-t10) [Context=org.infinispan.CONFIG] ISPN100009: Advancing to rebalance phase READ_NEW_WRITE_ALL, topology id 4
[0m[0m14:36:13,304 INFO  [org.infinispan.CLUSTER] (non-blocking-thread-80af7a46f92a-p14-t10) [Context=org.infinispan.CONFIG] ISPN100009: Advancing to rebalance phase READ_NEW_WRITE_ALL, topology id 4
[0m[0m14:36:13,308 INFO  [org.infinispan.CLUSTER] (non-blocking-thread-80af7a46f92a-p8-t12) [Context=org.infinispan.CONFIG] ISPN100009: Advancing to rebalance phase READ_NEW_WRITE_ALL, topology id 4
[0m[0m14:36:13,311 INFO  [org.jboss.as.clustering.infinispan] (ServerService Thread Pool -- 85) WFLYCLINF0002: Started http-remoting-connector cache from ejb container
[0m[0m14:36:13,315 INFO  [org.infinispan.CLUSTER] (non-blocking-thread-80af7a46f92a-p14-t11) [Context=org.infinispan.CONFIG] ISPN100010: Finished rebalance with members [80af7a46f92a, 060a48fb51ef], topology id 5
[0m[0m14:36:13,318 INFO  [org.jboss.as.clustering.infinispan] (ServerService Thread Pool -- 85) WFLYCLINF0002: Started http-remoting-connector cache from ejb container
[0m[0m14:36:13,320 INFO  [org.infinispan.CLUSTER] (thread-5,null,80af7a46f92a) [Context=org.infinispan.CONFIG] ISPN100010: Finished rebalance with members [80af7a46f92a, 060a48fb51ef], topology id 5
[0m[0m14:36:13,333 INFO  [org.infinispan.CLUSTER] (non-blocking-thread-80af7a46f92a-p11-t10) [Context=org.infinispan.CONFIG] ISPN100009: Advancing to rebalance phase READ_NEW_WRITE_ALL, topology id 4
[0m[0m14:36:13,336 INFO  [org.jboss.as.clustering.infinispan] (ServerService Thread Pool -- 87) WFLYCLINF0002: Started default-server cache from web container
[0m[0m14:36:13,340 INFO  [org.infinispan.CLUSTER] (non-blocking-thread-80af7a46f92a-p8-t14) [Context=org.infinispan.CONFIG] ISPN100010: Finished rebalance with members [80af7a46f92a, 060a48fb51ef], topology id 5
[0m[0m14:36:13,342 INFO  [org.jboss.as.clustering.infinispan] (ServerService Thread Pool -- 87) WFLYCLINF0002: Started default-server cache from web container
[0m[0m14:36:13,351 INFO  [org.infinispan.CLUSTER] (non-blocking-thread-80af7a46f92a-p11-t12) [Context=org.infinispan.CONFIG] ISPN100010: Finished rebalance with members [060a48fb51ef, 80af7a46f92a], topology id 5
[0m[0m14:36:13,351 INFO  [org.jboss.as.clustering.infinispan] (ServerService Thread Pool -- 80) WFLYCLINF0002: Started ROOT.war cache from web container
[0m[0m14:36:13,354 INFO  [org.jboss.as.clustering.infinispan] (ServerService Thread Pool -- 80) WFLYCLINF0002: Started ROOT.war cache from web container
[0m[0m14:36:13,382 INFO  [org.jboss.as.clustering.infinispan] (ServerService Thread Pool -- 84) Started server cache container
[0m[0m14:36:13,436 INFO  [org.infinispan.CLUSTER] (thread-12,ee,80af7a46f92a) [Context=http-remoting-connector] ISPN100002: Starting rebalance with members [80af7a46f92a, 060a48fb51ef], phase READ_OLD_WRITE_ALL, topology id 2
[0m[0m14:36:13,438 INFO  [org.infinispan.LIFECYCLE] (thread-12,ee,80af7a46f92a) [Context=http-remoting-connector] ISPN100002: Starting rebalance with members [80af7a46f92a, 060a48fb51ef], phase READ_OLD_WRITE_ALL, topology id 2
[0m[0m14:36:13,446 INFO  [org.infinispan.CLUSTER] (thread-5,null,80af7a46f92a) [Context=default-server] ISPN100002: Starting rebalance with members [80af7a46f92a, 060a48fb51ef], phase READ_OLD_WRITE_ALL, topology id 2
[0m[0m14:36:13,447 INFO  [org.infinispan.LIFECYCLE] (thread-5,null,80af7a46f92a) [Context=default-server] ISPN100002: Starting rebalance with members [80af7a46f92a, 060a48fb51ef], phase READ_OLD_WRITE_ALL, topology id 2
[0m[0m14:36:13,448 INFO  [org.infinispan.CLUSTER] (thread-11,ee,80af7a46f92a) [Context=ROOT.war] ISPN100002: Starting rebalance with members [80af7a46f92a, 060a48fb51ef], phase READ_OLD_WRITE_ALL, topology id 2
[0m[0m14:36:13,449 INFO  [org.infinispan.LIFECYCLE] (thread-11,ee,80af7a46f92a) [Context=ROOT.war] ISPN100002: Starting rebalance with members [80af7a46f92a, 060a48fb51ef], phase READ_OLD_WRITE_ALL, topology id 2
[0m[0m14:36:13,449 INFO  [org.infinispan.LIFECYCLE] (non-blocking-thread-80af7a46f92a-p5-t4) [Context=default-server] ISPN100010: Finished rebalance with members [80af7a46f92a, 060a48fb51ef], topology id 2
[0m[0m14:36:13,452 INFO  [org.infinispan.LIFECYCLE] (non-blocking-thread-80af7a46f92a-p8-t1) [Context=http-remoting-connector] ISPN100010: Finished rebalance with members [80af7a46f92a, 060a48fb51ef], topology id 2
[0m[0m14:36:13,467 INFO  [org.infinispan.LIFECYCLE] (non-blocking-thread-80af7a46f92a-p5-t4) [Context=ROOT.war] ISPN100010: Finished rebalance with members [80af7a46f92a, 060a48fb51ef], topology id 2
[0m[0m14:36:13,589 INFO  [org.infinispan.CLUSTER] (thread-13,ee,80af7a46f92a) [Context=http-remoting-connector] ISPN100009: Advancing to rebalance phase READ_ALL_WRITE_ALL, topology id 3
[0m[0m14:36:13,593 INFO  [org.infinispan.CLUSTER] (thread-13,ee,80af7a46f92a) [Context=default-server] ISPN100009: Advancing to rebalance phase READ_ALL_WRITE_ALL, topology id 3
[0m[0m14:36:13,634 INFO  [org.infinispan.CLUSTER] (thread-12,ee,80af7a46f92a) [Context=http-remoting-connector] ISPN100009: Advancing to rebalance phase READ_NEW_WRITE_ALL, topology id 4
[0m[0m14:36:13,634 INFO  [org.infinispan.CLUSTER] (thread-5,null,80af7a46f92a) [Context=default-server] ISPN100009: Advancing to rebalance phase READ_NEW_WRITE_ALL, topology id 4
[0m[0m14:36:13,634 INFO  [org.infinispan.CLUSTER] (thread-13,ee,80af7a46f92a) [Context=ROOT.war] ISPN100009: Advancing to rebalance phase READ_ALL_WRITE_ALL, topology id 3
[0m[0m14:36:13,640 INFO  [org.infinispan.CLUSTER] (thread-5,null,80af7a46f92a) [Context=http-remoting-connector] ISPN100010: Finished rebalance with members [80af7a46f92a, 060a48fb51ef], topology id 5
[0m[0m14:36:13,643 INFO  [org.infinispan.CLUSTER] (thread-13,ee,80af7a46f92a) [Context=ROOT.war] ISPN100009: Advancing to rebalance phase READ_NEW_WRITE_ALL, topology id 4
[0m[0m14:36:13,643 INFO  [org.infinispan.CLUSTER] (thread-12,ee,80af7a46f92a) [Context=default-server] ISPN100010: Finished rebalance with members [80af7a46f92a, 060a48fb51ef], topology id 5
[0m[0m14:36:13,652 INFO  [org.infinispan.CLUSTER] (non-blocking-thread-80af7a46f92a-p5-t10) [Context=ROOT.war] ISPN100010: Finished rebalance with members [80af7a46f92a, 060a48fb51ef], topology id 5
[0m[0m14:36:13,690 INFO  [org.infinispan.CLUSTER] (thread-13,ee,80af7a46f92a) [Context=ROOT.war] ISPN100008: Updating cache members list [80af7a46f92a], topology id 6
[0m[0m14:36:13,732 INFO  [org.infinispan.CLUSTER] (thread-12,ee,80af7a46f92a) [Context=ROOT.war] ISPN100002: Starting rebalance with members [80af7a46f92a, 060a48fb51ef], phase READ_OLD_WRITE_ALL, topology id 7
[0m[33m14:36:13,732 WARN  [org.jboss.as.ejb3.remote] (main - 1) WFLYEJB0509: Clustered Jakarta Enterprise Beans in Node: 060a48fb51ef are bound to INADDR_ANY(0.0.0.0). Either use a non-wildcard server bind address or add client-mapping entries to the relevant socket-binding for the Remoting connector
[0m[0m14:36:13,733 INFO  [org.infinispan.LIFECYCLE] (thread-12,ee,80af7a46f92a) [Context=ROOT.war] ISPN100002: Starting rebalance with members [80af7a46f92a, 060a48fb51ef], phase READ_OLD_WRITE_ALL, topology id 7
[0m[0m14:36:13,737 INFO  [org.infinispan.LIFECYCLE] (non-blocking-thread-80af7a46f92a-p5-t16) [Context=ROOT.war] ISPN100010: Finished rebalance with members [80af7a46f92a, 060a48fb51ef], topology id 7
[0m[0m14:36:13,800 INFO  [org.infinispan.CLUSTER] (thread-12,ee,80af7a46f92a) [Context=ROOT.war] ISPN100009: Advancing to rebalance phase READ_ALL_WRITE_ALL, topology id 8
[0m[0m14:36:13,805 INFO  [org.infinispan.CLUSTER] (thread-12,ee,80af7a46f92a) [Context=ROOT.war] ISPN100009: Advancing to rebalance phase READ_NEW_WRITE_ALL, topology id 9
[0m[0m14:36:13,810 INFO  [org.infinispan.CLUSTER] (thread-12,ee,80af7a46f92a) [Context=ROOT.war] ISPN100010: Finished rebalance with members [80af7a46f92a, 060a48fb51ef], topology id 10
[0m[0m14:36:14,142 INFO  [jakarta.enterprise.resource.webcontainer.faces.config] (ServerService Thread Pool -- 87) Initializing Mojarra 4.0.11.redhat-00001 for context ''
[0m[0m14:36:14,625 INFO  [org.wildfly.extension.undertow] (ServerService Thread Pool -- 87) WFLYUT0021: Registered web context: '/' for server 'default-server'
[0m[0m14:36:14,725 INFO  [org.jboss.as.server] (ServerService Thread Pool -- 44) WFLYSRV0010: Deployed "ROOT.war" (runtime-name : "ROOT.war")
[0m[0m14:36:14,812 INFO  [org.infinispan.CLUSTER] (thread-12,ee,80af7a46f92a) [Context=ROOT.war] ISPN100008: Updating cache members list [80af7a46f92a], topology id 11
[0m[0m14:36:14,824 INFO  [org.infinispan.CLUSTER] (thread-12,ee,80af7a46f92a) [Context=ROOT.war] ISPN100002: Starting rebalance with members [80af7a46f92a, 060a48fb51ef], phase READ_OLD_WRITE_ALL, topology id 12
[0m[0m14:36:14,825 INFO  [org.infinispan.LIFECYCLE] (thread-12,ee,80af7a46f92a) [Context=ROOT.war] ISPN100002: Starting rebalance with members [80af7a46f92a, 060a48fb51ef], phase READ_OLD_WRITE_ALL, topology id 12
[0m[0m14:36:14,829 INFO  [org.infinispan.LIFECYCLE] (non-blocking-thread-80af7a46f92a-p5-t8) [Context=ROOT.war] ISPN100010: Finished rebalance with members [80af7a46f92a, 060a48fb51ef], topology id 12
[0m[0m14:36:14,859 INFO  [org.jboss.as.server] (Controller Boot Thread) WFLYSRV0212: Resuming server
[0m[33m14:36:14,872 WARN  [org.infinispan.CLUSTER] (blocking-thread-80af7a46f92a-p6-t1) [Context=ROOT.war] ISPN000312: Lost data because of graceful leaver 80af7a46f92a
[0m[0m14:36:14,873 INFO  [org.infinispan.CLUSTER] (blocking-thread-80af7a46f92a-p6-t1) [Context=ROOT.war] ISPN100008: Updating cache members list [060a48fb51ef], topology id 13
[0m[0m14:36:14,881 INFO  [org.jboss.as.clustering.infinispan] (blocking-thread-80af7a46f92a-p6-t1) WFLYCLINF0003: Stopped ROOT.war cache from web container
[0m[0m14:36:14,901 INFO  [org.infinispan.CLUSTER] (non-blocking-thread-80af7a46f92a-p5-t13) [Context=ROOT.war] ISPN100002: Starting rebalance with members [060a48fb51ef, 80af7a46f92a], phase READ_OLD_WRITE_ALL, topology id 14
[0m[0m14:36:14,902 INFO  [org.infinispan.LIFECYCLE] (non-blocking-thread-80af7a46f92a-p5-t13) [Context=ROOT.war] ISPN100002: Starting rebalance with members [060a48fb51ef, 80af7a46f92a], phase READ_OLD_WRITE_ALL, topology id 14
[0m[0m14:36:14,924 INFO  [org.infinispan.LIFECYCLE] (thread-12,ee,80af7a46f92a) [Context=ROOT.war] ISPN100010: Finished rebalance with members [060a48fb51ef, 80af7a46f92a], topology id 14
[0m[0m14:36:14,925 INFO  [org.jboss.as.clustering.infinispan] (blocking-thread-80af7a46f92a-p6-t1) WFLYCLINF0002: Started ROOT.war cache from web container
[0m[0m14:36:14,941 INFO  [org.infinispan.LIFECYCLE] (thread-12,ee,80af7a46f92a) ISPN000973: Task 'state-transfer-ROOT.war' started at 2026-04-15T14:36:14.924100711Z and done 2026-04-15T14:36:14.941170292Z
[0m[0m14:36:14,943 INFO  [org.infinispan.CLUSTER] (thread-12,ee,80af7a46f92a) [Context=ROOT.war] ISPN100009: Advancing to rebalance phase READ_ALL_WRITE_ALL, topology id 15
[0m[0m14:36:14,952 INFO  [org.infinispan.CLUSTER] (thread-13,ee,80af7a46f92a) [Context=ROOT.war] ISPN100009: Advancing to rebalance phase READ_NEW_WRITE_ALL, topology id 16
[0m[0m14:36:14,960 INFO  [org.infinispan.CLUSTER] (thread-13,ee,80af7a46f92a) [Context=ROOT.war] ISPN100010: Finished rebalance with members [060a48fb51ef, 80af7a46f92a], topology id 17
[0m[0m14:36:14,981 INFO  [org.jboss.as] (Controller Boot Thread) WFLYSRV0060: Http management interface listening on http://0.0.0.0:9990/management
[0m[0m14:36:14,981 INFO  [org.jboss.as] (Controller Boot Thread) WFLYSRV0054: Admin console is not enabled
[0m[0m14:36:14,997 INFO  [org.jboss.as] (Controller Boot Thread) WFLYSRV0025: JBoss EAP 8.1 Update 5.0 (WildFly Core 27.1.6.Final-redhat-00001) started in 10097ms - Started 539 of 883 services (560 services are lazy, passive or on-demand) - Server configuration file in use: standalone.xml
[0m[32m14:36:58,336 DEBUG [io.undertow.request] (default I/O-8) Matched default handler path /index.xhtml
[0m[32m14:36:58,341 FINE  [jakarta.enterprise.resource.webcontainer.faces.lifecycle] (default task-1) execute(com.sun.faces.context.FacesContextImpl@3dbd0649)
[0m[32m14:36:58,342 FINE  [jakarta.enterprise.resource.webcontainer.faces.lifecycle] (default task-1) Entering RestoreViewPhase
[0m[32m14:36:58,344 FINE  [jakarta.enterprise.resource.webcontainer.faces.application] (default task-1) Created component with component type of 'jakarta.faces.ViewRoot'
[0m[32m14:36:58,344 FINE  [jakarta.enterprise.resource.webcontainer.faces.application] (default task-1) Created component with component type of 'jakarta.faces.ViewRoot'
[0m[32m14:36:58,345 FINE  [jakarta.enterprise.resource.webcontainer.faces.application] (default task-1) Created component with component type of 'jakarta.faces.ViewRoot'
[0m[32m14:36:58,345 FINE  [jakarta.enterprise.resource.webcontainer.faces.lifecycle] (default task-1) New request: creating a view for /index.xhtml
[0m[32m14:36:58,346 FINE  [jakarta.enterprise.resource.webcontainer.faces.application] (default task-1) Created component with component type of 'jakarta.faces.ViewRoot'
[0m[32m14:36:58,346 FINE  [jakarta.enterprise.resource.webcontainer.faces.application] (default task-1) Created new view for /index.xhtml
[0m[32m14:36:58,346 FINE  [jakarta.enterprise.resource.webcontainer.faces.application] (default task-1) Locale for this view as determined by calculateLocale en_US
[0m[32m14:36:58,347 FINE  [jakarta.enterprise.resource.webcontainer.faces.application] (default task-1) Created component with component type of 'jakarta.faces.ViewRoot'
[0m[32m14:36:58,347 FINE  [jakarta.enterprise.resource.webcontainer.faces.application] (default task-1) RenderKitId for this view as determined by calculateRenderKitId HTML_BASIC
[0m[32m14:36:58,349 FINE  [jakarta.enterprise.resource.webcontainer.faces.lifecycle] (default task-1) Exiting RestoreViewPhase
[0m[32m14:36:58,357 FINE  [jakarta.enterprise.resource.webcontainer.faces.timing] (default task-1)  [TIMING] - [7ms] : Execution time for phase (including any PhaseListeners) -> RESTORE_VIEW 1
[0m[32m14:36:58,358 FINE  [jakarta.enterprise.resource.webcontainer.faces.lifecycle] (default task-1) render(com.sun.faces.context.FacesContextImpl@3dbd0649)
[0m[32m14:36:58,358 FINE  [jakarta.enterprise.resource.webcontainer.faces.lifecycle] (default task-1) Entering RenderResponsePhase
[0m[32m14:36:58,359 FINE  [jakarta.enterprise.resource.webcontainer.faces.lifecycle] (default task-1) About to render view /index.xhtml
[0m[32m14:36:58,359 FINE  [jakarta.enterprise.resource.webcontainer.faces.application] (default task-1) Building View: /index.xhtml
[0m[32m14:36:58,361 FINE  [jakarta.enterprise.resource.webcontainer.faces.application] (default task-1) Created component with component type of 'jakarta.faces.Output'
[0m[32m14:36:58,362 FINE  [jakarta.enterprise.resource.webcontainer.faces.facelets.tag.component] (default task-1) /index.xhtml @6,11 <h:head> Component[2059540600_7ac2185f] Created: jakarta.faces.component.UIOutput
[0m[32m14:36:58,362 FINE  [jakarta.enterprise.resource.webcontainer.faces.application] (default task-1) Created component with component type of 'jakarta.faces.OutputBody'
[0m[32m14:36:58,362 FINE  [jakarta.enterprise.resource.webcontainer.faces.facelets.tag.component] (default task-1) /index.xhtml @10,11 <h:body> Component[2059540600_7ac21839] Created: jakarta.faces.component.html.HtmlBody
[0m[32m14:36:58,363 FINE  [jakarta.enterprise.resource.webcontainer.faces.application] (default task-1) Created component with component type of 'jakarta.faces.HtmlPanelGroup'
[0m[32m14:36:58,363 FINE  [jakarta.enterprise.resource.webcontainer.faces.facelets.tag.component] (default task-1) /index.xhtml @13,60 <h:panelGroup> Component[2059540600_7ac21823] Created: jakarta.faces.component.html.HtmlPanelGroup
[0m[32m14:36:58,364 FINE  [jakarta.enterprise.resource.webcontainer.faces.application] (default task-1) Created component with component type of 'jakarta.faces.HtmlOutputText'
[0m[32m14:36:58,364 FINE  [jakarta.enterprise.resource.webcontainer.faces.facelets.tag.component] (default task-1) /index.xhtml @15,61 <h:outputText> Component[2059540600_7ac2180d] Created: jakarta.faces.component.html.HtmlOutputText
[0m[32m14:36:58,364 FINE  [jakarta.enterprise.resource.webcontainer.faces.application] (default task-1) Created component with component type of 'jakarta.faces.HtmlPanelGroup'
[0m[32m14:36:58,364 FINE  [jakarta.enterprise.resource.webcontainer.faces.facelets.tag.component] (default task-1) /index.xhtml @17,60 <h:panelGroup> Component[2059540600_7ac218fa] Created: jakarta.faces.component.html.HtmlPanelGroup
[0m[32m14:36:58,365 FINE  [jakarta.enterprise.resource.webcontainer.faces.application] (default task-1) Created component with component type of 'jakarta.faces.HtmlOutputText'
[0m[32m14:36:58,365 FINE  [jakarta.enterprise.resource.webcontainer.faces.facelets.tag.component] (default task-1) /index.xhtml @19,60 <h:outputText> Component[2059540600_7ac218e4] Created: jakarta.faces.component.html.HtmlOutputText
[0m[32m14:36:58,365 FINE  [jakarta.enterprise.resource.webcontainer.faces.application] (default task-1) Created component with component type of 'jakarta.faces.HtmlPanelGroup'
[0m[32m14:36:58,366 FINE  [jakarta.enterprise.resource.webcontainer.faces.facelets.tag.component] (default task-1) /index.xhtml @21,61 <h:panelGroup> Component[2059540600_7ac218d1] Created: jakarta.faces.component.html.HtmlPanelGroup
[0m[32m14:36:58,366 FINE  [jakarta.enterprise.resource.webcontainer.faces.application] (default task-1) Created component with component type of 'jakarta.faces.HtmlOutputText'
[0m[32m14:36:58,366 FINE  [jakarta.enterprise.resource.webcontainer.faces.facelets.tag.component] (default task-1) /index.xhtml @23,59 <h:outputText> Component[2059540600_7ac218bb] Created: jakarta.faces.component.html.HtmlOutputText
[0m[32m14:36:58,366 FINE  [jakarta.enterprise.resource.webcontainer.faces.application] (default task-1) Created component with component type of 'jakarta.faces.HtmlForm'
[0m[32m14:36:58,367 FINE  [jakarta.enterprise.resource.webcontainer.faces.facelets.tag.component] (default task-1) /index.xhtml @26,11 <h:form> Component[2059540600_7ac218a8] Created: jakarta.faces.component.html.HtmlForm
[0m[32m14:36:58,367 FINE  [jakarta.enterprise.resource.webcontainer.faces.application] (default task-1) Created component with component type of 'jakarta.faces.HtmlPanelGroup'
[0m[32m14:36:58,367 FINE  [jakarta.enterprise.resource.webcontainer.faces.facelets.tag.component] (default task-1) /index.xhtml @27,62 <h:panelGroup> Component[2059540600_7ac21892] Created: jakarta.faces.component.html.HtmlPanelGroup
[0m[32m14:36:58,368 FINE  [jakarta.enterprise.resource.webcontainer.faces.application] (default task-1) Created component with component type of 'jakarta.faces.HtmlCommandButton'
[0m[32m14:36:58,368 FINE  [jakarta.enterprise.resource.webcontainer.faces.facelets.tag.component] (default task-1) /index.xhtml @29,119 <h:commandButton> Component[2059540600_7ac2197c] Created: jakarta.faces.component.html.HtmlCommandButton
[0m[32m14:36:58,369 FINE  [jakarta.enterprise.resource.webcontainer.faces.application] (default task-1) Created component with component type of 'jakarta.faces.HtmlCommandButton'
[0m[32m14:36:58,369 FINE  [jakarta.enterprise.resource.webcontainer.faces.facelets.tag.component] (default task-1) /index.xhtml @30,112 <h:commandButton> Component[2059540600_7ac21969] Created: jakarta.faces.component.html.HtmlCommandButton
[0m[32m14:36:58,370 FINE  [jakarta.enterprise.resource.webcontainer.faces.application] (default task-1) Created component with component type of 'jakarta.faces.HtmlPanelGroup'
[0m[32m14:36:58,370 FINE  [jakarta.enterprise.resource.webcontainer.faces.facelets.tag.component] (default task-1) /index.xhtml @33,34 <h:panelGroup> Component[2059540600_7ac21966] Created: jakarta.faces.component.html.HtmlPanelGroup
[0m[32m14:36:58,371 FINE  [jakarta.enterprise.resource.webcontainer.faces.application] (default task-1) Created component with component type of 'jakarta.faces.HtmlCommandButton'
[0m[32m14:36:58,371 FINE  [jakarta.enterprise.resource.webcontainer.faces.facelets.tag.component] (default task-1) /index.xhtml @35,124 <h:commandButton> Component[2059540600_7ac21940] Created: jakarta.faces.component.html.HtmlCommandButton
[0m[32m14:36:58,379 FINE  [jakarta.enterprise.resource.webcontainer.faces.application] (default task-1) Created component with component type of 'jakarta.faces.HtmlCommandButton'
[0m[32m14:36:58,379 FINE  [jakarta.enterprise.resource.webcontainer.faces.facelets.tag.component] (default task-1) /index.xhtml @36,117 <h:commandButton> Component[2059540600_7ac2193d] Created: jakarta.faces.component.html.HtmlCommandButton
[0m[32m14:36:58,381 FINE  [jakarta.enterprise.resource.webcontainer.faces.application] (default task-1) Rendering View: /index.xhtml
[0m[32m14:36:58,383 DEBUG [org.wildfly.clustering.marshalling.ByteBufferMarshalledValue] (default task-1) Marshalled size of java.util.concurrent.ConcurrentHashMap object = 588 bytes
[0m[32m14:36:58,386 FINE  [jakarta.enterprise.resource.webcontainer.faces.renderkit] (default task-1) component.getValue() returned zx_m4EyV1p9FDalPP5aDwnv0-tnvngfvs22W_zyY
[0m[32m14:36:58,386 FINE  [jakarta.enterprise.resource.webcontainer.faces.renderkit] (default task-1) Value to be rendered zx_m4EyV1p9FDalPP5aDwnv0-tnvngfvs22W_zyY
[0m[32m14:36:58,387 FINE  [jakarta.enterprise.resource.webcontainer.faces.renderkit] (default task-1) component.getValue() returned 80af7a46f92a
[0m[32m14:36:58,387 FINE  [jakarta.enterprise.resource.webcontainer.faces.renderkit] (default task-1) Value to be rendered 80af7a46f92a
[0m[32m14:36:58,387 FINE  [jakarta.enterprise.resource.webcontainer.faces.renderkit] (default task-1) component.getValue() returned 0
[0m[32m14:36:58,388 FINE  [jakarta.enterprise.resource.webcontainer.faces.application] (default task-1) Created converter of type 'jakarta.faces.convert.IntegerConverter'
[0m[32m14:36:58,388 FINE  [jakarta.enterprise.resource.webcontainer.faces.renderkit] (default task-1) Value to be rendered 0
[0m[32m14:36:58,390 FINE  [jakarta.enterprise.resource.webcontainer.faces.application] (default task-1) Begin writing marker for viewId /index.xhtml
[0m[32m14:36:58,390 FINE  [jakarta.enterprise.resource.webcontainer.faces.application] (default task-1) End writing marker for viewId /index.xhtml
[0m[32m14:36:58,391 FINE  [jakarta.faces.component] (default task-1) j_id1
[0m[32m14:36:58,391 FINE  [jakarta.enterprise.resource.webcontainer.faces.lifecycle] (default task-1) Exiting RenderResponsePhase
[0m[32m14:36:58,391 FINE  [jakarta.enterprise.resource.webcontainer.faces.timing] (default task-1)  [TIMING] - [33ms] : Execution time for phase (including any PhaseListeners) -> RENDER_RESPONSE 6
[0m[32m14:36:58,393 DEBUG [io.undertow.request.io] (default task-1) UT005013: An IOException occurred: java.net.SocketException: Connection reset
	at java.base/sun.nio.ch.SocketChannelImpl.throwConnectionReset(SocketChannelImpl.java:401)
	at java.base/sun.nio.ch.SocketChannelImpl.read(SocketChannelImpl.java:434)
	at org.jboss.xnio.nio@3.8.16.Final-redhat-00001//org.xnio.nio.NioSocketConduit.read(NioSocketConduit.java:289)
	at org.jboss.xnio@3.8.16.Final-redhat-00001//org.xnio.conduits.AbstractStreamSourceConduit.read(AbstractStreamSourceConduit.java:51)
	at io.undertow.core@2.3.23.SP3-redhat-00001//io.undertow.conduits.ReadTimeoutStreamSourceConduit.read(ReadTimeoutStreamSourceConduit.java:181)
	at org.jboss.xnio@3.8.16.Final-redhat-00001//org.xnio.conduits.AbstractStreamSourceConduit.read(AbstractStreamSourceConduit.java:51)
	at io.undertow.core@2.3.23.SP3-redhat-00001//io.undertow.conduits.BytesReceivedStreamSourceConduit.read(BytesReceivedStreamSourceConduit.java:67)
	at org.jboss.xnio@3.8.16.Final-redhat-00001//org.xnio.conduits.ConduitStreamSourceChannel.read(ConduitStreamSourceChannel.java:127)
	at io.undertow.core@2.3.23.SP3-redhat-00001//io.undertow.util.ConnectionUtils.doDrain(ConnectionUtils.java:96)
	at io.undertow.core@2.3.23.SP3-redhat-00001//io.undertow.util.ConnectionUtils.cleanClose(ConnectionUtils.java:74)
	at io.undertow.core@2.3.23.SP3-redhat-00001//io.undertow.server.protocol.http.HttpReadListener.exchangeComplete(HttpReadListener.java:374)
	at io.undertow.core@2.3.23.SP3-redhat-00001//io.undertow.server.protocol.http.HttpServerConnection.exchangeComplete(HttpServerConnection.java:244)
	at io.undertow.core@2.3.23.SP3-redhat-00001//io.undertow.server.HttpServerExchange$ExchangeCompleteNextListener.proceed(HttpServerExchange.java:2062)
	at io.undertow.core@2.3.23.SP3-redhat-00001//io.undertow.server.ConnectorStatisticsImpl$1.exchangeEvent(ConnectorStatisticsImpl.java:75)
	at io.undertow.core@2.3.23.SP3-redhat-00001//io.undertow.server.HttpServerExchange$ExchangeCompleteNextListener.proceed(HttpServerExchange.java:2060)
	at io.undertow.core@2.3.23.SP3-redhat-00001//io.undertow.server.handlers.MetricsHandler$2.exchangeEvent(MetricsHandler.java:60)
	at io.undertow.core@2.3.23.SP3-redhat-00001//io.undertow.server.HttpServerExchange.invokeExchangeCompleteListeners(HttpServerExchange.java:1436)
	at io.undertow.core@2.3.23.SP3-redhat-00001//io.undertow.server.HttpServerExchange.terminateResponse(HttpServerExchange.java:1723)
	at io.undertow.core@2.3.23.SP3-redhat-00001//io.undertow.server.Connectors.terminateResponse(Connectors.java:198)
	at io.undertow.core@2.3.23.SP3-redhat-00001//io.undertow.server.protocol.http.ServerFixedLengthStreamSinkConduit.channelFinished(ServerFixedLengthStreamSinkConduit.java:58)
	at io.undertow.core@2.3.23.SP3-redhat-00001//io.undertow.conduits.AbstractFixedLengthStreamSinkConduit.exitFlush(AbstractFixedLengthStreamSinkConduit.java:316)
	at io.undertow.core@2.3.23.SP3-redhat-00001//io.undertow.conduits.AbstractFixedLengthStreamSinkConduit.flush(AbstractFixedLengthStreamSinkConduit.java:234)
	at org.jboss.xnio@3.8.16.Final-redhat-00001//org.xnio.conduits.ConduitStreamSinkChannel.flush(ConduitStreamSinkChannel.java:162)
	at io.undertow.core@2.3.23.SP3-redhat-00001//io.undertow.channels.DetachableStreamSinkChannel.flush(DetachableStreamSinkChannel.java:119)
	at org.jboss.xnio@3.8.16.Final-redhat-00001//org.xnio.channels.Channels.flushBlocking(Channels.java:63)
	at io.undertow.servlet@2.3.23.SP3-redhat-00001//io.undertow.servlet.spec.ServletOutputStreamImpl.close(ServletOutputStreamImpl.java:654)
	at io.undertow.servlet@2.3.23.SP3-redhat-00001//io.undertow.servlet.spec.ServletPrintWriter.close(ServletPrintWriter.java:130)
	at io.undertow.servlet@2.3.23.SP3-redhat-00001//io.undertow.servlet.spec.ServletPrintWriterDelegate.close(ServletPrintWriterDelegate.java:79)
	at io.undertow.servlet@2.3.23.SP3-redhat-00001//io.undertow.servlet.spec.HttpServletResponseImpl.closeStreamAndWriter(HttpServletResponseImpl.java:505)
	at io.undertow.servlet@2.3.23.SP3-redhat-00001//io.undertow.servlet.spec.HttpServletResponseImpl.responseDone(HttpServletResponseImpl.java:606)
	at io.undertow.servlet@2.3.23.SP3-redhat-00001//io.undertow.servlet.handlers.ServletInitialHandler.handleFirstRequest(ServletInitialHandler.java:330)
	at io.undertow.servlet@2.3.23.SP3-redhat-00001//io.undertow.servlet.handlers.ServletInitialHandler$1.call(ServletInitialHandler.java:130)
	at io.undertow.servlet@2.3.23.SP3-redhat-00001//io.undertow.servlet.handlers.ServletInitialHandler$1.call(ServletInitialHandler.java:127)
	at io.undertow.servlet@2.3.23.SP3-redhat-00001//io.undertow.servlet.core.ServletRequestContextThreadSetupAction$1.call(ServletRequestContextThreadSetupAction.java:48)
	at io.undertow.servlet@2.3.23.SP3-redhat-00001//io.undertow.servlet.core.ContextClassLoaderSetupAction$1.call(ContextClassLoaderSetupAction.java:43)
	at org.wildfly.extension.undertow@8.1.1.GA-redhat-00012//org.wildfly.extension.undertow.deployment.UndertowDeploymentInfoService$UndertowThreadSetupAction.lambda$create$0(UndertowDeploymentInfoService.java:1421)
	at org.wildfly.extension.undertow@8.1.1.GA-redhat-00012//org.wildfly.extension.undertow.deployment.UndertowDeploymentInfoService$UndertowThreadSetupAction.lambda$create$0(UndertowDeploymentInfoService.java:1421)
	at org.wildfly.extension.undertow@8.1.1.GA-redhat-00012//org.wildfly.extension.undertow.deployment.UndertowDeploymentInfoService$UndertowThreadSetupAction.lambda$create$0(UndertowDeploymentInfoService.java:1421)
	at org.wildfly.extension.undertow@8.1.1.GA-redhat-00012//org.wildfly.extension.undertow.deployment.UndertowDeploymentInfoService$UndertowThreadSetupAction.lambda$create$0(UndertowDeploymentInfoService.java:1421)
	at io.undertow.servlet@2.3.23.SP3-redhat-00001//io.undertow.servlet.handlers.ServletInitialHandler.dispatchRequest(ServletInitialHandler.java:251)
	at io.undertow.servlet@2.3.23.SP3-redhat-00001//io.undertow.servlet.handlers.ServletInitialHandler.lambda$new$1(ServletInitialHandler.java:99)
	at io.undertow.core@2.3.23.SP3-redhat-00001//io.undertow.server.Connectors.executeRootHandler(Connectors.java:418)
	at io.undertow.core@2.3.23.SP3-redhat-00001//io.undertow.server.HttpServerExchange$1.run(HttpServerExchange.java:938)
	at org.jboss.threads@2.5.0.redhat-00001//org.jboss.threads.ContextClassLoaderSavingRunnable.run(ContextClassLoaderSavingRunnable.java:35)
	at org.jboss.threads@2.5.0.redhat-00001//org.jboss.threads.EnhancedQueueExecutor.safeRun(EnhancedQueueExecutor.java:2024)
	at org.jboss.threads@2.5.0.redhat-00001//org.jboss.threads.EnhancedQueueExecutor$ThreadBody.doRunTask(EnhancedQueueExecutor.java:1520)
	at org.jboss.threads@2.5.0.redhat-00001//org.jboss.threads.EnhancedQueueExecutor$ThreadBody.run(EnhancedQueueExecutor.java:1411)
	at org.jboss.xnio@3.8.16.Final-redhat-00001//org.xnio.XnioWorker$WorkerThreadFactory$1$1.run(XnioWorker.java:1282)
	at java.base/java.lang.Thread.run(Thread.java:1583)

[0m[32m14:36:58,395 DEBUG [org.wildfly.clustering.marshalling.ByteBufferMarshalledValue] (default task-1) Marshalled size of java.util.concurrent.ConcurrentHashMap object = 1884 bytes
[0m[32m14:37:00,396 DEBUG [io.undertow.request] (default I/O-1) Matched default handler path /index.xhtml
[0m[32m14:37:00,398 FINE  [jakarta.enterprise.resource.webcontainer.faces.lifecycle] (default task-1) execute(com.sun.faces.context.FacesContextImpl@5dc7c4a5)
[0m[32m14:37:00,399 FINE  [jakarta.enterprise.resource.webcontainer.faces.lifecycle] (default task-1) Entering RestoreViewPhase
[0m[32m14:37:00,399 FINE  [jakarta.enterprise.resource.webcontainer.faces.application] (default task-1) Created component with component type of 'jakarta.faces.ViewRoot'
[0m[32m14:37:00,400 FINE  [jakarta.enterprise.resource.webcontainer.faces.application] (default task-1) Created component with component type of 'jakarta.faces.ViewRoot'
[0m[32m14:37:00,400 FINE  [jakarta.enterprise.resource.webcontainer.faces.application] (default task-1) Created component with component type of 'jakarta.faces.ViewRoot'
[0m[32m14:37:00,400 FINE  [jakarta.enterprise.resource.webcontainer.faces.lifecycle] (default task-1) New request: creating a view for /index.xhtml
[0m[32m14:37:00,401 FINE  [jakarta.enterprise.resource.webcontainer.faces.application] (default task-1) Created component with component type of 'jakarta.faces.ViewRoot'
[0m[32m14:37:00,401 FINE  [jakarta.enterprise.resource.webcontainer.faces.application] (default task-1) Created new view for /index.xhtml
[0m[32m14:37:00,401 FINE  [jakarta.enterprise.resource.webcontainer.faces.application] (default task-1) Locale for this view as determined by calculateLocale en_US
[0m[32m14:37:00,401 FINE  [jakarta.enterprise.resource.webcontainer.faces.application] (default task-1) Created component with component type of 'jakarta.faces.ViewRoot'
[0m[32m14:37:00,401 FINE  [jakarta.enterprise.resource.webcontainer.faces.application] (default task-1) RenderKitId for this view as determined by calculateRenderKitId HTML_BASIC
[0m[32m14:37:00,403 FINE  [jakarta.enterprise.resource.webcontainer.faces.lifecycle] (default task-1) Exiting RestoreViewPhase
[0m[32m14:37:00,403 FINE  [jakarta.enterprise.resource.webcontainer.faces.timing] (default task-1)  [TIMING] - [4ms] : Execution time for phase (including any PhaseListeners) -> RESTORE_VIEW 1
[0m[32m14:37:00,404 FINE  [jakarta.enterprise.resource.webcontainer.faces.lifecycle] (default task-1) render(com.sun.faces.context.FacesContextImpl@5dc7c4a5)
[0m[32m14:37:00,404 FINE  [jakarta.enterprise.resource.webcontainer.faces.lifecycle] (default task-1) Entering RenderResponsePhase
[0m[32m14:37:00,404 FINE  [jakarta.enterprise.resource.webcontainer.faces.lifecycle] (default task-1) About to render view /index.xhtml
[0m[32m14:37:00,404 FINE  [jakarta.enterprise.resource.webcontainer.faces.application] (default task-1) Building View: /index.xhtml
[0m[32m14:37:00,405 FINE  [jakarta.enterprise.resource.webcontainer.faces.application] (default task-1) Created component with component type of 'jakarta.faces.Output'
[0m[32m14:37:00,406 FINE  [jakarta.enterprise.resource.webcontainer.faces.facelets.tag.component] (default task-1) /index.xhtml @6,11 <h:head> Component[2059540600_7ac2185f] Created: jakarta.faces.component.UIOutput
[0m[32m14:37:00,406 FINE  [jakarta.enterprise.resource.webcontainer.faces.application] (default task-1) Created component with component type of 'jakarta.faces.OutputBody'
[0m[32m14:37:00,407 FINE  [jakarta.enterprise.resource.webcontainer.faces.facelets.tag.component] (default task-1) /index.xhtml @10,11 <h:body> Component[2059540600_7ac21839] Created: jakarta.faces.component.html.HtmlBody
[0m[32m14:37:00,407 FINE  [jakarta.enterprise.resource.webcontainer.faces.application] (default task-1) Created component with component type of 'jakarta.faces.HtmlPanelGroup'
[0m[32m14:37:00,408 FINE  [jakarta.enterprise.resource.webcontainer.faces.facelets.tag.component] (default task-1) /index.xhtml @13,60 <h:panelGroup> Component[2059540600_7ac21823] Created: jakarta.faces.component.html.HtmlPanelGroup
[0m[32m14:37:00,408 FINE  [jakarta.enterprise.resource.webcontainer.faces.application] (default task-1) Created component with component type of 'jakarta.faces.HtmlOutputText'
[0m[32m14:37:00,408 FINE  [jakarta.enterprise.resource.webcontainer.faces.facelets.tag.component] (default task-1) /index.xhtml @15,61 <h:outputText> Component[2059540600_7ac2180d] Created: jakarta.faces.component.html.HtmlOutputText
[0m[32m14:37:00,410 FINE  [jakarta.enterprise.resource.webcontainer.faces.application] (default task-1) Created component with component type of 'jakarta.faces.HtmlPanelGroup'
[0m[32m14:37:00,411 FINE  [jakarta.enterprise.resource.webcontainer.faces.facelets.tag.component] (default task-1) /index.xhtml @17,60 <h:panelGroup> Component[2059540600_7ac218fa] Created: jakarta.faces.component.html.HtmlPanelGroup
[0m[32m14:37:00,412 FINE  [jakarta.enterprise.resource.webcontainer.faces.application] (default task-1) Created component with component type of 'jakarta.faces.HtmlOutputText'
[0m[32m14:37:00,412 FINE  [jakarta.enterprise.resource.webcontainer.faces.facelets.tag.component] (default task-1) /index.xhtml @19,60 <h:outputText> Component[2059540600_7ac218e4] Created: jakarta.faces.component.html.HtmlOutputText
[0m[32m14:37:00,413 FINE  [jakarta.enterprise.resource.webcontainer.faces.application] (default task-1) Created component with component type of 'jakarta.faces.HtmlPanelGroup'
[0m[32m14:37:00,414 FINE  [jakarta.enterprise.resource.webcontainer.faces.facelets.tag.component] (default task-1) /index.xhtml @21,61 <h:panelGroup> Component[2059540600_7ac218d1] Created: jakarta.faces.component.html.HtmlPanelGroup
[0m[32m14:37:00,414 FINE  [jakarta.enterprise.resource.webcontainer.faces.application] (default task-1) Created component with component type of 'jakarta.faces.HtmlOutputText'
[0m[32m14:37:00,414 FINE  [jakarta.enterprise.resource.webcontainer.faces.facelets.tag.component] (default task-1) /index.xhtml @23,59 <h:outputText> Component[2059540600_7ac218bb] Created: jakarta.faces.component.html.HtmlOutputText
[0m[32m14:37:00,415 FINE  [jakarta.enterprise.resource.webcontainer.faces.application] (default task-1) Created component with component type of 'jakarta.faces.HtmlForm'
[0m[32m14:37:00,415 FINE  [jakarta.enterprise.resource.webcontainer.faces.facelets.tag.component] (default task-1) /index.xhtml @26,11 <h:form> Component[2059540600_7ac218a8] Created: jakarta.faces.component.html.HtmlForm
[0m[32m14:37:00,415 FINE  [jakarta.enterprise.resource.webcontainer.faces.application] (default task-1) Created component with component type of 'jakarta.faces.HtmlPanelGroup'
[0m[32m14:37:00,416 FINE  [jakarta.enterprise.resource.webcontainer.faces.facelets.tag.component] (default task-1) /index.xhtml @27,62 <h:panelGroup> Component[2059540600_7ac21892] Created: jakarta.faces.component.html.HtmlPanelGroup
[0m[32m14:37:00,416 FINE  [jakarta.enterprise.resource.webcontainer.faces.application] (default task-1) Created component with component type of 'jakarta.faces.HtmlCommandButton'
[0m[32m14:37:00,417 FINE  [jakarta.enterprise.resource.webcontainer.faces.facelets.tag.component] (default task-1) /index.xhtml @29,119 <h:commandButton> Component[2059540600_7ac2197c] Created: jakarta.faces.component.html.HtmlCommandButton
[0m[32m14:37:00,417 FINE  [jakarta.enterprise.resource.webcontainer.faces.application] (default task-1) Created component with component type of 'jakarta.faces.HtmlCommandButton'
[0m[32m14:37:00,418 FINE  [jakarta.enterprise.resource.webcontainer.faces.facelets.tag.component] (default task-1) /index.xhtml @30,112 <h:commandButton> Component[2059540600_7ac21969] Created: jakarta.faces.component.html.HtmlCommandButton
[0m[32m14:37:00,418 FINE  [jakarta.enterprise.resource.webcontainer.faces.application] (default task-1) Created component with component type of 'jakarta.faces.HtmlPanelGroup'
[0m[32m14:37:00,418 FINE  [jakarta.enterprise.resource.webcontainer.faces.facelets.tag.component] (default task-1) /index.xhtml @33,34 <h:panelGroup> Component[2059540600_7ac21966] Created: jakarta.faces.component.html.HtmlPanelGroup
[0m[32m14:37:00,419 FINE  [jakarta.enterprise.resource.webcontainer.faces.application] (default task-1) Created component with component type of 'jakarta.faces.HtmlCommandButton'
[0m[32m14:37:00,419 FINE  [jakarta.enterprise.resource.webcontainer.faces.facelets.tag.component] (default task-1) /index.xhtml @35,124 <h:commandButton> Component[2059540600_7ac21940] Created: jakarta.faces.component.html.HtmlCommandButton
[0m[32m14:37:00,419 FINE  [jakarta.enterprise.resource.webcontainer.faces.application] (default task-1) Created component with component type of 'jakarta.faces.HtmlCommandButton'
[0m[32m14:37:00,419 FINE  [jakarta.enterprise.resource.webcontainer.faces.facelets.tag.component] (default task-1) /index.xhtml @36,117 <h:commandButton> Component[2059540600_7ac2193d] Created: jakarta.faces.component.html.HtmlCommandButton
[0m[32m14:37:00,420 FINE  [jakarta.enterprise.resource.webcontainer.faces.application] (default task-1) Rendering View: /index.xhtml
[0m[32m14:37:00,424 DEBUG [org.wildfly.clustering.marshalling.ByteBufferMarshalledValue] (default task-1) Marshalled size of java.util.concurrent.ConcurrentHashMap object = 588 bytes
[0m[32m14:37:00,434 FINE  [jakarta.enterprise.resource.webcontainer.faces.renderkit] (default task-1) component.getValue() returned FuvCPlh-Uc3P7aXaSWbCZvRDh7FyDjjUhNisvwal
[0m[32m14:37:00,435 FINE  [jakarta.enterprise.resource.webcontainer.faces.renderkit] (default task-1) Value to be rendered FuvCPlh-Uc3P7aXaSWbCZvRDh7FyDjjUhNisvwal
[0m[32m14:37:00,436 FINE  [jakarta.enterprise.resource.webcontainer.faces.renderkit] (default task-1) component.getValue() returned 80af7a46f92a
[0m[32m14:37:00,436 FINE  [jakarta.enterprise.resource.webcontainer.faces.renderkit] (default task-1) Value to be rendered 80af7a46f92a
[0m[32m14:37:00,437 FINE  [jakarta.enterprise.resource.webcontainer.faces.renderkit] (default task-1) component.getValue() returned 0
[0m[32m14:37:00,438 FINE  [jakarta.enterprise.resource.webcontainer.faces.application] (default task-1) Created converter of type 'jakarta.faces.convert.IntegerConverter'
[0m[32m14:37:00,438 FINE  [jakarta.enterprise.resource.webcontainer.faces.renderkit] (default task-1) Value to be rendered 0
[0m[32m14:37:00,441 FINE  [jakarta.enterprise.resource.webcontainer.faces.application] (default task-1) Begin writing marker for viewId /index.xhtml
[0m[32m14:37:00,441 FINE  [jakarta.enterprise.resource.webcontainer.faces.application] (default task-1) End writing marker for viewId /index.xhtml
[0m[32m14:37:00,442 FINE  [jakarta.faces.component] (default task-1) j_id1
[0m[32m14:37:00,443 FINE  [jakarta.enterprise.resource.webcontainer.faces.lifecycle] (default task-1) Exiting RenderResponsePhase
[0m[32m14:37:00,443 FINE  [jakarta.enterprise.resource.webcontainer.faces.timing] (default task-1)  [TIMING] - [39ms] : Execution time for phase (including any PhaseListeners) -> RENDER_RESPONSE 6
[0m[32m14:37:00,444 DEBUG [io.undertow.request.io] (default task-1) UT005013: An IOException occurred: java.net.SocketException: Connection reset
	at java.base/sun.nio.ch.SocketChannelImpl.throwConnectionReset(SocketChannelImpl.java:401)
	at java.base/sun.nio.ch.SocketChannelImpl.read(SocketChannelImpl.java:434)
	at org.jboss.xnio.nio@3.8.16.Final-redhat-00001//org.xnio.nio.NioSocketConduit.read(NioSocketConduit.java:289)
	at org.jboss.xnio@3.8.16.Final-redhat-00001//org.xnio.conduits.AbstractStreamSourceConduit.read(AbstractStreamSourceConduit.java:51)
	at io.undertow.core@2.3.23.SP3-redhat-00001//io.undertow.conduits.ReadTimeoutStreamSourceConduit.read(ReadTimeoutStreamSourceConduit.java:181)
	at org.jboss.xnio@3.8.16.Final-redhat-00001//org.xnio.conduits.AbstractStreamSourceConduit.read(AbstractStreamSourceConduit.java:51)
	at io.undertow.core@2.3.23.SP3-redhat-00001//io.undertow.conduits.BytesReceivedStreamSourceConduit.read(BytesReceivedStreamSourceConduit.java:67)
	at org.jboss.xnio@3.8.16.Final-redhat-00001//org.xnio.conduits.ConduitStreamSourceChannel.read(ConduitStreamSourceChannel.java:127)
	at io.undertow.core@2.3.23.SP3-redhat-00001//io.undertow.util.ConnectionUtils.doDrain(ConnectionUtils.java:96)
	at io.undertow.core@2.3.23.SP3-redhat-00001//io.undertow.util.ConnectionUtils.cleanClose(ConnectionUtils.java:74)
	at io.undertow.core@2.3.23.SP3-redhat-00001//io.undertow.server.protocol.http.HttpReadListener.exchangeComplete(HttpReadListener.java:374)
	at io.undertow.core@2.3.23.SP3-redhat-00001//io.undertow.server.protocol.http.HttpServerConnection.exchangeComplete(HttpServerConnection.java:244)
	at io.undertow.core@2.3.23.SP3-redhat-00001//io.undertow.server.HttpServerExchange$ExchangeCompleteNextListener.proceed(HttpServerExchange.java:2062)
	at io.undertow.core@2.3.23.SP3-redhat-00001//io.undertow.server.ConnectorStatisticsImpl$1.exchangeEvent(ConnectorStatisticsImpl.java:75)
	at io.undertow.core@2.3.23.SP3-redhat-00001//io.undertow.server.HttpServerExchange$ExchangeCompleteNextListener.proceed(HttpServerExchange.java:2060)
	at io.undertow.core@2.3.23.SP3-redhat-00001//io.undertow.server.handlers.MetricsHandler$2.exchangeEvent(MetricsHandler.java:60)
	at io.undertow.core@2.3.23.SP3-redhat-00001//io.undertow.server.HttpServerExchange.invokeExchangeCompleteListeners(HttpServerExchange.java:1436)
	at io.undertow.core@2.3.23.SP3-redhat-00001//io.undertow.server.HttpServerExchange.terminateResponse(HttpServerExchange.java:1723)
	at io.undertow.core@2.3.23.SP3-redhat-00001//io.undertow.server.Connectors.terminateResponse(Connectors.java:198)
	at io.undertow.core@2.3.23.SP3-redhat-00001//io.undertow.server.protocol.http.ServerFixedLengthStreamSinkConduit.channelFinished(ServerFixedLengthStreamSinkConduit.java:58)
	at io.undertow.core@2.3.23.SP3-redhat-00001//io.undertow.conduits.AbstractFixedLengthStreamSinkConduit.exitFlush(AbstractFixedLengthStreamSinkConduit.java:316)
	at io.undertow.core@2.3.23.SP3-redhat-00001//io.undertow.conduits.AbstractFixedLengthStreamSinkConduit.flush(AbstractFixedLengthStreamSinkConduit.java:234)
	at org.jboss.xnio@3.8.16.Final-redhat-00001//org.xnio.conduits.ConduitStreamSinkChannel.flush(ConduitStreamSinkChannel.java:162)
	at io.undertow.core@2.3.23.SP3-redhat-00001//io.undertow.channels.DetachableStreamSinkChannel.flush(DetachableStreamSinkChannel.java:119)
	at org.jboss.xnio@3.8.16.Final-redhat-00001//org.xnio.channels.Channels.flushBlocking(Channels.java:63)
	at io.undertow.servlet@2.3.23.SP3-redhat-00001//io.undertow.servlet.spec.ServletOutputStreamImpl.close(ServletOutputStreamImpl.java:654)
	at io.undertow.servlet@2.3.23.SP3-redhat-00001//io.undertow.servlet.spec.ServletPrintWriter.close(ServletPrintWriter.java:130)
	at io.undertow.servlet@2.3.23.SP3-redhat-00001//io.undertow.servlet.spec.ServletPrintWriterDelegate.close(ServletPrintWriterDelegate.java:79)
	at io.undertow.servlet@2.3.23.SP3-redhat-00001//io.undertow.servlet.spec.HttpServletResponseImpl.closeStreamAndWriter(HttpServletResponseImpl.java:505)
	at io.undertow.servlet@2.3.23.SP3-redhat-00001//io.undertow.servlet.spec.HttpServletResponseImpl.responseDone(HttpServletResponseImpl.java:606)
	at io.undertow.servlet@2.3.23.SP3-redhat-00001//io.undertow.servlet.handlers.ServletInitialHandler.handleFirstRequest(ServletInitialHandler.java:330)
	at io.undertow.servlet@2.3.23.SP3-redhat-00001//io.undertow.servlet.handlers.ServletInitialHandler$1.call(ServletInitialHandler.java:130)
	at io.undertow.servlet@2.3.23.SP3-redhat-00001//io.undertow.servlet.handlers.ServletInitialHandler$1.call(ServletInitialHandler.java:127)
	at io.undertow.servlet@2.3.23.SP3-redhat-00001//io.undertow.servlet.core.ServletRequestContextThreadSetupAction$1.call(ServletRequestContextThreadSetupAction.java:48)
	at io.undertow.servlet@2.3.23.SP3-redhat-00001//io.undertow.servlet.core.ContextClassLoaderSetupAction$1.call(ContextClassLoaderSetupAction.java:43)
	at org.wildfly.extension.undertow@8.1.1.GA-redhat-00012//org.wildfly.extension.undertow.deployment.UndertowDeploymentInfoService$UndertowThreadSetupAction.lambda$create$0(UndertowDeploymentInfoService.java:1421)
	at org.wildfly.extension.undertow@8.1.1.GA-redhat-00012//org.wildfly.extension.undertow.deployment.UndertowDeploymentInfoService$UndertowThreadSetupAction.lambda$create$0(UndertowDeploymentInfoService.java:1421)
	at org.wildfly.extension.undertow@8.1.1.GA-redhat-00012//org.wildfly.extension.undertow.deployment.UndertowDeploymentInfoService$UndertowThreadSetupAction.lambda$create$0(UndertowDeploymentInfoService.java:1421)
	at org.wildfly.extension.undertow@8.1.1.GA-redhat-00012//org.wildfly.extension.undertow.deployment.UndertowDeploymentInfoService$UndertowThreadSetupAction.lambda$create$0(UndertowDeploymentInfoService.java:1421)
	at io.undertow.servlet@2.3.23.SP3-redhat-00001//io.undertow.servlet.handlers.ServletInitialHandler.dispatchRequest(ServletInitialHandler.java:251)
	at io.undertow.servlet@2.3.23.SP3-redhat-00001//io.undertow.servlet.handlers.ServletInitialHandler.lambda$new$1(ServletInitialHandler.java:99)
	at io.undertow.core@2.3.23.SP3-redhat-00001//io.undertow.server.Connectors.executeRootHandler(Connectors.java:418)
	at io.undertow.core@2.3.23.SP3-redhat-00001//io.undertow.server.HttpServerExchange$1.run(HttpServerExchange.java:938)
	at org.jboss.threads@2.5.0.redhat-00001//org.jboss.threads.ContextClassLoaderSavingRunnable.run(ContextClassLoaderSavingRunnable.java:35)
	at org.jboss.threads@2.5.0.redhat-00001//org.jboss.threads.EnhancedQueueExecutor.safeRun(EnhancedQueueExecutor.java:2024)
	at org.jboss.threads@2.5.0.redhat-00001//org.jboss.threads.EnhancedQueueExecutor$ThreadBody.doRunTask(EnhancedQueueExecutor.java:1520)
	at org.jboss.threads@2.5.0.redhat-00001//org.jboss.threads.EnhancedQueueExecutor$ThreadBody.run(EnhancedQueueExecutor.java:1411)
	at org.jboss.xnio@3.8.16.Final-redhat-00001//org.xnio.XnioWorker$WorkerThreadFactory$1$1.run(XnioWorker.java:1282)
	at java.base/java.lang.Thread.run(Thread.java:1583)

[0m[32m14:37:00,446 DEBUG [org.wildfly.clustering.marshalling.ByteBufferMarshalledValue] (default task-1) Marshalled size of java.util.concurrent.ConcurrentHashMap object = 1884 bytes
[0m[32m14:37:02,446 DEBUG [io.undertow.request] (default I/O-2) Matched default handler path /index.xhtml
[0m[32m14:37:02,448 FINE  [jakarta.enterprise.resource.webcontainer.faces.lifecycle] (default task-1) execute(com.sun.faces.context.FacesContextImpl@129b6154)
[0m[32m14:37:02,449 FINE  [jakarta.enterprise.resource.webcontainer.faces.lifecycle] (default task-1) Entering RestoreViewPhase
[0m[32m14:37:02,449 FINE  [jakarta.enterprise.resource.webcontainer.faces.application] (default task-1) Created component with component type of 'jakarta.faces.ViewRoot'
[0m[32m14:37:02,450 FINE  [jakarta.enterprise.resource.webcontainer.faces.application] (default task-1) Created component with component type of 'jakarta.faces.ViewRoot'
[0m[32m14:37:02,450 FINE  [jakarta.enterprise.resource.webcontainer.faces.application] (default task-1) Created component with component type of 'jakarta.faces.ViewRoot'
[0m[32m14:37:02,450 FINE  [jakarta.enterprise.resource.webcontainer.faces.lifecycle] (default task-1) New request: creating a view for /index.xhtml
[0m[32m14:37:02,451 FINE  [jakarta.enterprise.resource.webcontainer.faces.application] (default task-1) Created component with component type of 'jakarta.faces.ViewRoot'
[0m[32m14:37:02,451 FINE  [jakarta.enterprise.resource.webcontainer.faces.application] (default task-1) Created new view for /index.xhtml
[0m[32m14:37:02,451 FINE  [jakarta.enterprise.resource.webcontainer.faces.application] (default task-1) Locale for this view as determined by calculateLocale en_US
[0m[32m14:37:02,452 FINE  [jakarta.enterprise.resource.webcontainer.faces.application] (default task-1) Created component with component type of 'jakarta.faces.ViewRoot'
[0m[32m14:37:02,452 FINE  [jakarta.enterprise.resource.webcontainer.faces.application] (default task-1) RenderKitId for this view as determined by calculateRenderKitId HTML_BASIC
[0m[32m14:37:02,459 FINE  [jakarta.enterprise.resource.webcontainer.faces.lifecycle] (default task-1) Exiting RestoreViewPhase
[0m[32m14:37:02,459 FINE  [jakarta.enterprise.resource.webcontainer.faces.timing] (default task-1)  [TIMING] - [10ms] : Execution time for phase (including any PhaseListeners) -> RESTORE_VIEW 1
[0m[32m14:37:02,460 FINE  [jakarta.enterprise.resource.webcontainer.faces.lifecycle] (default task-1) render(com.sun.faces.context.FacesContextImpl@129b6154)
[0m[32m14:37:02,460 FINE  [jakarta.enterprise.resource.webcontainer.faces.lifecycle] (default task-1) Entering RenderResponsePhase
[0m[32m14:37:02,460 FINE  [jakarta.enterprise.resource.webcontainer.faces.lifecycle] (default task-1) About to render view /index.xhtml
[0m[32m14:37:02,460 FINE  [jakarta.enterprise.resource.webcontainer.faces.application] (default task-1) Building View: /index.xhtml
[0m[32m14:37:02,461 FINE  [jakarta.enterprise.resource.webcontainer.faces.application] (default task-1) Created component with component type of 'jakarta.faces.Output'
[0m[32m14:37:02,461 FINE  [jakarta.enterprise.resource.webcontainer.faces.facelets.tag.component] (default task-1) /index.xhtml @6,11 <h:head> Component[2059540600_7ac2185f] Created: jakarta.faces.component.UIOutput
[0m[32m14:37:02,462 FINE  [jakarta.enterprise.resource.webcontainer.faces.application] (default task-1) Created component with component type of 'jakarta.faces.OutputBody'
[0m[32m14:37:02,469 FINE  [jakarta.enterprise.resource.webcontainer.faces.facelets.tag.component] (default task-1) /index.xhtml @10,11 <h:body> Component[2059540600_7ac21839] Created: jakarta.faces.component.html.HtmlBody
[0m[32m14:37:02,470 FINE  [jakarta.enterprise.resource.webcontainer.faces.application] (default task-1) Created component with component type of 'jakarta.faces.HtmlPanelGroup'
[0m[32m14:37:02,470 FINE  [jakarta.enterprise.resource.webcontainer.faces.facelets.tag.component] (default task-1) /index.xhtml @13,60 <h:panelGroup> Component[2059540600_7ac21823] Created: jakarta.faces.component.html.HtmlPanelGroup
[0m[32m14:37:02,470 FINE  [jakarta.enterprise.resource.webcontainer.faces.application] (default task-1) Created component with component type of 'jakarta.faces.HtmlOutputText'
[0m[32m14:37:02,471 FINE  [jakarta.enterprise.resource.webcontainer.faces.facelets.tag.component] (default task-1) /index.xhtml @15,61 <h:outputText> Component[2059540600_7ac2180d] Created: jakarta.faces.component.html.HtmlOutputText
[0m[32m14:37:02,471 FINE  [jakarta.enterprise.resource.webcontainer.faces.application] (default task-1) Created component with component type of 'jakarta.faces.HtmlPanelGroup'
[0m[32m14:37:02,471 FINE  [jakarta.enterprise.resource.webcontainer.faces.facelets.tag.component] (default task-1) /index.xhtml @17,60 <h:panelGroup> Component[2059540600_7ac218fa] Created: jakarta.faces.component.html.HtmlPanelGroup
[0m[32m14:37:02,472 FINE  [jakarta.enterprise.resource.webcontainer.faces.application] (default task-1) Created component with component type of 'jakarta.faces.HtmlOutputText'
[0m[32m14:37:02,472 FINE  [jakarta.enterprise.resource.webcontainer.faces.facelets.tag.component] (default task-1) /index.xhtml @19,60 <h:outputText> Component[2059540600_7ac218e4] Created: jakarta.faces.component.html.HtmlOutputText
[0m[32m14:37:02,472 FINE  [jakarta.enterprise.resource.webcontainer.faces.application] (default task-1) Created component with component type of 'jakarta.faces.HtmlPanelGroup'
[0m[32m14:37:02,472 FINE  [jakarta.enterprise.resource.webcontainer.faces.facelets.tag.component] (default task-1) /index.xhtml @21,61 <h:panelGroup> Component[2059540600_7ac218d1] Created: jakarta.faces.component.html.HtmlPanelGroup
[0m[32m14:37:02,472 FINE  [jakarta.enterprise.resource.webcontainer.faces.application] (default task-1) Created component with component type of 'jakarta.faces.HtmlOutputText'
[0m[32m14:37:02,473 FINE  [jakarta.enterprise.resource.webcontainer.faces.facelets.tag.component] (default task-1) /index.xhtml @23,59 <h:outputText> Component[2059540600_7ac218bb] Created: jakarta.faces.component.html.HtmlOutputText
[0m[32m14:37:02,473 FINE  [jakarta.enterprise.resource.webcontainer.faces.application] (default task-1) Created component with component type of 'jakarta.faces.HtmlForm'
[0m[32m14:37:02,473 FINE  [jakarta.enterprise.resource.webcontainer.faces.facelets.tag.component] (default task-1) /index.xhtml @26,11 <h:form> Component[2059540600_7ac218a8] Created: jakarta.faces.component.html.HtmlForm
[0m[32m14:37:02,474 FINE  [jakarta.enterprise.resource.webcontainer.faces.application] (default task-1) Created component with component type of 'jakarta.faces.HtmlPanelGroup'
[0m[32m14:37:02,474 FINE  [jakarta.enterprise.resource.webcontainer.faces.facelets.tag.component] (default task-1) /index.xhtml @27,62 <h:panelGroup> Component[2059540600_7ac21892] Created: jakarta.faces.component.html.HtmlPanelGroup
[0m[32m14:37:02,474 FINE  [jakarta.enterprise.resource.webcontainer.faces.application] (default task-1) Created component with component type of 'jakarta.faces.HtmlCommandButton'
[0m[32m14:37:02,474 FINE  [jakarta.enterprise.resource.webcontainer.faces.facelets.tag.component] (default task-1) /index.xhtml @29,119 <h:commandButton> Component[2059540600_7ac2197c] Created: jakarta.faces.component.html.HtmlCommandButton
[0m[32m14:37:02,475 FINE  [jakarta.enterprise.resource.webcontainer.faces.application] (default task-1) Created component with component type of 'jakarta.faces.HtmlCommandButton'
[0m[32m14:37:02,475 FINE  [jakarta.enterprise.resource.webcontainer.faces.facelets.tag.component] (default task-1) /index.xhtml @30,112 <h:commandButton> Component[2059540600_7ac21969] Created: jakarta.faces.component.html.HtmlCommandButton
[0m[32m14:37:02,475 FINE  [jakarta.enterprise.resource.webcontainer.faces.application] (default task-1) Created component with component type of 'jakarta.faces.HtmlPanelGroup'
[0m[32m14:37:02,476 FINE  [jakarta.enterprise.resource.webcontainer.faces.facelets.tag.component] (default task-1) /index.xhtml @33,34 <h:panelGroup> Component[2059540600_7ac21966] Created: jakarta.faces.component.html.HtmlPanelGroup
[0m[32m14:37:02,480 FINE  [jakarta.enterprise.resource.webcontainer.faces.application] (default task-1) Created component with component type of 'jakarta.faces.HtmlCommandButton'
[0m[32m14:37:02,480 FINE  [jakarta.enterprise.resource.webcontainer.faces.facelets.tag.component] (default task-1) /index.xhtml @35,124 <h:commandButton> Component[2059540600_7ac21940] Created: jakarta.faces.component.html.HtmlCommandButton
[0m[32m14:37:02,481 FINE  [jakarta.enterprise.resource.webcontainer.faces.application] (default task-1) Created component with component type of 'jakarta.faces.HtmlCommandButton'
[0m[32m14:37:02,482 FINE  [jakarta.enterprise.resource.webcontainer.faces.facelets.tag.component] (default task-1) /index.xhtml @36,117 <h:commandButton> Component[2059540600_7ac2193d] Created: jakarta.faces.component.html.HtmlCommandButton
[0m[32m14:37:02,482 FINE  [jakarta.enterprise.resource.webcontainer.faces.application] (default task-1) Rendering View: /index.xhtml
[0m[32m14:37:02,486 DEBUG [org.wildfly.clustering.marshalling.ByteBufferMarshalledValue] (default task-1) Marshalled size of java.util.concurrent.ConcurrentHashMap object = 588 bytes
[0m[32m14:37:02,494 FINE  [jakarta.enterprise.resource.webcontainer.faces.renderkit] (default task-1) component.getValue() returned sHDH2PaOImF_VMHBlF0NxDkvoJ_RhSv2yUjTCPQ8
[0m[32m14:37:02,495 FINE  [jakarta.enterprise.resource.webcontainer.faces.renderkit] (default task-1) Value to be rendered sHDH2PaOImF_VMHBlF0NxDkvoJ_RhSv2yUjTCPQ8
[0m[32m14:37:02,495 FINE  [jakarta.enterprise.resource.webcontainer.faces.renderkit] (default task-1) component.getValue() returned 80af7a46f92a
[0m[32m14:37:02,495 FINE  [jakarta.enterprise.resource.webcontainer.faces.renderkit] (default task-1) Value to be rendered 80af7a46f92a
[0m[32m14:37:02,496 FINE  [jakarta.enterprise.resource.webcontainer.faces.renderkit] (default task-1) component.getValue() returned 0
[0m[32m14:37:02,497 FINE  [jakarta.enterprise.resource.webcontainer.faces.application] (default task-1) Created converter of type 'jakarta.faces.convert.IntegerConverter'
[0m[32m14:37:02,497 FINE  [jakarta.enterprise.resource.webcontainer.faces.renderkit] (default task-1) Value to be rendered 0
[0m[32m14:37:02,498 FINE  [jakarta.enterprise.resource.webcontainer.faces.application] (default task-1) Begin writing marker for viewId /index.xhtml
[0m[32m14:37:02,498 FINE  [jakarta.enterprise.resource.webcontainer.faces.application] (default task-1) End writing marker for viewId /index.xhtml
[0m[32m14:37:02,499 FINE  [jakarta.faces.component] (default task-1) j_id1
[0m[32m14:37:02,499 FINE  [jakarta.enterprise.resource.webcontainer.faces.lifecycle] (default task-1) Exiting RenderResponsePhase
[0m[32m14:37:02,499 FINE  [jakarta.enterprise.resource.webcontainer.faces.timing] (default task-1)  [TIMING] - [39ms] : Execution time for phase (including any PhaseListeners) -> RENDER_RESPONSE 6
[0m[32m14:37:02,500 DEBUG [io.undertow.request.io] (default task-1) UT005013: An IOException occurred: java.net.SocketException: Connection reset
	at java.base/sun.nio.ch.SocketChannelImpl.throwConnectionReset(SocketChannelImpl.java:401)
	at java.base/sun.nio.ch.SocketChannelImpl.read(SocketChannelImpl.java:434)
	at org.jboss.xnio.nio@3.8.16.Final-redhat-00001//org.xnio.nio.NioSocketConduit.read(NioSocketConduit.java:289)
	at org.jboss.xnio@3.8.16.Final-redhat-00001//org.xnio.conduits.AbstractStreamSourceConduit.read(AbstractStreamSourceConduit.java:51)
	at io.undertow.core@2.3.23.SP3-redhat-00001//io.undertow.conduits.ReadTimeoutStreamSourceConduit.read(ReadTimeoutStreamSourceConduit.java:181)
	at org.jboss.xnio@3.8.16.Final-redhat-00001//org.xnio.conduits.AbstractStreamSourceConduit.read(AbstractStreamSourceConduit.java:51)
	at io.undertow.core@2.3.23.SP3-redhat-00001//io.undertow.conduits.BytesReceivedStreamSourceConduit.read(BytesReceivedStreamSourceConduit.java:67)
	at org.jboss.xnio@3.8.16.Final-redhat-00001//org.xnio.conduits.ConduitStreamSourceChannel.read(ConduitStreamSourceChannel.java:127)
	at io.undertow.core@2.3.23.SP3-redhat-00001//io.undertow.util.ConnectionUtils.doDrain(ConnectionUtils.java:96)
	at io.undertow.core@2.3.23.SP3-redhat-00001//io.undertow.util.ConnectionUtils.cleanClose(ConnectionUtils.java:74)
	at io.undertow.core@2.3.23.SP3-redhat-00001//io.undertow.server.protocol.http.HttpReadListener.exchangeComplete(HttpReadListener.java:374)
	at io.undertow.core@2.3.23.SP3-redhat-00001//io.undertow.server.protocol.http.HttpServerConnection.exchangeComplete(HttpServerConnection.java:244)
	at io.undertow.core@2.3.23.SP3-redhat-00001//io.undertow.server.HttpServerExchange$ExchangeCompleteNextListener.proceed(HttpServerExchange.java:2062)
	at io.undertow.core@2.3.23.SP3-redhat-00001//io.undertow.server.ConnectorStatisticsImpl$1.exchangeEvent(ConnectorStatisticsImpl.java:75)
	at io.undertow.core@2.3.23.SP3-redhat-00001//io.undertow.server.HttpServerExchange$ExchangeCompleteNextListener.proceed(HttpServerExchange.java:2060)
	at io.undertow.core@2.3.23.SP3-redhat-00001//io.undertow.server.handlers.MetricsHandler$2.exchangeEvent(MetricsHandler.java:60)
	at io.undertow.core@2.3.23.SP3-redhat-00001//io.undertow.server.HttpServerExchange.invokeExchangeCompleteListeners(HttpServerExchange.java:1436)
	at io.undertow.core@2.3.23.SP3-redhat-00001//io.undertow.server.HttpServerExchange.terminateResponse(HttpServerExchange.java:1723)
	at io.undertow.core@2.3.23.SP3-redhat-00001//io.undertow.server.Connectors.terminateResponse(Connectors.java:198)
	at io.undertow.core@2.3.23.SP3-redhat-00001//io.undertow.server.protocol.http.ServerFixedLengthStreamSinkConduit.channelFinished(ServerFixedLengthStreamSinkConduit.java:58)
	at io.undertow.core@2.3.23.SP3-redhat-00001//io.undertow.conduits.AbstractFixedLengthStreamSinkConduit.exitFlush(AbstractFixedLengthStreamSinkConduit.java:316)
	at io.undertow.core@2.3.23.SP3-redhat-00001//io.undertow.conduits.AbstractFixedLengthStreamSinkConduit.flush(AbstractFixedLengthStreamSinkConduit.java:234)
	at org.jboss.xnio@3.8.16.Final-redhat-00001//org.xnio.conduits.ConduitStreamSinkChannel.flush(ConduitStreamSinkChannel.java:162)
	at io.undertow.core@2.3.23.SP3-redhat-00001//io.undertow.channels.DetachableStreamSinkChannel.flush(DetachableStreamSinkChannel.java:119)
	at org.jboss.xnio@3.8.16.Final-redhat-00001//org.xnio.channels.Channels.flushBlocking(Channels.java:63)
	at io.undertow.servlet@2.3.23.SP3-redhat-00001//io.undertow.servlet.spec.ServletOutputStreamImpl.close(ServletOutputStreamImpl.java:654)
	at io.undertow.servlet@2.3.23.SP3-redhat-00001//io.undertow.servlet.spec.ServletPrintWriter.close(ServletPrintWriter.java:130)
	at io.undertow.servlet@2.3.23.SP3-redhat-00001//io.undertow.servlet.spec.ServletPrintWriterDelegate.close(ServletPrintWriterDelegate.java:79)
	at io.undertow.servlet@2.3.23.SP3-redhat-00001//io.undertow.servlet.spec.HttpServletResponseImpl.closeStreamAndWriter(HttpServletResponseImpl.java:505)
	at io.undertow.servlet@2.3.23.SP3-redhat-00001//io.undertow.servlet.spec.HttpServletResponseImpl.responseDone(HttpServletResponseImpl.java:606)
	at io.undertow.servlet@2.3.23.SP3-redhat-00001//io.undertow.servlet.handlers.ServletInitialHandler.handleFirstRequest(ServletInitialHandler.java:330)
	at io.undertow.servlet@2.3.23.SP3-redhat-00001//io.undertow.servlet.handlers.ServletInitialHandler$1.call(ServletInitialHandler.java:130)
	at io.undertow.servlet@2.3.23.SP3-redhat-00001//io.undertow.servlet.handlers.ServletInitialHandler$1.call(ServletInitialHandler.java:127)
	at io.undertow.servlet@2.3.23.SP3-redhat-00001//io.undertow.servlet.core.ServletRequestContextThreadSetupAction$1.call(ServletRequestContextThreadSetupAction.java:48)
	at io.undertow.servlet@2.3.23.SP3-redhat-00001//io.undertow.servlet.core.ContextClassLoaderSetupAction$1.call(ContextClassLoaderSetupAction.java:43)
	at org.wildfly.extension.undertow@8.1.1.GA-redhat-00012//org.wildfly.extension.undertow.deployment.UndertowDeploymentInfoService$UndertowThreadSetupAction.lambda$create$0(UndertowDeploymentInfoService.java:1421)
	at org.wildfly.extension.undertow@8.1.1.GA-redhat-00012//org.wildfly.extension.undertow.deployment.UndertowDeploymentInfoService$UndertowThreadSetupAction.lambda$create$0(UndertowDeploymentInfoService.java:1421)
	at org.wildfly.extension.undertow@8.1.1.GA-redhat-00012//org.wildfly.extension.undertow.deployment.UndertowDeploymentInfoService$UndertowThreadSetupAction.lambda$create$0(UndertowDeploymentInfoService.java:1421)
	at org.wildfly.extension.undertow@8.1.1.GA-redhat-00012//org.wildfly.extension.undertow.deployment.UndertowDeploymentInfoService$UndertowThreadSetupAction.lambda$create$0(UndertowDeploymentInfoService.java:1421)
	at io.undertow.servlet@2.3.23.SP3-redhat-00001//io.undertow.servlet.handlers.ServletInitialHandler.dispatchRequest(ServletInitialHandler.java:251)
	at io.undertow.servlet@2.3.23.SP3-redhat-00001//io.undertow.servlet.handlers.ServletInitialHandler.lambda$new$1(ServletInitialHandler.java:99)
	at io.undertow.core@2.3.23.SP3-redhat-00001//io.undertow.server.Connectors.executeRootHandler(Connectors.java:418)
	at io.undertow.core@2.3.23.SP3-redhat-00001//io.undertow.server.HttpServerExchange$1.run(HttpServerExchange.java:938)
	at org.jboss.threads@2.5.0.redhat-00001//org.jboss.threads.ContextClassLoaderSavingRunnable.run(ContextClassLoaderSavingRunnable.java:35)
	at org.jboss.threads@2.5.0.redhat-00001//org.jboss.threads.EnhancedQueueExecutor.safeRun(EnhancedQueueExecutor.java:2024)
	at org.jboss.threads@2.5.0.redhat-00001//org.jboss.threads.EnhancedQueueExecutor$ThreadBody.doRunTask(EnhancedQueueExecutor.java:1520)
	at org.jboss.threads@2.5.0.redhat-00001//org.jboss.threads.EnhancedQueueExecutor$ThreadBody.run(EnhancedQueueExecutor.java:1411)
	at org.jboss.xnio@3.8.16.Final-redhat-00001//org.xnio.XnioWorker$WorkerThreadFactory$1$1.run(XnioWorker.java:1282)
	at java.base/java.lang.Thread.run(Thread.java:1583)

[0m[32m14:37:02,502 DEBUG [org.wildfly.clustering.marshalling.ByteBufferMarshalledValue] (default task-1) Marshalled size of java.util.concurrent.ConcurrentHashMap object = 1884 bytes
[0m[32m14:37:03,531 DEBUG [io.undertow.request] (default I/O-7) Matched default handler path /index.xhtml
[0m[32m14:37:03,532 DEBUG [org.wildfly.clustering.marshalling.ByteBufferMarshalledValue] (default task-1) Marshalled size of org.wildfly.clustering.server.infinispan.scheduler.CancelCommand object = 49 bytes
[0m[32m14:37:03,536 FINE  [jakarta.enterprise.resource.webcontainer.faces.lifecycle] (default task-1) execute(com.sun.faces.context.FacesContextImpl@2ebd1b0c)
[0m[32m14:37:03,536 FINE  [jakarta.enterprise.resource.webcontainer.faces.lifecycle] (default task-1) Entering RestoreViewPhase
[0m[32m14:37:03,536 FINE  [jakarta.enterprise.resource.webcontainer.faces.application] (default task-1) Created component with component type of 'jakarta.faces.ViewRoot'
[0m[32m14:37:03,536 FINE  [jakarta.enterprise.resource.webcontainer.faces.application] (default task-1) Created component with component type of 'jakarta.faces.ViewRoot'
[0m[32m14:37:03,537 FINE  [jakarta.enterprise.resource.webcontainer.faces.application] (default task-1) Created component with component type of 'jakarta.faces.ViewRoot'
[0m[32m14:37:03,537 FINE  [jakarta.enterprise.resource.webcontainer.faces.lifecycle] (default task-1) New request: creating a view for /index.xhtml
[0m[32m14:37:03,537 FINE  [jakarta.enterprise.resource.webcontainer.faces.application] (default task-1) Created component with component type of 'jakarta.faces.ViewRoot'
[0m[32m14:37:03,537 FINE  [jakarta.enterprise.resource.webcontainer.faces.application] (default task-1) Created new view for /index.xhtml
[0m[32m14:37:03,537 FINE  [jakarta.enterprise.resource.webcontainer.faces.application] (default task-1) Locale for this view as determined by calculateLocale en_US
[0m[32m14:37:03,537 FINE  [jakarta.enterprise.resource.webcontainer.faces.application] (default task-1) Created component with component type of 'jakarta.faces.ViewRoot'
[0m[32m14:37:03,537 FINE  [jakarta.enterprise.resource.webcontainer.faces.application] (default task-1) RenderKitId for this view as determined by calculateRenderKitId HTML_BASIC
[0m[32m14:37:03,538 FINE  [jakarta.enterprise.resource.webcontainer.faces.lifecycle] (default task-1) Exiting RestoreViewPhase
[0m[32m14:37:03,538 FINE  [jakarta.enterprise.resource.webcontainer.faces.timing] (default task-1)  [TIMING] - [2ms] : Execution time for phase (including any PhaseListeners) -> RESTORE_VIEW 1
[0m[32m14:37:03,538 FINE  [jakarta.enterprise.resource.webcontainer.faces.lifecycle] (default task-1) render(com.sun.faces.context.FacesContextImpl@2ebd1b0c)
[0m[32m14:37:03,538 FINE  [jakarta.enterprise.resource.webcontainer.faces.lifecycle] (default task-1) Entering RenderResponsePhase
[0m[32m14:37:03,538 FINE  [jakarta.enterprise.resource.webcontainer.faces.lifecycle] (default task-1) About to render view /index.xhtml
[0m[32m14:37:03,538 FINE  [jakarta.enterprise.resource.webcontainer.faces.application] (default task-1) Building View: /index.xhtml
[0m[32m14:37:03,538 FINE  [jakarta.enterprise.resource.webcontainer.faces.application] (default task-1) Created component with component type of 'jakarta.faces.Output'
[0m[32m14:37:03,538 FINE  [jakarta.enterprise.resource.webcontainer.faces.facelets.tag.component] (default task-1) /index.xhtml @6,11 <h:head> Component[2059540600_7ac2185f] Created: jakarta.faces.component.UIOutput
[0m[32m14:37:03,539 FINE  [jakarta.enterprise.resource.webcontainer.faces.application] (default task-1) Created component with component type of 'jakarta.faces.OutputBody'
[0m[32m14:37:03,539 FINE  [jakarta.enterprise.resource.webcontainer.faces.facelets.tag.component] (default task-1) /index.xhtml @10,11 <h:body> Component[2059540600_7ac21839] Created: jakarta.faces.component.html.HtmlBody
[0m[32m14:37:03,539 FINE  [jakarta.enterprise.resource.webcontainer.faces.application] (default task-1) Created component with component type of 'jakarta.faces.HtmlPanelGroup'
[0m[32m14:37:03,539 FINE  [jakarta.enterprise.resource.webcontainer.faces.facelets.tag.component] (default task-1) /index.xhtml @13,60 <h:panelGroup> Component[2059540600_7ac21823] Created: jakarta.faces.component.html.HtmlPanelGroup
[0m[32m14:37:03,539 FINE  [jakarta.enterprise.resource.webcontainer.faces.application] (default task-1) Created component with component type of 'jakarta.faces.HtmlOutputText'
[0m[32m14:37:03,539 FINE  [jakarta.enterprise.resource.webcontainer.faces.facelets.tag.component] (default task-1) /index.xhtml @15,61 <h:outputText> Component[2059540600_7ac2180d] Created: jakarta.faces.component.html.HtmlOutputText
[0m[32m14:37:03,539 FINE  [jakarta.enterprise.resource.webcontainer.faces.application] (default task-1) Created component with component type of 'jakarta.faces.HtmlPanelGroup'
[0m[32m14:37:03,539 FINE  [jakarta.enterprise.resource.webcontainer.faces.facelets.tag.component] (default task-1) /index.xhtml @17,60 <h:panelGroup> Component[2059540600_7ac218fa] Created: jakarta.faces.component.html.HtmlPanelGroup
[0m[32m14:37:03,539 FINE  [jakarta.enterprise.resource.webcontainer.faces.application] (default task-1) Created component with component type of 'jakarta.faces.HtmlOutputText'
[0m[32m14:37:03,540 FINE  [jakarta.enterprise.resource.webcontainer.faces.facelets.tag.component] (default task-1) /index.xhtml @19,60 <h:outputText> Component[2059540600_7ac218e4] Created: jakarta.faces.component.html.HtmlOutputText
[0m[32m14:37:03,540 FINE  [jakarta.enterprise.resource.webcontainer.faces.application] (default task-1) Created component with component type of 'jakarta.faces.HtmlPanelGroup'
[0m[32m14:37:03,540 FINE  [jakarta.enterprise.resource.webcontainer.faces.facelets.tag.component] (default task-1) /index.xhtml @21,61 <h:panelGroup> Component[2059540600_7ac218d1] Created: jakarta.faces.component.html.HtmlPanelGroup
[0m[32m14:37:03,540 FINE  [jakarta.enterprise.resource.webcontainer.faces.application] (default task-1) Created component with component type of 'jakarta.faces.HtmlOutputText'
[0m[32m14:37:03,540 FINE  [jakarta.enterprise.resource.webcontainer.faces.facelets.tag.component] (default task-1) /index.xhtml @23,59 <h:outputText> Component[2059540600_7ac218bb] Created: jakarta.faces.component.html.HtmlOutputText
[0m[32m14:37:03,541 FINE  [jakarta.enterprise.resource.webcontainer.faces.application] (default task-1) Created component with component type of 'jakarta.faces.HtmlForm'
[0m[32m14:37:03,543 FINE  [jakarta.enterprise.resource.webcontainer.faces.facelets.tag.component] (default task-1) /index.xhtml @26,11 <h:form> Component[2059540600_7ac218a8] Created: jakarta.faces.component.html.HtmlForm
[0m[32m14:37:03,546 FINE  [jakarta.enterprise.resource.webcontainer.faces.application] (default task-1) Created component with component type of 'jakarta.faces.HtmlPanelGroup'
[0m[32m14:37:03,548 FINE  [jakarta.enterprise.resource.webcontainer.faces.facelets.tag.component] (default task-1) /index.xhtml @27,62 <h:panelGroup> Component[2059540600_7ac21892] Created: jakarta.faces.component.html.HtmlPanelGroup
[0m[32m14:37:03,548 FINE  [jakarta.enterprise.resource.webcontainer.faces.application] (default task-1) Created component with component type of 'jakarta.faces.HtmlCommandButton'
[0m[32m14:37:03,549 FINE  [jakarta.enterprise.resource.webcontainer.faces.facelets.tag.component] (default task-1) /index.xhtml @29,119 <h:commandButton> Component[2059540600_7ac2197c] Created: jakarta.faces.component.html.HtmlCommandButton
[0m[32m14:37:03,549 FINE  [jakarta.enterprise.resource.webcontainer.faces.application] (default task-1) Created component with component type of 'jakarta.faces.HtmlCommandButton'
[0m[32m14:37:03,549 FINE  [jakarta.enterprise.resource.webcontainer.faces.facelets.tag.component] (default task-1) /index.xhtml @30,112 <h:commandButton> Component[2059540600_7ac21969] Created: jakarta.faces.component.html.HtmlCommandButton
[0m[32m14:37:03,549 FINE  [jakarta.enterprise.resource.webcontainer.faces.application] (default task-1) Created component with component type of 'jakarta.faces.HtmlPanelGroup'
[0m[32m14:37:03,549 FINE  [jakarta.enterprise.resource.webcontainer.faces.facelets.tag.component] (default task-1) /index.xhtml @33,34 <h:panelGroup> Component[2059540600_7ac21966] Created: jakarta.faces.component.html.HtmlPanelGroup
[0m[32m14:37:03,550 FINE  [jakarta.enterprise.resource.webcontainer.faces.application] (default task-1) Created component with component type of 'jakarta.faces.HtmlCommandButton'
[0m[32m14:37:03,550 FINE  [jakarta.enterprise.resource.webcontainer.faces.facelets.tag.component] (default task-1) /index.xhtml @35,124 <h:commandButton> Component[2059540600_7ac21940] Created: jakarta.faces.component.html.HtmlCommandButton
[0m[32m14:37:03,550 FINE  [jakarta.enterprise.resource.webcontainer.faces.application] (default task-1) Created component with component type of 'jakarta.faces.HtmlCommandButton'
[0m[32m14:37:03,550 FINE  [jakarta.enterprise.resource.webcontainer.faces.facelets.tag.component] (default task-1) /index.xhtml @36,117 <h:commandButton> Component[2059540600_7ac2193d] Created: jakarta.faces.component.html.HtmlCommandButton
[0m[32m14:37:03,550 FINE  [jakarta.enterprise.resource.webcontainer.faces.application] (default task-1) Rendering View: /index.xhtml
[0m[32m14:37:03,551 FINE  [jakarta.enterprise.resource.webcontainer.faces.renderkit] (default task-1) component.getValue() returned jNQGv0URH6n513ivo2My-hSdtRiKOkU1NKyrSGui
[0m[32m14:37:03,551 FINE  [jakarta.enterprise.resource.webcontainer.faces.renderkit] (default task-1) Value to be rendered jNQGv0URH6n513ivo2My-hSdtRiKOkU1NKyrSGui
[0m[32m14:37:03,552 FINE  [jakarta.enterprise.resource.webcontainer.faces.renderkit] (default task-1) component.getValue() returned 80af7a46f92a
[0m[32m14:37:03,552 FINE  [jakarta.enterprise.resource.webcontainer.faces.renderkit] (default task-1) Value to be rendered 80af7a46f92a
[0m[32m14:37:03,552 FINE  [jakarta.enterprise.resource.webcontainer.faces.renderkit] (default task-1) component.getValue() returned 14
[0m[32m14:37:03,552 FINE  [jakarta.enterprise.resource.webcontainer.faces.application] (default task-1) Created converter of type 'jakarta.faces.convert.IntegerConverter'
[0m[32m14:37:03,552 FINE  [jakarta.enterprise.resource.webcontainer.faces.renderkit] (default task-1) Value to be rendered 14
[0m[32m14:37:03,553 FINE  [jakarta.enterprise.resource.webcontainer.faces.application] (default task-1) Begin writing marker for viewId /index.xhtml
[0m[32m14:37:03,553 FINE  [jakarta.enterprise.resource.webcontainer.faces.application] (default task-1) End writing marker for viewId /index.xhtml
[0m[32m14:37:03,553 FINE  [jakarta.faces.component] (default task-1) j_id1
[0m[32m14:37:03,554 FINE  [jakarta.enterprise.resource.webcontainer.faces.lifecycle] (default task-1) Exiting RenderResponsePhase
[0m[32m14:37:03,554 FINE  [jakarta.enterprise.resource.webcontainer.faces.timing] (default task-1)  [TIMING] - [16ms] : Execution time for phase (including any PhaseListeners) -> RENDER_RESPONSE 6
[0m[32m14:37:03,556 DEBUG [org.wildfly.clustering.marshalling.ByteBufferMarshalledValue] (default task-1) Marshalled size of java.util.concurrent.ConcurrentHashMap object = 1978 bytes
[0m[32m14:37:03,570 DEBUG [org.wildfly.clustering.marshalling.ByteBufferMarshalledValue] (default task-1) Marshalled size of org.wildfly.clustering.server.infinispan.scheduler.ScheduleWithTransientMetaDataCommand object = 49 bytes
[0m[32m14:37:04,502 DEBUG [io.undertow.request] (default I/O-3) Matched default handler path /index.xhtml
[0m[32m14:37:04,503 FINE  [jakarta.enterprise.resource.webcontainer.faces.lifecycle] (default task-1) execute(com.sun.faces.context.FacesContextImpl@77cc58a5)
[0m[32m14:37:04,503 FINE  [jakarta.enterprise.resource.webcontainer.faces.lifecycle] (default task-1) Entering RestoreViewPhase
[0m[32m14:37:04,504 FINE  [jakarta.enterprise.resource.webcontainer.faces.application] (default task-1) Created component with component type of 'jakarta.faces.ViewRoot'
[0m[32m14:37:04,504 FINE  [jakarta.enterprise.resource.webcontainer.faces.application] (default task-1) Created component with component type of 'jakarta.faces.ViewRoot'
[0m[32m14:37:04,504 FINE  [jakarta.enterprise.resource.webcontainer.faces.application] (default task-1) Created component with component type of 'jakarta.faces.ViewRoot'
[0m[32m14:37:04,504 FINE  [jakarta.enterprise.resource.webcontainer.faces.lifecycle] (default task-1) New request: creating a view for /index.xhtml
[0m[32m14:37:04,504 FINE  [jakarta.enterprise.resource.webcontainer.faces.application] (default task-1) Created component with component type of 'jakarta.faces.ViewRoot'
[0m[32m14:37:04,504 FINE  [jakarta.enterprise.resource.webcontainer.faces.application] (default task-1) Created new view for /index.xhtml
[0m[32m14:37:04,504 FINE  [jakarta.enterprise.resource.webcontainer.faces.application] (default task-1) Locale for this view as determined by calculateLocale en_US
[0m[32m14:37:04,504 FINE  [jakarta.enterprise.resource.webcontainer.faces.application] (default task-1) Created component with component type of 'jakarta.faces.ViewRoot'
[0m[32m14:37:04,505 FINE  [jakarta.enterprise.resource.webcontainer.faces.application] (default task-1) RenderKitId for this view as determined by calculateRenderKitId HTML_BASIC
[0m[32m14:37:04,505 FINE  [jakarta.enterprise.resource.webcontainer.faces.lifecycle] (default task-1) Exiting RestoreViewPhase
[0m[32m14:37:04,505 FINE  [jakarta.enterprise.resource.webcontainer.faces.timing] (default task-1)  [TIMING] - [2ms] : Execution time for phase (including any PhaseListeners) -> RESTORE_VIEW 1
[0m[32m14:37:04,505 FINE  [jakarta.enterprise.resource.webcontainer.faces.lifecycle] (default task-1) render(com.sun.faces.context.FacesContextImpl@77cc58a5)
[0m[32m14:37:04,506 FINE  [jakarta.enterprise.resource.webcontainer.faces.lifecycle] (default task-1) Entering RenderResponsePhase
[0m[32m14:37:04,506 FINE  [jakarta.enterprise.resource.webcontainer.faces.lifecycle] (default task-1) About to render view /index.xhtml
[0m[32m14:37:04,506 FINE  [jakarta.enterprise.resource.webcontainer.faces.application] (default task-1) Building View: /index.xhtml
[0m[32m14:37:04,506 FINE  [jakarta.enterprise.resource.webcontainer.faces.application] (default task-1) Created component with component type of 'jakarta.faces.Output'
[0m[32m14:37:04,506 FINE  [jakarta.enterprise.resource.webcontainer.faces.facelets.tag.component] (default task-1) /index.xhtml @6,11 <h:head> Component[2059540600_7ac2185f] Created: jakarta.faces.component.UIOutput
[0m[32m14:37:04,507 FINE  [jakarta.enterprise.resource.webcontainer.faces.application] (default task-1) Created component with component type of 'jakarta.faces.OutputBody'
[0m[32m14:37:04,507 FINE  [jakarta.enterprise.resource.webcontainer.faces.facelets.tag.component] (default task-1) /index.xhtml @10,11 <h:body> Component[2059540600_7ac21839] Created: jakarta.faces.component.html.HtmlBody
[0m[32m14:37:04,507 FINE  [jakarta.enterprise.resource.webcontainer.faces.application] (default task-1) Created component with component type of 'jakarta.faces.HtmlPanelGroup'
[0m[32m14:37:04,507 FINE  [jakarta.enterprise.resource.webcontainer.faces.facelets.tag.component] (default task-1) /index.xhtml @13,60 <h:panelGroup> Component[2059540600_7ac21823] Created: jakarta.faces.component.html.HtmlPanelGroup
[0m[32m14:37:04,507 FINE  [jakarta.enterprise.resource.webcontainer.faces.application] (default task-1) Created component with component type of 'jakarta.faces.HtmlOutputText'
[0m[32m14:37:04,507 FINE  [jakarta.enterprise.resource.webcontainer.faces.facelets.tag.component] (default task-1) /index.xhtml @15,61 <h:outputText> Component[2059540600_7ac2180d] Created: jakarta.faces.component.html.HtmlOutputText
[0m[32m14:37:04,507 FINE  [jakarta.enterprise.resource.webcontainer.faces.application] (default task-1) Created component with component type of 'jakarta.faces.HtmlPanelGroup'
[0m[32m14:37:04,507 FINE  [jakarta.enterprise.resource.webcontainer.faces.facelets.tag.component] (default task-1) /index.xhtml @17,60 <h:panelGroup> Component[2059540600_7ac218fa] Created: jakarta.faces.component.html.HtmlPanelGroup
[0m[32m14:37:04,507 FINE  [jakarta.enterprise.resource.webcontainer.faces.application] (default task-1) Created component with component type of 'jakarta.faces.HtmlOutputText'
[0m[32m14:37:04,507 FINE  [jakarta.enterprise.resource.webcontainer.faces.facelets.tag.component] (default task-1) /index.xhtml @19,60 <h:outputText> Component[2059540600_7ac218e4] Created: jakarta.faces.component.html.HtmlOutputText
[0m[32m14:37:04,508 FINE  [jakarta.enterprise.resource.webcontainer.faces.application] (default task-1) Created component with component type of 'jakarta.faces.HtmlPanelGroup'
[0m[32m14:37:04,508 FINE  [jakarta.enterprise.resource.webcontainer.faces.facelets.tag.component] (default task-1) /index.xhtml @21,61 <h:panelGroup> Component[2059540600_7ac218d1] Created: jakarta.faces.component.html.HtmlPanelGroup
[0m[32m14:37:04,508 FINE  [jakarta.enterprise.resource.webcontainer.faces.application] (default task-1) Created component with component type of 'jakarta.faces.HtmlOutputText'
[0m[32m14:37:04,508 FINE  [jakarta.enterprise.resource.webcontainer.faces.facelets.tag.component] (default task-1) /index.xhtml @23,59 <h:outputText> Component[2059540600_7ac218bb] Created: jakarta.faces.component.html.HtmlOutputText
[0m[32m14:37:04,508 FINE  [jakarta.enterprise.resource.webcontainer.faces.application] (default task-1) Created component with component type of 'jakarta.faces.HtmlForm'
[0m[32m14:37:04,508 FINE  [jakarta.enterprise.resource.webcontainer.faces.facelets.tag.component] (default task-1) /index.xhtml @26,11 <h:form> Component[2059540600_7ac218a8] Created: jakarta.faces.component.html.HtmlForm
[0m[32m14:37:04,508 FINE  [jakarta.enterprise.resource.webcontainer.faces.application] (default task-1) Created component with component type of 'jakarta.faces.HtmlPanelGroup'
[0m[32m14:37:04,508 FINE  [jakarta.enterprise.resource.webcontainer.faces.facelets.tag.component] (default task-1) /index.xhtml @27,62 <h:panelGroup> Component[2059540600_7ac21892] Created: jakarta.faces.component.html.HtmlPanelGroup
[0m[32m14:37:04,508 FINE  [jakarta.enterprise.resource.webcontainer.faces.application] (default task-1) Created component with component type of 'jakarta.faces.HtmlCommandButton'
[0m[32m14:37:04,509 FINE  [jakarta.enterprise.resource.webcontainer.faces.facelets.tag.component] (default task-1) /index.xhtml @29,119 <h:commandButton> Component[2059540600_7ac2197c] Created: jakarta.faces.component.html.HtmlCommandButton
[0m[32m14:37:04,509 FINE  [jakarta.enterprise.resource.webcontainer.faces.application] (default task-1) Created component with component type of 'jakarta.faces.HtmlCommandButton'
[0m[32m14:37:04,509 FINE  [jakarta.enterprise.resource.webcontainer.faces.facelets.tag.component] (default task-1) /index.xhtml @30,112 <h:commandButton> Component[2059540600_7ac21969] Created: jakarta.faces.component.html.HtmlCommandButton
[0m[32m14:37:04,509 FINE  [jakarta.enterprise.resource.webcontainer.faces.application] (default task-1) Created component with component type of 'jakarta.faces.HtmlPanelGroup'
[0m[32m14:37:04,509 FINE  [jakarta.enterprise.resource.webcontainer.faces.facelets.tag.component] (default task-1) /index.xhtml @33,34 <h:panelGroup> Component[2059540600_7ac21966] Created: jakarta.faces.component.html.HtmlPanelGroup
[0m[32m14:37:04,509 FINE  [jakarta.enterprise.resource.webcontainer.faces.application] (default task-1) Created component with component type of 'jakarta.faces.HtmlCommandButton'
[0m[32m14:37:04,509 FINE  [jakarta.enterprise.resource.webcontainer.faces.facelets.tag.component] (default task-1) /index.xhtml @35,124 <h:commandButton> Component[2059540600_7ac21940] Created: jakarta.faces.component.html.HtmlCommandButton
[0m[32m14:37:04,509 FINE  [jakarta.enterprise.resource.webcontainer.faces.application] (default task-1) Created component with component type of 'jakarta.faces.HtmlCommandButton'
[0m[32m14:37:04,509 FINE  [jakarta.enterprise.resource.webcontainer.faces.facelets.tag.component] (default task-1) /index.xhtml @36,117 <h:commandButton> Component[2059540600_7ac2193d] Created: jakarta.faces.component.html.HtmlCommandButton
[0m[32m14:37:04,510 FINE  [jakarta.enterprise.resource.webcontainer.faces.application] (default task-1) Rendering View: /index.xhtml
[0m[32m14:37:04,512 DEBUG [org.wildfly.clustering.marshalling.ByteBufferMarshalledValue] (default task-1) Marshalled size of java.util.concurrent.ConcurrentHashMap object = 588 bytes
[0m[32m14:37:04,516 FINE  [jakarta.enterprise.resource.webcontainer.faces.renderkit] (default task-1) component.getValue() returned QXSGTyF5Iv8ZkrZlR3LW9b5LN0Oqyfnysn4eMfAK
[0m[32m14:37:04,516 FINE  [jakarta.enterprise.resource.webcontainer.faces.renderkit] (default task-1) Value to be rendered QXSGTyF5Iv8ZkrZlR3LW9b5LN0Oqyfnysn4eMfAK
[0m[32m14:37:04,516 FINE  [jakarta.enterprise.resource.webcontainer.faces.renderkit] (default task-1) component.getValue() returned 80af7a46f92a
[0m[32m14:37:04,516 FINE  [jakarta.enterprise.resource.webcontainer.faces.renderkit] (default task-1) Value to be rendered 80af7a46f92a
[0m[32m14:37:04,517 FINE  [jakarta.enterprise.resource.webcontainer.faces.renderkit] (default task-1) component.getValue() returned 0
[0m[32m14:37:04,517 FINE  [jakarta.enterprise.resource.webcontainer.faces.application] (default task-1) Created converter of type 'jakarta.faces.convert.IntegerConverter'
[0m[32m14:37:04,517 FINE  [jakarta.enterprise.resource.webcontainer.faces.renderkit] (default task-1) Value to be rendered 0
[0m[32m14:37:04,518 FINE  [jakarta.enterprise.resource.webcontainer.faces.application] (default task-1) Begin writing marker for viewId /index.xhtml
[0m[32m14:37:04,519 FINE  [jakarta.enterprise.resource.webcontainer.faces.application] (default task-1) End writing marker for viewId /index.xhtml
[0m[32m14:37:04,519 FINE  [jakarta.faces.component] (default task-1) j_id1
[0m[32m14:37:04,519 FINE  [jakarta.enterprise.resource.webcontainer.faces.lifecycle] (default task-1) Exiting RenderResponsePhase
[0m[32m14:37:04,519 FINE  [jakarta.enterprise.resource.webcontainer.faces.timing] (default task-1)  [TIMING] - [13ms] : Execution time for phase (including any PhaseListeners) -> RENDER_RESPONSE 6
[0m[32m14:37:04,521 DEBUG [io.undertow.request.io] (default I/O-3) UT005013: An IOException occurred: java.net.SocketException: Connection reset
	at java.base/sun.nio.ch.SocketChannelImpl.throwConnectionReset(SocketChannelImpl.java:401)
	at java.base/sun.nio.ch.SocketChannelImpl.read(SocketChannelImpl.java:434)
	at org.jboss.xnio.nio@3.8.16.Final-redhat-00001//org.xnio.nio.NioSocketConduit.read(NioSocketConduit.java:289)
	at org.jboss.xnio@3.8.16.Final-redhat-00001//org.xnio.conduits.AbstractStreamSourceConduit.read(AbstractStreamSourceConduit.java:51)
	at io.undertow.core@2.3.23.SP3-redhat-00001//io.undertow.conduits.ReadTimeoutStreamSourceConduit.read(ReadTimeoutStreamSourceConduit.java:181)
	at org.jboss.xnio@3.8.16.Final-redhat-00001//org.xnio.conduits.AbstractStreamSourceConduit.read(AbstractStreamSourceConduit.java:51)
	at io.undertow.core@2.3.23.SP3-redhat-00001//io.undertow.conduits.BytesReceivedStreamSourceConduit.read(BytesReceivedStreamSourceConduit.java:67)
	at org.jboss.xnio@3.8.16.Final-redhat-00001//org.xnio.conduits.ConduitStreamSourceChannel.read(ConduitStreamSourceChannel.java:127)
	at io.undertow.core@2.3.23.SP3-redhat-00001//io.undertow.util.ConnectionUtils$4.handleEvent(ConnectionUtils.java:110)
	at io.undertow.core@2.3.23.SP3-redhat-00001//io.undertow.util.ConnectionUtils$4.handleEvent(ConnectionUtils.java:106)
	at org.jboss.xnio@3.8.16.Final-redhat-00001//org.xnio.ChannelListeners.invokeChannelListener(ChannelListeners.java:92)
	at org.jboss.xnio@3.8.16.Final-redhat-00001//org.xnio.conduits.ReadReadyHandler$ChannelListenerHandler.readReady(ReadReadyHandler.java:66)
	at io.undertow.core@2.3.23.SP3-redhat-00001//io.undertow.conduits.ReadTimeoutStreamSourceConduit$2.readReady(ReadTimeoutStreamSourceConduit.java:106)
	at org.jboss.xnio.nio@3.8.16.Final-redhat-00001//org.xnio.nio.NioSocketConduit.handleReady(NioSocketConduit.java:89)
	at org.jboss.xnio.nio@3.8.16.Final-redhat-00001//org.xnio.nio.WorkerThread.run(WorkerThread.java:603)

[0m[32m14:37:04,522 DEBUG [org.wildfly.clustering.marshalling.ByteBufferMarshalledValue] (default task-1) Marshalled size of java.util.concurrent.ConcurrentHashMap object = 1884 bytes
[0m[32m14:37:05,223 DEBUG [io.undertow.request] (default I/O-7) Matched default handler path /index.xhtml
[0m[32m14:37:05,224 DEBUG [org.wildfly.clustering.marshalling.ByteBufferMarshalledValue] (default task-1) Marshalled size of org.wildfly.clustering.server.infinispan.scheduler.CancelCommand object = 49 bytes
[0m[32m14:37:05,228 FINE  [jakarta.enterprise.resource.webcontainer.faces.lifecycle] (default task-1) execute(com.sun.faces.context.FacesContextImpl@41d2f72d)
[0m[32m14:37:05,228 FINE  [jakarta.enterprise.resource.webcontainer.faces.lifecycle] (default task-1) Entering RestoreViewPhase
[0m[32m14:37:05,229 FINE  [jakarta.enterprise.resource.webcontainer.faces.application] (default task-1) Created component with component type of 'jakarta.faces.ViewRoot'
[0m[32m14:37:05,229 FINE  [jakarta.enterprise.resource.webcontainer.faces.application] (default task-1) Created component with component type of 'jakarta.faces.ViewRoot'
[0m[32m14:37:05,229 FINE  [jakarta.enterprise.resource.webcontainer.faces.application] (default task-1) Created component with component type of 'jakarta.faces.ViewRoot'
[0m[32m14:37:05,229 FINE  [jakarta.enterprise.resource.webcontainer.faces.application] (default task-1) Created component with component type of 'jakarta.faces.ViewRoot'
[0m[32m14:37:05,229 FINE  [jakarta.enterprise.resource.webcontainer.faces.application] (default task-1) Created component with component type of 'jakarta.faces.ViewRoot'
[0m[32m14:37:05,230 FINE  [jakarta.enterprise.resource.webcontainer.faces.application] (default task-1) Created component with component type of 'jakarta.faces.ViewRoot'
[0m[32m14:37:05,230 FINE  [jakarta.enterprise.resource.webcontainer.faces.application] (default task-1) Created new view for /index.xhtml
[0m[32m14:37:05,230 FINE  [jakarta.enterprise.resource.webcontainer.faces.application] (default task-1) Locale for this view as determined by calculateLocale en_US
[0m[32m14:37:05,230 FINE  [jakarta.enterprise.resource.webcontainer.faces.application] (default task-1) Created component with component type of 'jakarta.faces.ViewRoot'
[0m[32m14:37:05,230 FINE  [jakarta.enterprise.resource.webcontainer.faces.application] (default task-1) RenderKitId for this view as determined by calculateRenderKitId HTML_BASIC
[0m[32m14:37:05,230 FINE  [jakarta.enterprise.resource.webcontainer.faces.application] (default task-1) Building View: /index.xhtml
[0m[32m14:37:05,230 FINE  [jakarta.enterprise.resource.webcontainer.faces.application] (default task-1) Created component with component type of 'jakarta.faces.Output'
[0m[32m14:37:05,231 FINE  [jakarta.enterprise.resource.webcontainer.faces.facelets.tag.component] (default task-1) /index.xhtml @6,11 <h:head> Component[2059540600_7ac2185f] Created: jakarta.faces.component.UIOutput
[0m[32m14:37:05,231 FINE  [jakarta.enterprise.resource.webcontainer.faces.application] (default task-1) Created component with component type of 'jakarta.faces.OutputBody'
[0m[32m14:37:05,231 FINE  [jakarta.enterprise.resource.webcontainer.faces.facelets.tag.component] (default task-1) /index.xhtml @10,11 <h:body> Component[2059540600_7ac21839] Created: jakarta.faces.component.html.HtmlBody
[0m[32m14:37:05,231 FINE  [jakarta.enterprise.resource.webcontainer.faces.application] (default task-1) Created component with component type of 'jakarta.faces.HtmlPanelGroup'
[0m[32m14:37:05,231 FINE  [jakarta.enterprise.resource.webcontainer.faces.facelets.tag.component] (default task-1) /index.xhtml @13,60 <h:panelGroup> Component[2059540600_7ac21823] Created: jakarta.faces.component.html.HtmlPanelGroup
[0m[32m14:37:05,231 FINE  [jakarta.enterprise.resource.webcontainer.faces.application] (default task-1) Created component with component type of 'jakarta.faces.HtmlOutputText'
[0m[32m14:37:05,231 FINE  [jakarta.enterprise.resource.webcontainer.faces.facelets.tag.component] (default task-1) /index.xhtml @15,61 <h:outputText> Component[2059540600_7ac2180d] Created: jakarta.faces.component.html.HtmlOutputText
[0m[32m14:37:05,231 FINE  [jakarta.enterprise.resource.webcontainer.faces.application] (default task-1) Created component with component type of 'jakarta.faces.HtmlPanelGroup'
[0m[32m14:37:05,231 FINE  [jakarta.enterprise.resource.webcontainer.faces.facelets.tag.component] (default task-1) /index.xhtml @17,60 <h:panelGroup> Component[2059540600_7ac218fa] Created: jakarta.faces.component.html.HtmlPanelGroup
[0m[32m14:37:05,232 FINE  [jakarta.enterprise.resource.webcontainer.faces.application] (default task-1) Created component with component type of 'jakarta.faces.HtmlOutputText'
[0m[32m14:37:05,232 FINE  [jakarta.enterprise.resource.webcontainer.faces.facelets.tag.component] (default task-1) /index.xhtml @19,60 <h:outputText> Component[2059540600_7ac218e4] Created: jakarta.faces.component.html.HtmlOutputText
[0m[32m14:37:05,232 FINE  [jakarta.enterprise.resource.webcontainer.faces.application] (default task-1) Created component with component type of 'jakarta.faces.HtmlPanelGroup'
[0m[32m14:37:05,232 FINE  [jakarta.enterprise.resource.webcontainer.faces.facelets.tag.component] (default task-1) /index.xhtml @21,61 <h:panelGroup> Component[2059540600_7ac218d1] Created: jakarta.faces.component.html.HtmlPanelGroup
[0m[32m14:37:05,232 FINE  [jakarta.enterprise.resource.webcontainer.faces.application] (default task-1) Created component with component type of 'jakarta.faces.HtmlOutputText'
[0m[32m14:37:05,232 FINE  [jakarta.enterprise.resource.webcontainer.faces.facelets.tag.component] (default task-1) /index.xhtml @23,59 <h:outputText> Component[2059540600_7ac218bb] Created: jakarta.faces.component.html.HtmlOutputText
[0m[32m14:37:05,232 FINE  [jakarta.enterprise.resource.webcontainer.faces.application] (default task-1) Created component with component type of 'jakarta.faces.HtmlForm'
[0m[32m14:37:05,232 FINE  [jakarta.enterprise.resource.webcontainer.faces.facelets.tag.component] (default task-1) /index.xhtml @26,11 <h:form> Component[2059540600_7ac218a8] Created: jakarta.faces.component.html.HtmlForm
[0m[32m14:37:05,232 FINE  [jakarta.enterprise.resource.webcontainer.faces.application] (default task-1) Created component with component type of 'jakarta.faces.HtmlPanelGroup'
[0m[32m14:37:05,232 FINE  [jakarta.enterprise.resource.webcontainer.faces.facelets.tag.component] (default task-1) /index.xhtml @27,62 <h:panelGroup> Component[2059540600_7ac21892] Created: jakarta.faces.component.html.HtmlPanelGroup
[0m[32m14:37:05,233 FINE  [jakarta.enterprise.resource.webcontainer.faces.application] (default task-1) Created component with component type of 'jakarta.faces.HtmlCommandButton'
[0m[32m14:37:05,233 FINE  [jakarta.enterprise.resource.webcontainer.faces.facelets.tag.component] (default task-1) /index.xhtml @29,119 <h:commandButton> Component[2059540600_7ac2197c] Created: jakarta.faces.component.html.HtmlCommandButton
[0m[32m14:37:05,233 FINE  [jakarta.enterprise.resource.webcontainer.faces.application] (default task-1) Created component with component type of 'jakarta.faces.HtmlCommandButton'
[0m[32m14:37:05,233 FINE  [jakarta.enterprise.resource.webcontainer.faces.facelets.tag.component] (default task-1) /index.xhtml @30,112 <h:commandButton> Component[2059540600_7ac21969] Created: jakarta.faces.component.html.HtmlCommandButton
[0m[32m14:37:05,233 FINE  [jakarta.enterprise.resource.webcontainer.faces.application] (default task-1) Created component with component type of 'jakarta.faces.HtmlPanelGroup'
[0m[32m14:37:05,233 FINE  [jakarta.enterprise.resource.webcontainer.faces.facelets.tag.component] (default task-1) /index.xhtml @33,34 <h:panelGroup> Component[2059540600_7ac21966] Created: jakarta.faces.component.html.HtmlPanelGroup
[0m[32m14:37:05,233 FINE  [jakarta.enterprise.resource.webcontainer.faces.application] (default task-1) Created component with component type of 'jakarta.faces.HtmlCommandButton'
[0m[32m14:37:05,233 FINE  [jakarta.enterprise.resource.webcontainer.faces.facelets.tag.component] (default task-1) /index.xhtml @35,124 <h:commandButton> Component[2059540600_7ac21940] Created: jakarta.faces.component.html.HtmlCommandButton
[0m[32m14:37:05,233 FINE  [jakarta.enterprise.resource.webcontainer.faces.application] (default task-1) Created component with component type of 'jakarta.faces.HtmlCommandButton'
[0m[32m14:37:05,233 FINE  [jakarta.enterprise.resource.webcontainer.faces.facelets.tag.component] (default task-1) /index.xhtml @36,117 <h:commandButton> Component[2059540600_7ac2193d] Created: jakarta.faces.component.html.HtmlCommandButton
[0m[32m14:37:05,234 FINE  [jakarta.enterprise.resource.webcontainer.faces.lifecycle] (default task-1) Postback: restored view for /index.xhtml
[0m[32m14:37:05,234 FINE  [jakarta.enterprise.resource.webcontainer.faces.lifecycle] (default task-1) Exiting RestoreViewPhase
[0m[32m14:37:05,234 FINE  [jakarta.enterprise.resource.webcontainer.faces.timing] (default task-1)  [TIMING] - [6ms] : Execution time for phase (including any PhaseListeners) -> RESTORE_VIEW 1
[0m[32m14:37:05,234 FINE  [jakarta.enterprise.resource.webcontainer.faces.lifecycle] (default task-1) Entering ApplyRequestValuesPhase
[0m[32m14:37:05,234 FINE  [jakarta.enterprise.resource.webcontainer.faces.renderkit] (default task-1) No decoding necessary since the component j_idt10 is not an instance or a sub class of UIInput
[0m[32m14:37:05,234 FINE  [jakarta.enterprise.resource.webcontainer.faces.renderkit] (default task-1) No decoding necessary since the component j_idt6 is not an instance or a sub class of UIInput
[0m[32m14:37:05,234 FINE  [jakarta.enterprise.resource.webcontainer.faces.renderkit] (default task-1) No decoding necessary since the component j_idt13 is not an instance or a sub class of UIInput
[0m[32m14:37:05,234 FINE  [jakarta.enterprise.resource.webcontainer.faces.renderkit] (default task-1) No decoding necessary since the component j_idt11 is not an instance or a sub class of UIInput
[0m[32m14:37:05,234 FINE  [jakarta.enterprise.resource.webcontainer.faces.renderkit] (default task-1) No decoding necessary since the component j_idt16 is not an instance or a sub class of UIInput
[0m[32m14:37:05,235 FINE  [jakarta.enterprise.resource.webcontainer.faces.renderkit] (default task-1) No decoding necessary since the component j_idt14 is not an instance or a sub class of UIInput
[0m[32m14:37:05,235 FINE  [jakarta.enterprise.resource.webcontainer.faces.renderkit] (default task-1) UIForm with client ID j_idt17, submitted
[0m[32m14:37:05,235 FINE  [jakarta.enterprise.resource.webcontainer.faces.renderkit] (default task-1) This command resulted in form submission  ActionEvent queued.
[0m[32m14:37:05,235 FINE  [jakarta.enterprise.resource.webcontainer.faces.renderkit] (default task-1) End decoding component j_idt22
[0m[32m14:37:05,235 FINE  [jakarta.enterprise.resource.webcontainer.faces.renderkit] (default task-1) No decoding necessary since the component j_idt18 is not an instance or a sub class of UIInput
[0m[32m14:37:05,235 FINE  [jakarta.enterprise.resource.webcontainer.faces.renderkit] (default task-1) No decoding necessary since the component j_idt23 is not an instance or a sub class of UIInput
[0m[32m14:37:05,235 FINE  [jakarta.enterprise.resource.webcontainer.faces.lifecycle] (default task-1) Exiting ApplyRequestValuesPhase
[0m[32m14:37:05,235 FINE  [jakarta.enterprise.resource.webcontainer.faces.timing] (default task-1)  [TIMING] - [1ms] : Execution time for phase (including any PhaseListeners) -> APPLY_REQUEST_VALUES 2
[0m[32m14:37:05,235 FINE  [jakarta.enterprise.resource.webcontainer.faces.lifecycle] (default task-1) Entering ProcessValidationsPhase
[0m[32m14:37:05,236 FINE  [jakarta.enterprise.resource.webcontainer.faces.lifecycle] (default task-1) Exiting ProcessValidationsPhase
[0m[32m14:37:05,236 FINE  [jakarta.enterprise.resource.webcontainer.faces.timing] (default task-1)  [TIMING] - [1ms] : Execution time for phase (including any PhaseListeners) -> PROCESS_VALIDATIONS 3
[0m[32m14:37:05,236 FINE  [jakarta.enterprise.resource.webcontainer.faces.lifecycle] (default task-1) Entering UpdateModelValuesPhase
[0m[32m14:37:05,236 FINE  [jakarta.enterprise.resource.webcontainer.faces.lifecycle] (default task-1) Exiting UpdateModelValuesPhase
[0m[32m14:37:05,236 FINE  [jakarta.enterprise.resource.webcontainer.faces.timing] (default task-1)  [TIMING] - [0ms] : Execution time for phase (including any PhaseListeners) -> UPDATE_MODEL_VALUES 4
[0m[32m14:37:05,236 FINE  [jakarta.enterprise.resource.webcontainer.faces.lifecycle] (default task-1) Entering InvokeApplicationsPhase
[0m[32m14:37:05,236 FINE  [jakarta.enterprise.resource.webcontainer.faces.application] (default task-1) processAction(j_idt22)
[0m[32m14:37:05,237 FINE  [jakarta.enterprise.resource.webcontainer.faces.application] (default task-1) Redirecting to path /index.xhtml for outcome index.xhtml?faces-redirect=trueand viewId /index.xhtml
[0m[32m14:37:05,241 DEBUG [org.wildfly.clustering.marshalling.ByteBufferMarshalledValue] (default task-1) Marshalled size of java.util.concurrent.ConcurrentHashMap object = 1978 bytes
[0m[32m14:37:05,251 DEBUG [org.wildfly.clustering.marshalling.ByteBufferMarshalledValue] (default task-1) Marshalled size of org.wildfly.clustering.server.infinispan.scheduler.ScheduleWithTransientMetaDataCommand object = 49 bytes
[0m[32m14:37:05,258 FINE  [jakarta.enterprise.resource.webcontainer.faces.application] (default task-1) Response complete for /index.xhtml
[0m[32m14:37:05,259 FINE  [jakarta.enterprise.resource.webcontainer.faces.lifecycle] (default task-1) Exiting InvokeApplicationsPhase
[0m[32m14:37:05,259 FINE  [jakarta.enterprise.resource.webcontainer.faces.timing] (default task-1)  [TIMING] - [23ms] : Execution time for phase (including any PhaseListeners) -> INVOKE_APPLICATION 5
[0m[32m14:37:05,259 FINE  [jakarta.enterprise.resource.webcontainer.faces.lifecycle] (default task-1) render(com.sun.faces.context.FacesContextImpl@41d2f72d)
[0m[32m14:37:05,260 DEBUG [org.wildfly.clustering.marshalling.ByteBufferMarshalledValue] (default task-1) Marshalled size of org.wildfly.clustering.server.infinispan.scheduler.CancelCommand object = 49 bytes
[0m[32m14:37:05,264 DEBUG [org.wildfly.clustering.marshalling.ByteBufferMarshalledValue] (default task-1) Marshalled size of java.util.concurrent.ConcurrentHashMap object = 1978 bytes
[0m[32m14:37:05,303 DEBUG [io.undertow.request] (default I/O-7) Matched default handler path /.well-known/appspecific/com.chrome.devtools.json
[0m[32m14:37:05,314 DEBUG [org.wildfly.clustering.marshalling.ByteBufferMarshalledValue] (default task-1) Marshalled size of org.wildfly.clustering.server.infinispan.scheduler.ScheduleWithTransientMetaDataCommand object = 49 bytes
[0m[32m14:37:05,318 DEBUG [org.wildfly.clustering.marshalling.ByteBufferMarshalledValue] (default task-2) Marshalled size of org.wildfly.clustering.server.infinispan.scheduler.CancelCommand object = 49 bytes
[0m[32m14:37:05,326 DEBUG [org.wildfly.clustering.marshalling.ByteBufferMarshalledValue] (default task-2) Marshalled size of java.util.concurrent.ConcurrentHashMap object = 1978 bytes
[0m[32m14:37:05,335 DEBUG [org.wildfly.clustering.marshalling.ByteBufferMarshalledValue] (default task-2) Marshalled size of org.wildfly.clustering.server.infinispan.scheduler.ScheduleWithTransientMetaDataCommand object = 49 bytes
[0m[32m14:37:06,524 DEBUG [io.undertow.request] (default I/O-2) Matched default handler path /index.xhtml
[0m[32m14:37:06,526 FINE  [jakarta.enterprise.resource.webcontainer.faces.lifecycle] (default task-2) execute(com.sun.faces.context.FacesContextImpl@6ad8bdde)
[0m[32m14:37:06,526 FINE  [jakarta.enterprise.resource.webcontainer.faces.lifecycle] (default task-2) Entering RestoreViewPhase
[0m[32m14:37:06,527 FINE  [jakarta.enterprise.resource.webcontainer.faces.application] (default task-2) Created component with component type of 'jakarta.faces.ViewRoot'
[0m[32m14:37:06,527 FINE  [jakarta.enterprise.resource.webcontainer.faces.application] (default task-2) Created component with component type of 'jakarta.faces.ViewRoot'
[0m[32m14:37:06,528 FINE  [jakarta.enterprise.resource.webcontainer.faces.application] (default task-2) Created component with component type of 'jakarta.faces.ViewRoot'
[0m[32m14:37:06,528 FINE  [jakarta.enterprise.resource.webcontainer.faces.lifecycle] (default task-2) New request: creating a view for /index.xhtml
[0m[32m14:37:06,528 FINE  [jakarta.enterprise.resource.webcontainer.faces.application] (default task-2) Created component with component type of 'jakarta.faces.ViewRoot'
[0m[32m14:37:06,529 FINE  [jakarta.enterprise.resource.webcontainer.faces.application] (default task-2) Created new view for /index.xhtml
[0m[32m14:37:06,529 FINE  [jakarta.enterprise.resource.webcontainer.faces.application] (default task-2) Locale for this view as determined by calculateLocale en_US
[0m[32m14:37:06,529 FINE  [jakarta.enterprise.resource.webcontainer.faces.application] (default task-2) Created component with component type of 'jakarta.faces.ViewRoot'
[0m[32m14:37:06,529 FINE  [jakarta.enterprise.resource.webcontainer.faces.application] (default task-2) RenderKitId for this view as determined by calculateRenderKitId HTML_BASIC
[0m[32m14:37:06,533 FINE  [jakarta.enterprise.resource.webcontainer.faces.lifecycle] (default task-2) Exiting RestoreViewPhase
[0m[32m14:37:06,533 FINE  [jakarta.enterprise.resource.webcontainer.faces.timing] (default task-2)  [TIMING] - [7ms] : Execution time for phase (including any PhaseListeners) -> RESTORE_VIEW 1
[0m[32m14:37:06,534 FINE  [jakarta.enterprise.resource.webcontainer.faces.lifecycle] (default task-2) render(com.sun.faces.context.FacesContextImpl@6ad8bdde)
[0m[32m14:37:06,534 FINE  [jakarta.enterprise.resource.webcontainer.faces.lifecycle] (default task-2) Entering RenderResponsePhase
[0m[32m14:37:06,534 FINE  [jakarta.enterprise.resource.webcontainer.faces.lifecycle] (default task-2) About to render view /index.xhtml
[0m[32m14:37:06,534 FINE  [jakarta.enterprise.resource.webcontainer.faces.application] (default task-2) Building View: /index.xhtml
[0m[32m14:37:06,535 FINE  [jakarta.enterprise.resource.webcontainer.faces.application] (default task-2) Created component with component type of 'jakarta.faces.Output'
[0m[32m14:37:06,535 FINE  [jakarta.enterprise.resource.webcontainer.faces.facelets.tag.component] (default task-2) /index.xhtml @6,11 <h:head> Component[2059540600_7ac2185f] Created: jakarta.faces.component.UIOutput
[0m[32m14:37:06,536 FINE  [jakarta.enterprise.resource.webcontainer.faces.application] (default task-2) Created component with component type of 'jakarta.faces.OutputBody'
[0m[32m14:37:06,544 FINE  [jakarta.enterprise.resource.webcontainer.faces.facelets.tag.component] (default task-2) /index.xhtml @10,11 <h:body> Component[2059540600_7ac21839] Created: jakarta.faces.component.html.HtmlBody
[0m[32m14:37:06,545 FINE  [jakarta.enterprise.resource.webcontainer.faces.application] (default task-2) Created component with component type of 'jakarta.faces.HtmlPanelGroup'
[0m[32m14:37:06,545 FINE  [jakarta.enterprise.resource.webcontainer.faces.facelets.tag.component] (default task-2) /index.xhtml @13,60 <h:panelGroup> Component[2059540600_7ac21823] Created: jakarta.faces.component.html.HtmlPanelGroup
[0m[32m14:37:06,545 FINE  [jakarta.enterprise.resource.webcontainer.faces.application] (default task-2) Created component with component type of 'jakarta.faces.HtmlOutputText'
[0m[32m14:37:06,545 FINE  [jakarta.enterprise.resource.webcontainer.faces.facelets.tag.component] (default task-2) /index.xhtml @15,61 <h:outputText> Component[2059540600_7ac2180d] Created: jakarta.faces.component.html.HtmlOutputText
[0m[32m14:37:06,545 FINE  [jakarta.enterprise.resource.webcontainer.faces.application] (default task-2) Created component with component type of 'jakarta.faces.HtmlPanelGroup'
[0m[32m14:37:06,545 FINE  [jakarta.enterprise.resource.webcontainer.faces.facelets.tag.component] (default task-2) /index.xhtml @17,60 <h:panelGroup> Component[2059540600_7ac218fa] Created: jakarta.faces.component.html.HtmlPanelGroup
[0m[32m14:37:06,546 FINE  [jakarta.enterprise.resource.webcontainer.faces.application] (default task-2) Created component with component type of 'jakarta.faces.HtmlOutputText'
[0m[32m14:37:06,546 FINE  [jakarta.enterprise.resource.webcontainer.faces.facelets.tag.component] (default task-2) /index.xhtml @19,60 <h:outputText> Component[2059540600_7ac218e4] Created: jakarta.faces.component.html.HtmlOutputText
[0m[32m14:37:06,547 FINE  [jakarta.enterprise.resource.webcontainer.faces.application] (default task-2) Created component with component type of 'jakarta.faces.HtmlPanelGroup'
[0m[32m14:37:06,547 FINE  [jakarta.enterprise.resource.webcontainer.faces.facelets.tag.component] (default task-2) /index.xhtml @21,61 <h:panelGroup> Component[2059540600_7ac218d1] Created: jakarta.faces.component.html.HtmlPanelGroup
[0m[32m14:37:06,547 FINE  [jakarta.enterprise.resource.webcontainer.faces.application] (default task-2) Created component with component type of 'jakarta.faces.HtmlOutputText'
[0m[32m14:37:06,547 FINE  [jakarta.enterprise.resource.webcontainer.faces.facelets.tag.component] (default task-2) /index.xhtml @23,59 <h:outputText> Component[2059540600_7ac218bb] Created: jakarta.faces.component.html.HtmlOutputText
[0m[32m14:37:06,547 FINE  [jakarta.enterprise.resource.webcontainer.faces.application] (default task-2) Created component with component type of 'jakarta.faces.HtmlForm'
[0m[32m14:37:06,547 FINE  [jakarta.enterprise.resource.webcontainer.faces.facelets.tag.component] (default task-2) /index.xhtml @26,11 <h:form> Component[2059540600_7ac218a8] Created: jakarta.faces.component.html.HtmlForm
[0m[32m14:37:06,547 FINE  [jakarta.enterprise.resource.webcontainer.faces.application] (default task-2) Created component with component type of 'jakarta.faces.HtmlPanelGroup'
[0m[32m14:37:06,547 FINE  [jakarta.enterprise.resource.webcontainer.faces.facelets.tag.component] (default task-2) /index.xhtml @27,62 <h:panelGroup> Component[2059540600_7ac21892] Created: jakarta.faces.component.html.HtmlPanelGroup
[0m[32m14:37:06,548 FINE  [jakarta.enterprise.resource.webcontainer.faces.application] (default task-2) Created component with component type of 'jakarta.faces.HtmlCommandButton'
[0m[32m14:37:06,548 FINE  [jakarta.enterprise.resource.webcontainer.faces.facelets.tag.component] (default task-2) /index.xhtml @29,119 <h:commandButton> Component[2059540600_7ac2197c] Created: jakarta.faces.component.html.HtmlCommandButton
[0m[32m14:37:06,548 FINE  [jakarta.enterprise.resource.webcontainer.faces.application] (default task-2) Created component with component type of 'jakarta.faces.HtmlCommandButton'
[0m[32m14:37:06,548 FINE  [jakarta.enterprise.resource.webcontainer.faces.facelets.tag.component] (default task-2) /index.xhtml @30,112 <h:commandButton> Component[2059540600_7ac21969] Created: jakarta.faces.component.html.HtmlCommandButton
[0m[32m14:37:06,548 FINE  [jakarta.enterprise.resource.webcontainer.faces.application] (default task-2) Created component with component type of 'jakarta.faces.HtmlPanelGroup'
[0m[32m14:37:06,548 FINE  [jakarta.enterprise.resource.webcontainer.faces.facelets.tag.component] (default task-2) /index.xhtml @33,34 <h:panelGroup> Component[2059540600_7ac21966] Created: jakarta.faces.component.html.HtmlPanelGroup
[0m[32m14:37:06,549 FINE  [jakarta.enterprise.resource.webcontainer.faces.application] (default task-2) Created component with component type of 'jakarta.faces.HtmlCommandButton'
[0m[32m14:37:06,549 FINE  [jakarta.enterprise.resource.webcontainer.faces.facelets.tag.component] (default task-2) /index.xhtml @35,124 <h:commandButton> Component[2059540600_7ac21940] Created: jakarta.faces.component.html.HtmlCommandButton
[0m[32m14:37:06,549 FINE  [jakarta.enterprise.resource.webcontainer.faces.application] (default task-2) Created component with component type of 'jakarta.faces.HtmlCommandButton'
[0m[32m14:37:06,549 FINE  [jakarta.enterprise.resource.webcontainer.faces.facelets.tag.component] (default task-2) /index.xhtml @36,117 <h:commandButton> Component[2059540600_7ac2193d] Created: jakarta.faces.component.html.HtmlCommandButton
[0m[32m14:37:06,550 FINE  [jakarta.enterprise.resource.webcontainer.faces.application] (default task-2) Rendering View: /index.xhtml
[0m[32m14:37:06,555 DEBUG [org.wildfly.clustering.marshalling.ByteBufferMarshalledValue] (default task-2) Marshalled size of java.util.concurrent.ConcurrentHashMap object = 588 bytes
[0m[32m14:37:06,566 FINE  [jakarta.enterprise.resource.webcontainer.faces.renderkit] (default task-2) component.getValue() returned LjkwlrO3gTMW0o_bmtHtCUwSzWnVMU6ONa6NPhy2
[0m[32m14:37:06,566 FINE  [jakarta.enterprise.resource.webcontainer.faces.renderkit] (default task-2) Value to be rendered LjkwlrO3gTMW0o_bmtHtCUwSzWnVMU6ONa6NPhy2
[0m[32m14:37:06,567 FINE  [jakarta.enterprise.resource.webcontainer.faces.renderkit] (default task-2) component.getValue() returned 80af7a46f92a
[0m[32m14:37:06,567 FINE  [jakarta.enterprise.resource.webcontainer.faces.renderkit] (default task-2) Value to be rendered 80af7a46f92a
[0m[32m14:37:06,567 FINE  [jakarta.enterprise.resource.webcontainer.faces.renderkit] (default task-2) component.getValue() returned 0
[0m[32m14:37:06,568 FINE  [jakarta.enterprise.resource.webcontainer.faces.application] (default task-2) Created converter of type 'jakarta.faces.convert.IntegerConverter'
[0m[32m14:37:06,568 FINE  [jakarta.enterprise.resource.webcontainer.faces.renderkit] (default task-2) Value to be rendered 0
[0m[32m14:37:06,569 FINE  [jakarta.enterprise.resource.webcontainer.faces.application] (default task-2) Begin writing marker for viewId /index.xhtml
[0m[32m14:37:06,570 FINE  [jakarta.enterprise.resource.webcontainer.faces.application] (default task-2) End writing marker for viewId /index.xhtml
[0m[32m14:37:06,570 FINE  [jakarta.faces.component] (default task-2) j_id1
[0m[32m14:37:06,570 FINE  [jakarta.enterprise.resource.webcontainer.faces.lifecycle] (default task-2) Exiting RenderResponsePhase
[0m[32m14:37:06,570 FINE  [jakarta.enterprise.resource.webcontainer.faces.timing] (default task-2)  [TIMING] - [36ms] : Execution time for phase (including any PhaseListeners) -> RENDER_RESPONSE 6
[0m[32m14:37:06,573 DEBUG [org.wildfly.clustering.marshalling.ByteBufferMarshalledValue] (default task-2) Marshalled size of java.util.concurrent.ConcurrentHashMap object = 1884 bytes
[0m[32m14:37:07,030 DEBUG [io.undertow.request] (default I/O-7) Matched default handler path /index.xhtml
[0m[32m14:37:07,035 DEBUG [org.wildfly.clustering.marshalling.ByteBufferMarshalledValue] (default task-2) Marshalled size of org.wildfly.clustering.server.infinispan.scheduler.CancelCommand object = 49 bytes
[0m[32m14:37:07,040 FINE  [jakarta.enterprise.resource.webcontainer.faces.lifecycle] (default task-2) execute(com.sun.faces.context.FacesContextImpl@5794453c)
[0m[32m14:37:07,041 FINE  [jakarta.enterprise.resource.webcontainer.faces.lifecycle] (default task-2) Entering RestoreViewPhase
[0m[32m14:37:07,041 FINE  [jakarta.enterprise.resource.webcontainer.faces.application] (default task-2) Created component with component type of 'jakarta.faces.ViewRoot'
[0m[32m14:37:07,041 FINE  [jakarta.enterprise.resource.webcontainer.faces.application] (default task-2) Created component with component type of 'jakarta.faces.ViewRoot'
[0m[32m14:37:07,041 FINE  [jakarta.enterprise.resource.webcontainer.faces.application] (default task-2) Created component with component type of 'jakarta.faces.ViewRoot'
[0m[32m14:37:07,041 FINE  [jakarta.enterprise.resource.webcontainer.faces.lifecycle] (default task-2) New request: creating a view for /index.xhtml
[0m[32m14:37:07,041 FINE  [jakarta.enterprise.resource.webcontainer.faces.application] (default task-2) Created component with component type of 'jakarta.faces.ViewRoot'
[0m[32m14:37:07,041 FINE  [jakarta.enterprise.resource.webcontainer.faces.application] (default task-2) Created new view for /index.xhtml
[0m[32m14:37:07,041 FINE  [jakarta.enterprise.resource.webcontainer.faces.application] (default task-2) Locale for this view as determined by calculateLocale en_US
[0m[32m14:37:07,041 FINE  [jakarta.enterprise.resource.webcontainer.faces.application] (default task-2) Created component with component type of 'jakarta.faces.ViewRoot'
[0m[32m14:37:07,041 FINE  [jakarta.enterprise.resource.webcontainer.faces.application] (default task-2) RenderKitId for this view as determined by calculateRenderKitId HTML_BASIC
[0m[32m14:37:07,042 FINE  [jakarta.enterprise.resource.webcontainer.faces.lifecycle] (default task-2) Exiting RestoreViewPhase
[0m[32m14:37:07,042 FINE  [jakarta.enterprise.resource.webcontainer.faces.timing] (default task-2)  [TIMING] - [2ms] : Execution time for phase (including any PhaseListeners) -> RESTORE_VIEW 1
[0m[32m14:37:07,042 FINE  [jakarta.enterprise.resource.webcontainer.faces.lifecycle] (default task-2) render(com.sun.faces.context.FacesContextImpl@5794453c)
[0m[32m14:37:07,043 FINE  [jakarta.enterprise.resource.webcontainer.faces.lifecycle] (default task-2) Entering RenderResponsePhase
[0m[32m14:37:07,043 FINE  [jakarta.enterprise.resource.webcontainer.faces.lifecycle] (default task-2) About to render view /index.xhtml
[0m[32m14:37:07,043 FINE  [jakarta.enterprise.resource.webcontainer.faces.application] (default task-2) Building View: /index.xhtml
[0m[32m14:37:07,044 FINE  [jakarta.enterprise.resource.webcontainer.faces.application] (default task-2) Created component with component type of 'jakarta.faces.Output'
[0m[32m14:37:07,044 FINE  [jakarta.enterprise.resource.webcontainer.faces.facelets.tag.component] (default task-2) /index.xhtml @6,11 <h:head> Component[2059540600_7ac2185f] Created: jakarta.faces.component.UIOutput
[0m[32m14:37:07,045 FINE  [jakarta.enterprise.resource.webcontainer.faces.application] (default task-2) Created component with component type of 'jakarta.faces.OutputBody'
[0m[32m14:37:07,045 FINE  [jakarta.enterprise.resource.webcontainer.faces.facelets.tag.component] (default task-2) /index.xhtml @10,11 <h:body> Component[2059540600_7ac21839] Created: jakarta.faces.component.html.HtmlBody
[0m[32m14:37:07,045 FINE  [jakarta.enterprise.resource.webcontainer.faces.application] (default task-2) Created component with component type of 'jakarta.faces.HtmlPanelGroup'
[0m[32m14:37:07,045 FINE  [jakarta.enterprise.resource.webcontainer.faces.facelets.tag.component] (default task-2) /index.xhtml @13,60 <h:panelGroup> Component[2059540600_7ac21823] Created: jakarta.faces.component.html.HtmlPanelGroup
[0m[32m14:37:07,045 FINE  [jakarta.enterprise.resource.webcontainer.faces.application] (default task-2) Created component with component type of 'jakarta.faces.HtmlOutputText'
[0m[32m14:37:07,045 FINE  [jakarta.enterprise.resource.webcontainer.faces.facelets.tag.component] (default task-2) /index.xhtml @15,61 <h:outputText> Component[2059540600_7ac2180d] Created: jakarta.faces.component.html.HtmlOutputText
[0m[32m14:37:07,045 FINE  [jakarta.enterprise.resource.webcontainer.faces.application] (default task-2) Created component with component type of 'jakarta.faces.HtmlPanelGroup'
[0m[32m14:37:07,045 FINE  [jakarta.enterprise.resource.webcontainer.faces.facelets.tag.component] (default task-2) /index.xhtml @17,60 <h:panelGroup> Component[2059540600_7ac218fa] Created: jakarta.faces.component.html.HtmlPanelGroup
[0m[32m14:37:07,046 FINE  [jakarta.enterprise.resource.webcontainer.faces.application] (default task-2) Created component with component type of 'jakarta.faces.HtmlOutputText'
[0m[32m14:37:07,046 FINE  [jakarta.enterprise.resource.webcontainer.faces.facelets.tag.component] (default task-2) /index.xhtml @19,60 <h:outputText> Component[2059540600_7ac218e4] Created: jakarta.faces.component.html.HtmlOutputText
[0m[32m14:37:07,048 FINE  [jakarta.enterprise.resource.webcontainer.faces.application] (default task-2) Created component with component type of 'jakarta.faces.HtmlPanelGroup'
[0m[32m14:37:07,049 FINE  [jakarta.enterprise.resource.webcontainer.faces.facelets.tag.component] (default task-2) /index.xhtml @21,61 <h:panelGroup> Component[2059540600_7ac218d1] Created: jakarta.faces.component.html.HtmlPanelGroup
[0m[32m14:37:07,049 FINE  [jakarta.enterprise.resource.webcontainer.faces.application] (default task-2) Created component with component type of 'jakarta.faces.HtmlOutputText'
[0m[32m14:37:07,049 FINE  [jakarta.enterprise.resource.webcontainer.faces.facelets.tag.component] (default task-2) /index.xhtml @23,59 <h:outputText> Component[2059540600_7ac218bb] Created: jakarta.faces.component.html.HtmlOutputText
[0m[32m14:37:07,050 FINE  [jakarta.enterprise.resource.webcontainer.faces.application] (default task-2) Created component with component type of 'jakarta.faces.HtmlForm'
[0m[32m14:37:07,052 FINE  [jakarta.enterprise.resource.webcontainer.faces.facelets.tag.component] (default task-2) /index.xhtml @26,11 <h:form> Component[2059540600_7ac218a8] Created: jakarta.faces.component.html.HtmlForm
[0m[32m14:37:07,053 FINE  [jakarta.enterprise.resource.webcontainer.faces.application] (default task-2) Created component with component type of 'jakarta.faces.HtmlPanelGroup'
[0m[32m14:37:07,053 FINE  [jakarta.enterprise.resource.webcontainer.faces.facelets.tag.component] (default task-2) /index.xhtml @27,62 <h:panelGroup> Component[2059540600_7ac21892] Created: jakarta.faces.component.html.HtmlPanelGroup
[0m[32m14:37:07,054 FINE  [jakarta.enterprise.resource.webcontainer.faces.application] (default task-2) Created component with component type of 'jakarta.faces.HtmlCommandButton'
[0m[32m14:37:07,054 FINE  [jakarta.enterprise.resource.webcontainer.faces.facelets.tag.component] (default task-2) /index.xhtml @29,119 <h:commandButton> Component[2059540600_7ac2197c] Created: jakarta.faces.component.html.HtmlCommandButton
[0m[32m14:37:07,054 FINE  [jakarta.enterprise.resource.webcontainer.faces.application] (default task-2) Created component with component type of 'jakarta.faces.HtmlCommandButton'
[0m[32m14:37:07,054 FINE  [jakarta.enterprise.resource.webcontainer.faces.facelets.tag.component] (default task-2) /index.xhtml @30,112 <h:commandButton> Component[2059540600_7ac21969] Created: jakarta.faces.component.html.HtmlCommandButton
[0m[32m14:37:07,054 FINE  [jakarta.enterprise.resource.webcontainer.faces.application] (default task-2) Created component with component type of 'jakarta.faces.HtmlPanelGroup'
[0m[32m14:37:07,054 FINE  [jakarta.enterprise.resource.webcontainer.faces.facelets.tag.component] (default task-2) /index.xhtml @33,34 <h:panelGroup> Component[2059540600_7ac21966] Created: jakarta.faces.component.html.HtmlPanelGroup
[0m[32m14:37:07,054 FINE  [jakarta.enterprise.resource.webcontainer.faces.application] (default task-2) Created component with component type of 'jakarta.faces.HtmlCommandButton'
[0m[32m14:37:07,054 FINE  [jakarta.enterprise.resource.webcontainer.faces.facelets.tag.component] (default task-2) /index.xhtml @35,124 <h:commandButton> Component[2059540600_7ac21940] Created: jakarta.faces.component.html.HtmlCommandButton
[0m[32m14:37:07,055 FINE  [jakarta.enterprise.resource.webcontainer.faces.application] (default task-2) Created component with component type of 'jakarta.faces.HtmlCommandButton'
[0m[32m14:37:07,055 FINE  [jakarta.enterprise.resource.webcontainer.faces.facelets.tag.component] (default task-2) /index.xhtml @36,117 <h:commandButton> Component[2059540600_7ac2193d] Created: jakarta.faces.component.html.HtmlCommandButton
[0m[32m14:37:07,055 FINE  [jakarta.enterprise.resource.webcontainer.faces.application] (default task-2) Rendering View: /index.xhtml
[0m[32m14:37:07,056 FINE  [jakarta.enterprise.resource.webcontainer.faces.renderkit] (default task-2) component.getValue() returned jNQGv0URH6n513ivo2My-hSdtRiKOkU1NKyrSGui
[0m[32m14:37:07,056 FINE  [jakarta.enterprise.resource.webcontainer.faces.renderkit] (default task-2) Value to be rendered jNQGv0URH6n513ivo2My-hSdtRiKOkU1NKyrSGui
[0m[32m14:37:07,057 FINE  [jakarta.enterprise.resource.webcontainer.faces.renderkit] (default task-2) component.getValue() returned 80af7a46f92a
[0m[32m14:37:07,057 FINE  [jakarta.enterprise.resource.webcontainer.faces.renderkit] (default task-2) Value to be rendered 80af7a46f92a
[0m[32m14:37:07,057 FINE  [jakarta.enterprise.resource.webcontainer.faces.renderkit] (default task-2) component.getValue() returned 1
[0m[32m14:37:07,059 FINE  [jakarta.enterprise.resource.webcontainer.faces.application] (default task-2) Created converter of type 'jakarta.faces.convert.IntegerConverter'
[0m[32m14:37:07,060 FINE  [jakarta.enterprise.resource.webcontainer.faces.renderkit] (default task-2) Value to be rendered 1
[0m[32m14:37:07,061 FINE  [jakarta.enterprise.resource.webcontainer.faces.application] (default task-2) Begin writing marker for viewId /index.xhtml
[0m[32m14:37:07,061 FINE  [jakarta.enterprise.resource.webcontainer.faces.application] (default task-2) End writing marker for viewId /index.xhtml
[0m[32m14:37:07,062 FINE  [jakarta.faces.component] (default task-2) j_id1
[0m[32m14:37:07,062 FINE  [jakarta.enterprise.resource.webcontainer.faces.lifecycle] (default task-2) Exiting RenderResponsePhase
[0m[32m14:37:07,062 FINE  [jakarta.enterprise.resource.webcontainer.faces.timing] (default task-2)  [TIMING] - [19ms] : Execution time for phase (including any PhaseListeners) -> RENDER_RESPONSE 6
[0m[32m14:37:07,067 DEBUG [org.wildfly.clustering.marshalling.ByteBufferMarshalledValue] (default task-2) Marshalled size of java.util.concurrent.ConcurrentHashMap object = 1978 bytes
[0m[32m14:37:07,079 DEBUG [org.wildfly.clustering.marshalling.ByteBufferMarshalledValue] (default task-2) Marshalled size of org.wildfly.clustering.server.infinispan.scheduler.ScheduleWithTransientMetaDataCommand object = 49 bytes
[0m[32m14:37:07,632 DEBUG [io.undertow.request] (default I/O-7) Matched default handler path /index.xhtml
[0m[32m14:37:07,633 DEBUG [org.wildfly.clustering.marshalling.ByteBufferMarshalledValue] (default task-2) Marshalled size of org.wildfly.clustering.server.infinispan.scheduler.CancelCommand object = 49 bytes
[0m[32m14:37:07,636 FINE  [jakarta.enterprise.resource.webcontainer.faces.lifecycle] (default task-2) execute(com.sun.faces.context.FacesContextImpl@6a55e324)
[0m[32m14:37:07,637 FINE  [jakarta.enterprise.resource.webcontainer.faces.lifecycle] (default task-2) Entering RestoreViewPhase
[0m[32m14:37:07,637 FINE  [jakarta.enterprise.resource.webcontainer.faces.application] (default task-2) Created component with component type of 'jakarta.faces.ViewRoot'
[0m[32m14:37:07,638 FINE  [jakarta.enterprise.resource.webcontainer.faces.application] (default task-2) Created component with component type of 'jakarta.faces.ViewRoot'
[0m[32m14:37:07,638 FINE  [jakarta.enterprise.resource.webcontainer.faces.application] (default task-2) Created component with component type of 'jakarta.faces.ViewRoot'
[0m[32m14:37:07,638 FINE  [jakarta.enterprise.resource.webcontainer.faces.application] (default task-2) Created component with component type of 'jakarta.faces.ViewRoot'
[0m[32m14:37:07,638 FINE  [jakarta.enterprise.resource.webcontainer.faces.application] (default task-2) Created component with component type of 'jakarta.faces.ViewRoot'
[0m[32m14:37:07,638 FINE  [jakarta.enterprise.resource.webcontainer.faces.application] (default task-2) Created component with component type of 'jakarta.faces.ViewRoot'
[0m[32m14:37:07,638 FINE  [jakarta.enterprise.resource.webcontainer.faces.application] (default task-2) Created new view for /index.xhtml
[0m[32m14:37:07,638 FINE  [jakarta.enterprise.resource.webcontainer.faces.application] (default task-2) Locale for this view as determined by calculateLocale en_US
[0m[32m14:37:07,638 FINE  [jakarta.enterprise.resource.webcontainer.faces.application] (default task-2) Created component with component type of 'jakarta.faces.ViewRoot'
[0m[32m14:37:07,638 FINE  [jakarta.enterprise.resource.webcontainer.faces.application] (default task-2) RenderKitId for this view as determined by calculateRenderKitId HTML_BASIC
[0m[32m14:37:07,639 FINE  [jakarta.enterprise.resource.webcontainer.faces.application] (default task-2) Building View: /index.xhtml
[0m[32m14:37:07,639 FINE  [jakarta.enterprise.resource.webcontainer.faces.application] (default task-2) Created component with component type of 'jakarta.faces.Output'
[0m[32m14:37:07,639 FINE  [jakarta.enterprise.resource.webcontainer.faces.facelets.tag.component] (default task-2) /index.xhtml @6,11 <h:head> Component[2059540600_7ac2185f] Created: jakarta.faces.component.UIOutput
[0m[32m14:37:07,639 FINE  [jakarta.enterprise.resource.webcontainer.faces.application] (default task-2) Created component with component type of 'jakarta.faces.OutputBody'
[0m[32m14:37:07,639 FINE  [jakarta.enterprise.resource.webcontainer.faces.facelets.tag.component] (default task-2) /index.xhtml @10,11 <h:body> Component[2059540600_7ac21839] Created: jakarta.faces.component.html.HtmlBody
[0m[32m14:37:07,639 FINE  [jakarta.enterprise.resource.webcontainer.faces.application] (default task-2) Created component with component type of 'jakarta.faces.HtmlPanelGroup'
[0m[32m14:37:07,640 FINE  [jakarta.enterprise.resource.webcontainer.faces.facelets.tag.component] (default task-2) /index.xhtml @13,60 <h:panelGroup> Component[2059540600_7ac21823] Created: jakarta.faces.component.html.HtmlPanelGroup
[0m[32m14:37:07,640 FINE  [jakarta.enterprise.resource.webcontainer.faces.application] (default task-2) Created component with component type of 'jakarta.faces.HtmlOutputText'
[0m[32m14:37:07,640 FINE  [jakarta.enterprise.resource.webcontainer.faces.facelets.tag.component] (default task-2) /index.xhtml @15,61 <h:outputText> Component[2059540600_7ac2180d] Created: jakarta.faces.component.html.HtmlOutputText
[0m[32m14:37:07,640 FINE  [jakarta.enterprise.resource.webcontainer.faces.application] (default task-2) Created component with component type of 'jakarta.faces.HtmlPanelGroup'
[0m[32m14:37:07,640 FINE  [jakarta.enterprise.resource.webcontainer.faces.facelets.tag.component] (default task-2) /index.xhtml @17,60 <h:panelGroup> Component[2059540600_7ac218fa] Created: jakarta.faces.component.html.HtmlPanelGroup
[0m[32m14:37:07,640 FINE  [jakarta.enterprise.resource.webcontainer.faces.application] (default task-2) Created component with component type of 'jakarta.faces.HtmlOutputText'
[0m[32m14:37:07,640 FINE  [jakarta.enterprise.resource.webcontainer.faces.facelets.tag.component] (default task-2) /index.xhtml @19,60 <h:outputText> Component[2059540600_7ac218e4] Created: jakarta.faces.component.html.HtmlOutputText
[0m[32m14:37:07,640 FINE  [jakarta.enterprise.resource.webcontainer.faces.application] (default task-2) Created component with component type of 'jakarta.faces.HtmlPanelGroup'
[0m[32m14:37:07,640 FINE  [jakarta.enterprise.resource.webcontainer.faces.facelets.tag.component] (default task-2) /index.xhtml @21,61 <h:panelGroup> Component[2059540600_7ac218d1] Created: jakarta.faces.component.html.HtmlPanelGroup
[0m[32m14:37:07,640 FINE  [jakarta.enterprise.resource.webcontainer.faces.application] (default task-2) Created component with component type of 'jakarta.faces.HtmlOutputText'
[0m[32m14:37:07,640 FINE  [jakarta.enterprise.resource.webcontainer.faces.facelets.tag.component] (default task-2) /index.xhtml @23,59 <h:outputText> Component[2059540600_7ac218bb] Created: jakarta.faces.component.html.HtmlOutputText
[0m[32m14:37:07,641 FINE  [jakarta.enterprise.resource.webcontainer.faces.application] (default task-2) Created component with component type of 'jakarta.faces.HtmlForm'
[0m[32m14:37:07,641 FINE  [jakarta.enterprise.resource.webcontainer.faces.facelets.tag.component] (default task-2) /index.xhtml @26,11 <h:form> Component[2059540600_7ac218a8] Created: jakarta.faces.component.html.HtmlForm
[0m[32m14:37:07,641 FINE  [jakarta.enterprise.resource.webcontainer.faces.application] (default task-2) Created component with component type of 'jakarta.faces.HtmlPanelGroup'
[0m[32m14:37:07,641 FINE  [jakarta.enterprise.resource.webcontainer.faces.facelets.tag.component] (default task-2) /index.xhtml @27,62 <h:panelGroup> Component[2059540600_7ac21892] Created: jakarta.faces.component.html.HtmlPanelGroup
[0m[32m14:37:07,641 FINE  [jakarta.enterprise.resource.webcontainer.faces.application] (default task-2) Created component with component type of 'jakarta.faces.HtmlCommandButton'
[0m[32m14:37:07,641 FINE  [jakarta.enterprise.resource.webcontainer.faces.facelets.tag.component] (default task-2) /index.xhtml @29,119 <h:commandButton> Component[2059540600_7ac2197c] Created: jakarta.faces.component.html.HtmlCommandButton
[0m[32m14:37:07,641 FINE  [jakarta.enterprise.resource.webcontainer.faces.application] (default task-2) Created component with component type of 'jakarta.faces.HtmlCommandButton'
[0m[32m14:37:07,641 FINE  [jakarta.enterprise.resource.webcontainer.faces.facelets.tag.component] (default task-2) /index.xhtml @30,112 <h:commandButton> Component[2059540600_7ac21969] Created: jakarta.faces.component.html.HtmlCommandButton
[0m[32m14:37:07,641 FINE  [jakarta.enterprise.resource.webcontainer.faces.application] (default task-2) Created component with component type of 'jakarta.faces.HtmlPanelGroup'
[0m[32m14:37:07,641 FINE  [jakarta.enterprise.resource.webcontainer.faces.facelets.tag.component] (default task-2) /index.xhtml @33,34 <h:panelGroup> Component[2059540600_7ac21966] Created: jakarta.faces.component.html.HtmlPanelGroup
[0m[32m14:37:07,641 FINE  [jakarta.enterprise.resource.webcontainer.faces.application] (default task-2) Created component with component type of 'jakarta.faces.HtmlCommandButton'
[0m[32m14:37:07,641 FINE  [jakarta.enterprise.resource.webcontainer.faces.facelets.tag.component] (default task-2) /index.xhtml @35,124 <h:commandButton> Component[2059540600_7ac21940] Created: jakarta.faces.component.html.HtmlCommandButton
[0m[32m14:37:07,642 FINE  [jakarta.enterprise.resource.webcontainer.faces.application] (default task-2) Created component with component type of 'jakarta.faces.HtmlCommandButton'
[0m[32m14:37:07,642 FINE  [jakarta.enterprise.resource.webcontainer.faces.facelets.tag.component] (default task-2) /index.xhtml @36,117 <h:commandButton> Component[2059540600_7ac2193d] Created: jakarta.faces.component.html.HtmlCommandButton
[0m[32m14:37:07,642 FINE  [jakarta.enterprise.resource.webcontainer.faces.lifecycle] (default task-2) Postback: restored view for /index.xhtml
[0m[32m14:37:07,642 FINE  [jakarta.enterprise.resource.webcontainer.faces.lifecycle] (default task-2) Exiting RestoreViewPhase
[0m[32m14:37:07,642 FINE  [jakarta.enterprise.resource.webcontainer.faces.timing] (default task-2)  [TIMING] - [5ms] : Execution time for phase (including any PhaseListeners) -> RESTORE_VIEW 1
[0m[32m14:37:07,643 FINE  [jakarta.enterprise.resource.webcontainer.faces.lifecycle] (default task-2) Entering ApplyRequestValuesPhase
[0m[32m14:37:07,643 FINE  [jakarta.enterprise.resource.webcontainer.faces.renderkit] (default task-2) No decoding necessary since the component j_idt10 is not an instance or a sub class of UIInput
[0m[32m14:37:07,643 FINE  [jakarta.enterprise.resource.webcontainer.faces.renderkit] (default task-2) No decoding necessary since the component j_idt6 is not an instance or a sub class of UIInput
[0m[32m14:37:07,643 FINE  [jakarta.enterprise.resource.webcontainer.faces.renderkit] (default task-2) No decoding necessary since the component j_idt13 is not an instance or a sub class of UIInput
[0m[32m14:37:07,643 FINE  [jakarta.enterprise.resource.webcontainer.faces.renderkit] (default task-2) No decoding necessary since the component j_idt11 is not an instance or a sub class of UIInput
[0m[32m14:37:07,643 FINE  [jakarta.enterprise.resource.webcontainer.faces.renderkit] (default task-2) No decoding necessary since the component j_idt16 is not an instance or a sub class of UIInput
[0m[32m14:37:07,643 FINE  [jakarta.enterprise.resource.webcontainer.faces.renderkit] (default task-2) No decoding necessary since the component j_idt14 is not an instance or a sub class of UIInput
[0m[32m14:37:07,643 FINE  [jakarta.enterprise.resource.webcontainer.faces.renderkit] (default task-2) UIForm with client ID j_idt17, submitted
[0m[32m14:37:07,643 FINE  [jakarta.enterprise.resource.webcontainer.faces.renderkit] (default task-2) This command resulted in form submission  ActionEvent queued.
[0m[32m14:37:07,643 FINE  [jakarta.enterprise.resource.webcontainer.faces.renderkit] (default task-2) End decoding component j_idt20
[0m[32m14:37:07,643 FINE  [jakarta.enterprise.resource.webcontainer.faces.renderkit] (default task-2) No decoding necessary since the component j_idt18 is not an instance or a sub class of UIInput
[0m[32m14:37:07,643 FINE  [jakarta.enterprise.resource.webcontainer.faces.renderkit] (default task-2) No decoding necessary since the component j_idt23 is not an instance or a sub class of UIInput
[0m[32m14:37:07,644 FINE  [jakarta.enterprise.resource.webcontainer.faces.lifecycle] (default task-2) Exiting ApplyRequestValuesPhase
[0m[32m14:37:07,644 FINE  [jakarta.enterprise.resource.webcontainer.faces.timing] (default task-2)  [TIMING] - [1ms] : Execution time for phase (including any PhaseListeners) -> APPLY_REQUEST_VALUES 2
[0m[32m14:37:07,644 FINE  [jakarta.enterprise.resource.webcontainer.faces.lifecycle] (default task-2) Entering ProcessValidationsPhase
[0m[32m14:37:07,644 FINE  [jakarta.enterprise.resource.webcontainer.faces.lifecycle] (default task-2) Exiting ProcessValidationsPhase
[0m[32m14:37:07,644 FINE  [jakarta.enterprise.resource.webcontainer.faces.timing] (default task-2)  [TIMING] - [0ms] : Execution time for phase (including any PhaseListeners) -> PROCESS_VALIDATIONS 3
[0m[32m14:37:07,644 FINE  [jakarta.enterprise.resource.webcontainer.faces.lifecycle] (default task-2) Entering UpdateModelValuesPhase
[0m[32m14:37:07,644 FINE  [jakarta.enterprise.resource.webcontainer.faces.lifecycle] (default task-2) Exiting UpdateModelValuesPhase
[0m[32m14:37:07,644 FINE  [jakarta.enterprise.resource.webcontainer.faces.timing] (default task-2)  [TIMING] - [0ms] : Execution time for phase (including any PhaseListeners) -> UPDATE_MODEL_VALUES 4
[0m[32m14:37:07,644 FINE  [jakarta.enterprise.resource.webcontainer.faces.lifecycle] (default task-2) Entering InvokeApplicationsPhase
[0m[32m14:37:07,644 FINE  [jakarta.enterprise.resource.webcontainer.faces.application] (default task-2) processAction(j_idt20)
[0m[32m14:37:07,645 FINE  [jakarta.enterprise.resource.webcontainer.faces.application] (default task-2) Redirecting to path /index.xhtml for outcome index.xhtml?faces-redirect=trueand viewId /index.xhtml
[0m[32m14:37:07,647 DEBUG [org.wildfly.clustering.marshalling.ByteBufferMarshalledValue] (default task-2) Marshalled size of java.util.concurrent.ConcurrentHashMap object = 1978 bytes
[0m[32m14:37:07,660 DEBUG [org.wildfly.clustering.marshalling.ByteBufferMarshalledValue] (default task-2) Marshalled size of org.wildfly.clustering.server.infinispan.scheduler.ScheduleWithTransientMetaDataCommand object = 49 bytes
[0m[32m14:37:07,662 FINE  [jakarta.enterprise.resource.webcontainer.faces.application] (default task-2) Response complete for /index.xhtml
[0m[32m14:37:07,662 FINE  [jakarta.enterprise.resource.webcontainer.faces.lifecycle] (default task-2) Exiting InvokeApplicationsPhase
[0m[32m14:37:07,662 FINE  [jakarta.enterprise.resource.webcontainer.faces.timing] (default task-2)  [TIMING] - [18ms] : Execution time for phase (including any PhaseListeners) -> INVOKE_APPLICATION 5
[0m[32m14:37:07,662 FINE  [jakarta.enterprise.resource.webcontainer.faces.lifecycle] (default task-2) render(com.sun.faces.context.FacesContextImpl@6a55e324)
[0m[32m14:37:07,663 DEBUG [org.wildfly.clustering.marshalling.ByteBufferMarshalledValue] (default task-2) Marshalled size of org.wildfly.clustering.server.infinispan.scheduler.CancelCommand object = 49 bytes
[0m[32m14:37:07,666 DEBUG [org.wildfly.clustering.marshalling.ByteBufferMarshalledValue] (default task-2) Marshalled size of java.util.concurrent.ConcurrentHashMap object = 1978 bytes
[0m[32m14:37:07,690 DEBUG [org.wildfly.clustering.marshalling.ByteBufferMarshalledValue] (default task-2) Marshalled size of org.wildfly.clustering.server.infinispan.scheduler.ScheduleWithTransientMetaDataCommand object = 49 bytes
[0m[32m14:37:07,694 DEBUG [org.wildfly.clustering.marshalling.ByteBufferMarshalledValue] (default task-2) Marshalled size of org.wildfly.clustering.server.infinispan.scheduler.CancelCommand object = 49 bytes
[0m[32m14:37:07,698 DEBUG [org.wildfly.clustering.marshalling.ByteBufferMarshalledValue] (default task-2) Marshalled size of java.util.concurrent.ConcurrentHashMap object = 1978 bytes
[0m[32m14:37:07,733 DEBUG [io.undertow.request] (default I/O-7) Matched default handler path /.well-known/appspecific/com.chrome.devtools.json
[0m[32m14:37:07,764 DEBUG [org.wildfly.clustering.marshalling.ByteBufferMarshalledValue] (default task-2) Marshalled size of org.wildfly.clustering.server.infinispan.scheduler.ScheduleWithTransientMetaDataCommand object = 49 bytes
[0m[32m14:37:07,766 DEBUG [org.wildfly.clustering.marshalling.ByteBufferMarshalledValue] (default task-1) Marshalled size of org.wildfly.clustering.server.infinispan.scheduler.CancelCommand object = 49 bytes
[0m[32m14:37:07,775 DEBUG [org.wildfly.clustering.marshalling.ByteBufferMarshalledValue] (default task-1) Marshalled size of org.wildfly.clustering.server.infinispan.scheduler.ScheduleWithTransientMetaDataCommand object = 49 bytes
[0m[32m14:37:08,244 DEBUG [io.undertow.request] (default I/O-7) Matched default handler path /index.xhtml
[0m[32m14:37:08,245 DEBUG [org.wildfly.clustering.marshalling.ByteBufferMarshalledValue] (default task-1) Marshalled size of org.wildfly.clustering.server.infinispan.scheduler.CancelCommand object = 49 bytes
[0m[32m14:37:08,248 FINE  [jakarta.enterprise.resource.webcontainer.faces.lifecycle] (default task-1) execute(com.sun.faces.context.FacesContextImpl@5caa9e51)
[0m[32m14:37:08,248 FINE  [jakarta.enterprise.resource.webcontainer.faces.lifecycle] (default task-1) Entering RestoreViewPhase
[0m[32m14:37:08,249 FINE  [jakarta.enterprise.resource.webcontainer.faces.application] (default task-1) Created component with component type of 'jakarta.faces.ViewRoot'
[0m[32m14:37:08,249 FINE  [jakarta.enterprise.resource.webcontainer.faces.application] (default task-1) Created component with component type of 'jakarta.faces.ViewRoot'
[0m[32m14:37:08,249 FINE  [jakarta.enterprise.resource.webcontainer.faces.application] (default task-1) Created component with component type of 'jakarta.faces.ViewRoot'
[0m[32m14:37:08,249 FINE  [jakarta.enterprise.resource.webcontainer.faces.lifecycle] (default task-1) New request: creating a view for /index.xhtml
[0m[32m14:37:08,249 FINE  [jakarta.enterprise.resource.webcontainer.faces.application] (default task-1) Created component with component type of 'jakarta.faces.ViewRoot'
[0m[32m14:37:08,249 FINE  [jakarta.enterprise.resource.webcontainer.faces.application] (default task-1) Created new view for /index.xhtml
[0m[32m14:37:08,249 FINE  [jakarta.enterprise.resource.webcontainer.faces.application] (default task-1) Locale for this view as determined by calculateLocale en_US
[0m[32m14:37:08,249 FINE  [jakarta.enterprise.resource.webcontainer.faces.application] (default task-1) Created component with component type of 'jakarta.faces.ViewRoot'
[0m[32m14:37:08,249 FINE  [jakarta.enterprise.resource.webcontainer.faces.application] (default task-1) RenderKitId for this view as determined by calculateRenderKitId HTML_BASIC
[0m[32m14:37:08,250 FINE  [jakarta.enterprise.resource.webcontainer.faces.lifecycle] (default task-1) Exiting RestoreViewPhase
[0m[32m14:37:08,250 FINE  [jakarta.enterprise.resource.webcontainer.faces.timing] (default task-1)  [TIMING] - [2ms] : Execution time for phase (including any PhaseListeners) -> RESTORE_VIEW 1
[0m[32m14:37:08,250 FINE  [jakarta.enterprise.resource.webcontainer.faces.lifecycle] (default task-1) render(com.sun.faces.context.FacesContextImpl@5caa9e51)
[0m[32m14:37:08,250 FINE  [jakarta.enterprise.resource.webcontainer.faces.lifecycle] (default task-1) Entering RenderResponsePhase
[0m[32m14:37:08,250 FINE  [jakarta.enterprise.resource.webcontainer.faces.lifecycle] (default task-1) About to render view /index.xhtml
[0m[32m14:37:08,250 FINE  [jakarta.enterprise.resource.webcontainer.faces.application] (default task-1) Building View: /index.xhtml
[0m[32m14:37:08,251 FINE  [jakarta.enterprise.resource.webcontainer.faces.application] (default task-1) Created component with component type of 'jakarta.faces.Output'
[0m[32m14:37:08,251 FINE  [jakarta.enterprise.resource.webcontainer.faces.facelets.tag.component] (default task-1) /index.xhtml @6,11 <h:head> Component[2059540600_7ac2185f] Created: jakarta.faces.component.UIOutput
[0m[32m14:37:08,251 FINE  [jakarta.enterprise.resource.webcontainer.faces.application] (default task-1) Created component with component type of 'jakarta.faces.OutputBody'
[0m[32m14:37:08,251 FINE  [jakarta.enterprise.resource.webcontainer.faces.facelets.tag.component] (default task-1) /index.xhtml @10,11 <h:body> Component[2059540600_7ac21839] Created: jakarta.faces.component.html.HtmlBody
[0m[32m14:37:08,251 FINE  [jakarta.enterprise.resource.webcontainer.faces.application] (default task-1) Created component with component type of 'jakarta.faces.HtmlPanelGroup'
[0m[32m14:37:08,251 FINE  [jakarta.enterprise.resource.webcontainer.faces.facelets.tag.component] (default task-1) /index.xhtml @13,60 <h:panelGroup> Component[2059540600_7ac21823] Created: jakarta.faces.component.html.HtmlPanelGroup
[0m[32m14:37:08,251 FINE  [jakarta.enterprise.resource.webcontainer.faces.application] (default task-1) Created component with component type of 'jakarta.faces.HtmlOutputText'
[0m[32m14:37:08,251 FINE  [jakarta.enterprise.resource.webcontainer.faces.facelets.tag.component] (default task-1) /index.xhtml @15,61 <h:outputText> Component[2059540600_7ac2180d] Created: jakarta.faces.component.html.HtmlOutputText
[0m[32m14:37:08,252 FINE  [jakarta.enterprise.resource.webcontainer.faces.application] (default task-1) Created component with component type of 'jakarta.faces.HtmlPanelGroup'
[0m[32m14:37:08,252 FINE  [jakarta.enterprise.resource.webcontainer.faces.facelets.tag.component] (default task-1) /index.xhtml @17,60 <h:panelGroup> Component[2059540600_7ac218fa] Created: jakarta.faces.component.html.HtmlPanelGroup
[0m[32m14:37:08,252 FINE  [jakarta.enterprise.resource.webcontainer.faces.application] (default task-1) Created component with component type of 'jakarta.faces.HtmlOutputText'
[0m[32m14:37:08,252 FINE  [jakarta.enterprise.resource.webcontainer.faces.facelets.tag.component] (default task-1) /index.xhtml @19,60 <h:outputText> Component[2059540600_7ac218e4] Created: jakarta.faces.component.html.HtmlOutputText
[0m[32m14:37:08,252 FINE  [jakarta.enterprise.resource.webcontainer.faces.application] (default task-1) Created component with component type of 'jakarta.faces.HtmlPanelGroup'
[0m[32m14:37:08,252 FINE  [jakarta.enterprise.resource.webcontainer.faces.facelets.tag.component] (default task-1) /index.xhtml @21,61 <h:panelGroup> Component[2059540600_7ac218d1] Created: jakarta.faces.component.html.HtmlPanelGroup
[0m[32m14:37:08,252 FINE  [jakarta.enterprise.resource.webcontainer.faces.application] (default task-1) Created component with component type of 'jakarta.faces.HtmlOutputText'
[0m[32m14:37:08,252 FINE  [jakarta.enterprise.resource.webcontainer.faces.facelets.tag.component] (default task-1) /index.xhtml @23,59 <h:outputText> Component[2059540600_7ac218bb] Created: jakarta.faces.component.html.HtmlOutputText
[0m[32m14:37:08,252 FINE  [jakarta.enterprise.resource.webcontainer.faces.application] (default task-1) Created component with component type of 'jakarta.faces.HtmlForm'
[0m[32m14:37:08,252 FINE  [jakarta.enterprise.resource.webcontainer.faces.facelets.tag.component] (default task-1) /index.xhtml @26,11 <h:form> Component[2059540600_7ac218a8] Created: jakarta.faces.component.html.HtmlForm
[0m[32m14:37:08,252 FINE  [jakarta.enterprise.resource.webcontainer.faces.application] (default task-1) Created component with component type of 'jakarta.faces.HtmlPanelGroup'
[0m[32m14:37:08,252 FINE  [jakarta.enterprise.resource.webcontainer.faces.facelets.tag.component] (default task-1) /index.xhtml @27,62 <h:panelGroup> Component[2059540600_7ac21892] Created: jakarta.faces.component.html.HtmlPanelGroup
[0m[32m14:37:08,252 FINE  [jakarta.enterprise.resource.webcontainer.faces.application] (default task-1) Created component with component type of 'jakarta.faces.HtmlCommandButton'
[0m[32m14:37:08,252 FINE  [jakarta.enterprise.resource.webcontainer.faces.facelets.tag.component] (default task-1) /index.xhtml @29,119 <h:commandButton> Component[2059540600_7ac2197c] Created: jakarta.faces.component.html.HtmlCommandButton
[0m[32m14:37:08,252 FINE  [jakarta.enterprise.resource.webcontainer.faces.application] (default task-1) Created component with component type of 'jakarta.faces.HtmlCommandButton'
[0m[32m14:37:08,253 FINE  [jakarta.enterprise.resource.webcontainer.faces.facelets.tag.component] (default task-1) /index.xhtml @30,112 <h:commandButton> Component[2059540600_7ac21969] Created: jakarta.faces.component.html.HtmlCommandButton
[0m[32m14:37:08,253 FINE  [jakarta.enterprise.resource.webcontainer.faces.application] (default task-1) Created component with component type of 'jakarta.faces.HtmlPanelGroup'
[0m[32m14:37:08,253 FINE  [jakarta.enterprise.resource.webcontainer.faces.facelets.tag.component] (default task-1) /index.xhtml @33,34 <h:panelGroup> Component[2059540600_7ac21966] Created: jakarta.faces.component.html.HtmlPanelGroup
[0m[32m14:37:08,253 FINE  [jakarta.enterprise.resource.webcontainer.faces.application] (default task-1) Created component with component type of 'jakarta.faces.HtmlCommandButton'
[0m[32m14:37:08,253 FINE  [jakarta.enterprise.resource.webcontainer.faces.facelets.tag.component] (default task-1) /index.xhtml @35,124 <h:commandButton> Component[2059540600_7ac21940] Created: jakarta.faces.component.html.HtmlCommandButton
[0m[32m14:37:08,253 FINE  [jakarta.enterprise.resource.webcontainer.faces.application] (default task-1) Created component with component type of 'jakarta.faces.HtmlCommandButton'
[0m[32m14:37:08,253 FINE  [jakarta.enterprise.resource.webcontainer.faces.facelets.tag.component] (default task-1) /index.xhtml @36,117 <h:commandButton> Component[2059540600_7ac2193d] Created: jakarta.faces.component.html.HtmlCommandButton
[0m[32m14:37:08,253 FINE  [jakarta.enterprise.resource.webcontainer.faces.application] (default task-1) Rendering View: /index.xhtml
[0m[32m14:37:08,254 FINE  [jakarta.enterprise.resource.webcontainer.faces.renderkit] (default task-1) component.getValue() returned jNQGv0URH6n513ivo2My-hSdtRiKOkU1NKyrSGui
[0m[32m14:37:08,254 FINE  [jakarta.enterprise.resource.webcontainer.faces.renderkit] (default task-1) Value to be rendered jNQGv0URH6n513ivo2My-hSdtRiKOkU1NKyrSGui
[0m[32m14:37:08,254 FINE  [jakarta.enterprise.resource.webcontainer.faces.renderkit] (default task-1) component.getValue() returned 80af7a46f92a
[0m[32m14:37:08,254 FINE  [jakarta.enterprise.resource.webcontainer.faces.renderkit] (default task-1) Value to be rendered 80af7a46f92a
[0m[32m14:37:08,255 FINE  [jakarta.enterprise.resource.webcontainer.faces.renderkit] (default task-1) component.getValue() returned 3
[0m[32m14:37:08,255 FINE  [jakarta.enterprise.resource.webcontainer.faces.application] (default task-1) Created converter of type 'jakarta.faces.convert.IntegerConverter'
[0m[32m14:37:08,255 FINE  [jakarta.enterprise.resource.webcontainer.faces.renderkit] (default task-1) Value to be rendered 3
[0m[32m14:37:08,256 FINE  [jakarta.enterprise.resource.webcontainer.faces.application] (default task-1) Begin writing marker for viewId /index.xhtml
[0m[32m14:37:08,256 FINE  [jakarta.enterprise.resource.webcontainer.faces.application] (default task-1) End writing marker for viewId /index.xhtml
[0m[32m14:37:08,256 FINE  [jakarta.faces.component] (default task-1) j_id1
[0m[32m14:37:08,256 FINE  [jakarta.enterprise.resource.webcontainer.faces.lifecycle] (default task-1) Exiting RenderResponsePhase
[0m[32m14:37:08,256 FINE  [jakarta.enterprise.resource.webcontainer.faces.timing] (default task-1)  [TIMING] - [6ms] : Execution time for phase (including any PhaseListeners) -> RENDER_RESPONSE 6
[0m[32m14:37:08,259 DEBUG [org.wildfly.clustering.marshalling.ByteBufferMarshalledValue] (default task-1) Marshalled size of java.util.concurrent.ConcurrentHashMap object = 1978 bytes
[0m[32m14:37:08,317 DEBUG [org.wildfly.clustering.marshalling.ByteBufferMarshalledValue] (default task-1) Marshalled size of org.wildfly.clustering.server.infinispan.scheduler.ScheduleWithTransientMetaDataCommand object = 49 bytes
[0m[32m14:37:08,575 DEBUG [io.undertow.request] (default I/O-5) Matched default handler path /index.xhtml
[0m[32m14:37:08,576 FINE  [jakarta.enterprise.resource.webcontainer.faces.lifecycle] (default task-1) execute(com.sun.faces.context.FacesContextImpl@7daa5f55)
[0m[32m14:37:08,576 FINE  [jakarta.enterprise.resource.webcontainer.faces.lifecycle] (default task-1) Entering RestoreViewPhase
[0m[32m14:37:08,577 FINE  [jakarta.enterprise.resource.webcontainer.faces.application] (default task-1) Created component with component type of 'jakarta.faces.ViewRoot'
[0m[32m14:37:08,577 FINE  [jakarta.enterprise.resource.webcontainer.faces.application] (default task-1) Created component with component type of 'jakarta.faces.ViewRoot'
[0m[32m14:37:08,577 FINE  [jakarta.enterprise.resource.webcontainer.faces.application] (default task-1) Created component with component type of 'jakarta.faces.ViewRoot'
[0m[32m14:37:08,577 FINE  [jakarta.enterprise.resource.webcontainer.faces.lifecycle] (default task-1) New request: creating a view for /index.xhtml
[0m[32m14:37:08,577 FINE  [jakarta.enterprise.resource.webcontainer.faces.application] (default task-1) Created component with component type of 'jakarta.faces.ViewRoot'
[0m[32m14:37:08,577 FINE  [jakarta.enterprise.resource.webcontainer.faces.application] (default task-1) Created new view for /index.xhtml
[0m[32m14:37:08,577 FINE  [jakarta.enterprise.resource.webcontainer.faces.application] (default task-1) Locale for this view as determined by calculateLocale en_US
[0m[32m14:37:08,577 FINE  [jakarta.enterprise.resource.webcontainer.faces.application] (default task-1) Created component with component type of 'jakarta.faces.ViewRoot'
[0m[32m14:37:08,577 FINE  [jakarta.enterprise.resource.webcontainer.faces.application] (default task-1) RenderKitId for this view as determined by calculateRenderKitId HTML_BASIC
[0m[32m14:37:08,578 FINE  [jakarta.enterprise.resource.webcontainer.faces.lifecycle] (default task-1) Exiting RestoreViewPhase
[0m[32m14:37:08,578 FINE  [jakarta.enterprise.resource.webcontainer.faces.timing] (default task-1)  [TIMING] - [2ms] : Execution time for phase (including any PhaseListeners) -> RESTORE_VIEW 1
[0m[32m14:37:08,578 FINE  [jakarta.enterprise.resource.webcontainer.faces.lifecycle] (default task-1) render(com.sun.faces.context.FacesContextImpl@7daa5f55)
[0m[32m14:37:08,578 FINE  [jakarta.enterprise.resource.webcontainer.faces.lifecycle] (default task-1) Entering RenderResponsePhase
[0m[32m14:37:08,578 FINE  [jakarta.enterprise.resource.webcontainer.faces.lifecycle] (default task-1) About to render view /index.xhtml
[0m[32m14:37:08,578 FINE  [jakarta.enterprise.resource.webcontainer.faces.application] (default task-1) Building View: /index.xhtml
[0m[32m14:37:08,579 FINE  [jakarta.enterprise.resource.webcontainer.faces.application] (default task-1) Created component with component type of 'jakarta.faces.Output'
[0m[32m14:37:08,579 FINE  [jakarta.enterprise.resource.webcontainer.faces.facelets.tag.component] (default task-1) /index.xhtml @6,11 <h:head> Component[2059540600_7ac2185f] Created: jakarta.faces.component.UIOutput
[0m[32m14:37:08,579 FINE  [jakarta.enterprise.resource.webcontainer.faces.application] (default task-1) Created component with component type of 'jakarta.faces.OutputBody'
[0m[32m14:37:08,579 FINE  [jakarta.enterprise.resource.webcontainer.faces.facelets.tag.component] (default task-1) /index.xhtml @10,11 <h:body> Component[2059540600_7ac21839] Created: jakarta.faces.component.html.HtmlBody
[0m[32m14:37:08,579 FINE  [jakarta.enterprise.resource.webcontainer.faces.application] (default task-1) Created component with component type of 'jakarta.faces.HtmlPanelGroup'
[0m[32m14:37:08,579 FINE  [jakarta.enterprise.resource.webcontainer.faces.facelets.tag.component] (default task-1) /index.xhtml @13,60 <h:panelGroup> Component[2059540600_7ac21823] Created: jakarta.faces.component.html.HtmlPanelGroup
[0m[32m14:37:08,579 FINE  [jakarta.enterprise.resource.webcontainer.faces.application] (default task-1) Created component with component type of 'jakarta.faces.HtmlOutputText'
[0m[32m14:37:08,579 FINE  [jakarta.enterprise.resource.webcontainer.faces.facelets.tag.component] (default task-1) /index.xhtml @15,61 <h:outputText> Component[2059540600_7ac2180d] Created: jakarta.faces.component.html.HtmlOutputText
[0m[32m14:37:08,580 FINE  [jakarta.enterprise.resource.webcontainer.faces.application] (default task-1) Created component with component type of 'jakarta.faces.HtmlPanelGroup'
[0m[32m14:37:08,580 FINE  [jakarta.enterprise.resource.webcontainer.faces.facelets.tag.component] (default task-1) /index.xhtml @17,60 <h:panelGroup> Component[2059540600_7ac218fa] Created: jakarta.faces.component.html.HtmlPanelGroup
[0m[32m14:37:08,580 FINE  [jakarta.enterprise.resource.webcontainer.faces.application] (default task-1) Created component with component type of 'jakarta.faces.HtmlOutputText'
[0m[32m14:37:08,580 FINE  [jakarta.enterprise.resource.webcontainer.faces.facelets.tag.component] (default task-1) /index.xhtml @19,60 <h:outputText> Component[2059540600_7ac218e4] Created: jakarta.faces.component.html.HtmlOutputText
[0m[32m14:37:08,580 FINE  [jakarta.enterprise.resource.webcontainer.faces.application] (default task-1) Created component with component type of 'jakarta.faces.HtmlPanelGroup'
[0m[32m14:37:08,580 FINE  [jakarta.enterprise.resource.webcontainer.faces.facelets.tag.component] (default task-1) /index.xhtml @21,61 <h:panelGroup> Component[2059540600_7ac218d1] Created: jakarta.faces.component.html.HtmlPanelGroup
[0m[32m14:37:08,580 FINE  [jakarta.enterprise.resource.webcontainer.faces.application] (default task-1) Created component with component type of 'jakarta.faces.HtmlOutputText'
[0m[32m14:37:08,580 FINE  [jakarta.enterprise.resource.webcontainer.faces.facelets.tag.component] (default task-1) /index.xhtml @23,59 <h:outputText> Component[2059540600_7ac218bb] Created: jakarta.faces.component.html.HtmlOutputText
[0m[32m14:37:08,580 FINE  [jakarta.enterprise.resource.webcontainer.faces.application] (default task-1) Created component with component type of 'jakarta.faces.HtmlForm'
[0m[32m14:37:08,580 FINE  [jakarta.enterprise.resource.webcontainer.faces.facelets.tag.component] (default task-1) /index.xhtml @26,11 <h:form> Component[2059540600_7ac218a8] Created: jakarta.faces.component.html.HtmlForm
[0m[32m14:37:08,580 FINE  [jakarta.enterprise.resource.webcontainer.faces.application] (default task-1) Created component with component type of 'jakarta.faces.HtmlPanelGroup'
[0m[32m14:37:08,581 FINE  [jakarta.enterprise.resource.webcontainer.faces.facelets.tag.component] (default task-1) /index.xhtml @27,62 <h:panelGroup> Component[2059540600_7ac21892] Created: jakarta.faces.component.html.HtmlPanelGroup
[0m[32m14:37:08,581 FINE  [jakarta.enterprise.resource.webcontainer.faces.application] (default task-1) Created component with component type of 'jakarta.faces.HtmlCommandButton'
[0m[32m14:37:08,581 FINE  [jakarta.enterprise.resource.webcontainer.faces.facelets.tag.component] (default task-1) /index.xhtml @29,119 <h:commandButton> Component[2059540600_7ac2197c] Created: jakarta.faces.component.html.HtmlCommandButton
[0m[32m14:37:08,581 FINE  [jakarta.enterprise.resource.webcontainer.faces.application] (default task-1) Created component with component type of 'jakarta.faces.HtmlCommandButton'
[0m[32m14:37:08,581 FINE  [jakarta.enterprise.resource.webcontainer.faces.facelets.tag.component] (default task-1) /index.xhtml @30,112 <h:commandButton> Component[2059540600_7ac21969] Created: jakarta.faces.component.html.HtmlCommandButton
[0m[32m14:37:08,581 FINE  [jakarta.enterprise.resource.webcontainer.faces.application] (default task-1) Created component with component type of 'jakarta.faces.HtmlPanelGroup'
[0m[32m14:37:08,581 FINE  [jakarta.enterprise.resource.webcontainer.faces.facelets.tag.component] (default task-1) /index.xhtml @33,34 <h:panelGroup> Component[2059540600_7ac21966] Created: jakarta.faces.component.html.HtmlPanelGroup
[0m[32m14:37:08,581 FINE  [jakarta.enterprise.resource.webcontainer.faces.application] (default task-1) Created component with component type of 'jakarta.faces.HtmlCommandButton'
[0m[32m14:37:08,581 FINE  [jakarta.enterprise.resource.webcontainer.faces.facelets.tag.component] (default task-1) /index.xhtml @35,124 <h:commandButton> Component[2059540600_7ac21940] Created: jakarta.faces.component.html.HtmlCommandButton
[0m[32m14:37:08,581 FINE  [jakarta.enterprise.resource.webcontainer.faces.application] (default task-1) Created component with component type of 'jakarta.faces.HtmlCommandButton'
[0m[32m14:37:08,581 FINE  [jakarta.enterprise.resource.webcontainer.faces.facelets.tag.component] (default task-1) /index.xhtml @36,117 <h:commandButton> Component[2059540600_7ac2193d] Created: jakarta.faces.component.html.HtmlCommandButton
[0m[32m14:37:08,582 FINE  [jakarta.enterprise.resource.webcontainer.faces.application] (default task-1) Rendering View: /index.xhtml
[0m[32m14:37:08,584 DEBUG [org.wildfly.clustering.marshalling.ByteBufferMarshalledValue] (default task-1) Marshalled size of java.util.concurrent.ConcurrentHashMap object = 588 bytes
[0m[32m14:37:08,602 FINE  [jakarta.enterprise.resource.webcontainer.faces.renderkit] (default task-1) component.getValue() returned 7C3pdibdm_Zk-TdSqQt5Ua63-47W6qHl-a_xaK-C
[0m[32m14:37:08,603 FINE  [jakarta.enterprise.resource.webcontainer.faces.renderkit] (default task-1) Value to be rendered 7C3pdibdm_Zk-TdSqQt5Ua63-47W6qHl-a_xaK-C
[0m[32m14:37:08,603 FINE  [jakarta.enterprise.resource.webcontainer.faces.renderkit] (default task-1) component.getValue() returned 80af7a46f92a
[0m[32m14:37:08,603 FINE  [jakarta.enterprise.resource.webcontainer.faces.renderkit] (default task-1) Value to be rendered 80af7a46f92a
[0m[32m14:37:08,603 FINE  [jakarta.enterprise.resource.webcontainer.faces.renderkit] (default task-1) component.getValue() returned 0
[0m[32m14:37:08,604 FINE  [jakarta.enterprise.resource.webcontainer.faces.application] (default task-1) Created converter of type 'jakarta.faces.convert.IntegerConverter'
[0m[32m14:37:08,604 FINE  [jakarta.enterprise.resource.webcontainer.faces.renderkit] (default task-1) Value to be rendered 0
[0m[32m14:37:08,605 FINE  [jakarta.enterprise.resource.webcontainer.faces.application] (default task-1) Begin writing marker for viewId /index.xhtml
[0m[32m14:37:08,605 FINE  [jakarta.enterprise.resource.webcontainer.faces.application] (default task-1) End writing marker for viewId /index.xhtml
[0m[32m14:37:08,605 FINE  [jakarta.faces.component] (default task-1) j_id1
[0m[32m14:37:08,605 FINE  [jakarta.enterprise.resource.webcontainer.faces.lifecycle] (default task-1) Exiting RenderResponsePhase
[0m[32m14:37:08,606 FINE  [jakarta.enterprise.resource.webcontainer.faces.timing] (default task-1)  [TIMING] - [27ms] : Execution time for phase (including any PhaseListeners) -> RENDER_RESPONSE 6
[0m[32m14:37:08,607 DEBUG [io.undertow.request.io] (default task-1) UT005013: An IOException occurred: java.net.SocketException: Connection reset
	at java.base/sun.nio.ch.SocketChannelImpl.throwConnectionReset(SocketChannelImpl.java:401)
	at java.base/sun.nio.ch.SocketChannelImpl.read(SocketChannelImpl.java:434)
	at org.jboss.xnio.nio@3.8.16.Final-redhat-00001//org.xnio.nio.NioSocketConduit.read(NioSocketConduit.java:289)
	at org.jboss.xnio@3.8.16.Final-redhat-00001//org.xnio.conduits.AbstractStreamSourceConduit.read(AbstractStreamSourceConduit.java:51)
	at io.undertow.core@2.3.23.SP3-redhat-00001//io.undertow.conduits.ReadTimeoutStreamSourceConduit.read(ReadTimeoutStreamSourceConduit.java:181)
	at org.jboss.xnio@3.8.16.Final-redhat-00001//org.xnio.conduits.AbstractStreamSourceConduit.read(AbstractStreamSourceConduit.java:51)
	at io.undertow.core@2.3.23.SP3-redhat-00001//io.undertow.conduits.BytesReceivedStreamSourceConduit.read(BytesReceivedStreamSourceConduit.java:67)
	at org.jboss.xnio@3.8.16.Final-redhat-00001//org.xnio.conduits.ConduitStreamSourceChannel.read(ConduitStreamSourceChannel.java:127)
	at io.undertow.core@2.3.23.SP3-redhat-00001//io.undertow.util.ConnectionUtils.doDrain(ConnectionUtils.java:96)
	at io.undertow.core@2.3.23.SP3-redhat-00001//io.undertow.util.ConnectionUtils.cleanClose(ConnectionUtils.java:74)
	at io.undertow.core@2.3.23.SP3-redhat-00001//io.undertow.server.protocol.http.HttpReadListener.exchangeComplete(HttpReadListener.java:374)
	at io.undertow.core@2.3.23.SP3-redhat-00001//io.undertow.server.protocol.http.HttpServerConnection.exchangeComplete(HttpServerConnection.java:244)
	at io.undertow.core@2.3.23.SP3-redhat-00001//io.undertow.server.HttpServerExchange$ExchangeCompleteNextListener.proceed(HttpServerExchange.java:2062)
	at io.undertow.core@2.3.23.SP3-redhat-00001//io.undertow.server.ConnectorStatisticsImpl$1.exchangeEvent(ConnectorStatisticsImpl.java:75)
	at io.undertow.core@2.3.23.SP3-redhat-00001//io.undertow.server.HttpServerExchange$ExchangeCompleteNextListener.proceed(HttpServerExchange.java:2060)
	at io.undertow.core@2.3.23.SP3-redhat-00001//io.undertow.server.handlers.MetricsHandler$2.exchangeEvent(MetricsHandler.java:60)
	at io.undertow.core@2.3.23.SP3-redhat-00001//io.undertow.server.HttpServerExchange.invokeExchangeCompleteListeners(HttpServerExchange.java:1436)
	at io.undertow.core@2.3.23.SP3-redhat-00001//io.undertow.server.HttpServerExchange.terminateResponse(HttpServerExchange.java:1723)
	at io.undertow.core@2.3.23.SP3-redhat-00001//io.undertow.server.Connectors.terminateResponse(Connectors.java:198)
	at io.undertow.core@2.3.23.SP3-redhat-00001//io.undertow.server.protocol.http.ServerFixedLengthStreamSinkConduit.channelFinished(ServerFixedLengthStreamSinkConduit.java:58)
	at io.undertow.core@2.3.23.SP3-redhat-00001//io.undertow.conduits.AbstractFixedLengthStreamSinkConduit.exitFlush(AbstractFixedLengthStreamSinkConduit.java:316)
	at io.undertow.core@2.3.23.SP3-redhat-00001//io.undertow.conduits.AbstractFixedLengthStreamSinkConduit.flush(AbstractFixedLengthStreamSinkConduit.java:234)
	at org.jboss.xnio@3.8.16.Final-redhat-00001//org.xnio.conduits.ConduitStreamSinkChannel.flush(ConduitStreamSinkChannel.java:162)
	at io.undertow.core@2.3.23.SP3-redhat-00001//io.undertow.channels.DetachableStreamSinkChannel.flush(DetachableStreamSinkChannel.java:119)
	at org.jboss.xnio@3.8.16.Final-redhat-00001//org.xnio.channels.Channels.flushBlocking(Channels.java:63)
	at io.undertow.servlet@2.3.23.SP3-redhat-00001//io.undertow.servlet.spec.ServletOutputStreamImpl.close(ServletOutputStreamImpl.java:654)
	at io.undertow.servlet@2.3.23.SP3-redhat-00001//io.undertow.servlet.spec.ServletPrintWriter.close(ServletPrintWriter.java:130)
	at io.undertow.servlet@2.3.23.SP3-redhat-00001//io.undertow.servlet.spec.ServletPrintWriterDelegate.close(ServletPrintWriterDelegate.java:79)
	at io.undertow.servlet@2.3.23.SP3-redhat-00001//io.undertow.servlet.spec.HttpServletResponseImpl.closeStreamAndWriter(HttpServletResponseImpl.java:505)
	at io.undertow.servlet@2.3.23.SP3-redhat-00001//io.undertow.servlet.spec.HttpServletResponseImpl.responseDone(HttpServletResponseImpl.java:606)
	at io.undertow.servlet@2.3.23.SP3-redhat-00001//io.undertow.servlet.handlers.ServletInitialHandler.handleFirstRequest(ServletInitialHandler.java:330)
	at io.undertow.servlet@2.3.23.SP3-redhat-00001//io.undertow.servlet.handlers.ServletInitialHandler$1.call(ServletInitialHandler.java:130)
	at io.undertow.servlet@2.3.23.SP3-redhat-00001//io.undertow.servlet.handlers.ServletInitialHandler$1.call(ServletInitialHandler.java:127)
	at io.undertow.servlet@2.3.23.SP3-redhat-00001//io.undertow.servlet.core.ServletRequestContextThreadSetupAction$1.call(ServletRequestContextThreadSetupAction.java:48)
	at io.undertow.servlet@2.3.23.SP3-redhat-00001//io.undertow.servlet.core.ContextClassLoaderSetupAction$1.call(ContextClassLoaderSetupAction.java:43)
	at org.wildfly.extension.undertow@8.1.1.GA-redhat-00012//org.wildfly.extension.undertow.deployment.UndertowDeploymentInfoService$UndertowThreadSetupAction.lambda$create$0(UndertowDeploymentInfoService.java:1421)
	at org.wildfly.extension.undertow@8.1.1.GA-redhat-00012//org.wildfly.extension.undertow.deployment.UndertowDeploymentInfoService$UndertowThreadSetupAction.lambda$create$0(UndertowDeploymentInfoService.java:1421)
	at org.wildfly.extension.undertow@8.1.1.GA-redhat-00012//org.wildfly.extension.undertow.deployment.UndertowDeploymentInfoService$UndertowThreadSetupAction.lambda$create$0(UndertowDeploymentInfoService.java:1421)
	at org.wildfly.extension.undertow@8.1.1.GA-redhat-00012//org.wildfly.extension.undertow.deployment.UndertowDeploymentInfoService$UndertowThreadSetupAction.lambda$create$0(UndertowDeploymentInfoService.java:1421)
	at io.undertow.servlet@2.3.23.SP3-redhat-00001//io.undertow.servlet.handlers.ServletInitialHandler.dispatchRequest(ServletInitialHandler.java:251)
	at io.undertow.servlet@2.3.23.SP3-redhat-00001//io.undertow.servlet.handlers.ServletInitialHandler.lambda$new$1(ServletInitialHandler.java:99)
	at io.undertow.core@2.3.23.SP3-redhat-00001//io.undertow.server.Connectors.executeRootHandler(Connectors.java:418)
	at io.undertow.core@2.3.23.SP3-redhat-00001//io.undertow.server.HttpServerExchange$1.run(HttpServerExchange.java:938)
	at org.jboss.threads@2.5.0.redhat-00001//org.jboss.threads.ContextClassLoaderSavingRunnable.run(ContextClassLoaderSavingRunnable.java:35)
	at org.jboss.threads@2.5.0.redhat-00001//org.jboss.threads.EnhancedQueueExecutor.safeRun(EnhancedQueueExecutor.java:2024)
	at org.jboss.threads@2.5.0.redhat-00001//org.jboss.threads.EnhancedQueueExecutor$ThreadBody.doRunTask(EnhancedQueueExecutor.java:1520)
	at org.jboss.threads@2.5.0.redhat-00001//org.jboss.threads.EnhancedQueueExecutor$ThreadBody.run(EnhancedQueueExecutor.java:1411)
	at org.jboss.xnio@3.8.16.Final-redhat-00001//org.xnio.XnioWorker$WorkerThreadFactory$1$1.run(XnioWorker.java:1282)
	at java.base/java.lang.Thread.run(Thread.java:1583)

[0m[32m14:37:08,608 DEBUG [org.wildfly.clustering.marshalling.ByteBufferMarshalledValue] (default task-1) Marshalled size of java.util.concurrent.ConcurrentHashMap object = 1884 bytes
[0m[32m14:37:08,615 DEBUG [io.undertow.request] (default I/O-7) Matched default handler path /index.xhtml
[0m[32m14:37:08,615 DEBUG [org.wildfly.clustering.marshalling.ByteBufferMarshalledValue] (default task-2) Marshalled size of org.wildfly.clustering.server.infinispan.scheduler.CancelCommand object = 49 bytes
[0m[32m14:37:08,622 FINE  [jakarta.enterprise.resource.webcontainer.faces.lifecycle] (default task-2) execute(com.sun.faces.context.FacesContextImpl@5760133d)
[0m[32m14:37:08,623 FINE  [jakarta.enterprise.resource.webcontainer.faces.lifecycle] (default task-2) Entering RestoreViewPhase
[0m[32m14:37:08,623 FINE  [jakarta.enterprise.resource.webcontainer.faces.application] (default task-2) Created component with component type of 'jakarta.faces.ViewRoot'
[0m[32m14:37:08,623 FINE  [jakarta.enterprise.resource.webcontainer.faces.application] (default task-2) Created component with component type of 'jakarta.faces.ViewRoot'
[0m[32m14:37:08,624 FINE  [jakarta.enterprise.resource.webcontainer.faces.application] (default task-2) Created component with component type of 'jakarta.faces.ViewRoot'
[0m[32m14:37:08,624 FINE  [jakarta.enterprise.resource.webcontainer.faces.application] (default task-2) Created component with component type of 'jakarta.faces.ViewRoot'
[0m[32m14:37:08,624 FINE  [jakarta.enterprise.resource.webcontainer.faces.application] (default task-2) Created component with component type of 'jakarta.faces.ViewRoot'
[0m[32m14:37:08,624 FINE  [jakarta.enterprise.resource.webcontainer.faces.application] (default task-2) Created component with component type of 'jakarta.faces.ViewRoot'
[0m[32m14:37:08,624 FINE  [jakarta.enterprise.resource.webcontainer.faces.application] (default task-2) Created new view for /index.xhtml
[0m[32m14:37:08,624 FINE  [jakarta.enterprise.resource.webcontainer.faces.application] (default task-2) Locale for this view as determined by calculateLocale en_US
[0m[32m14:37:08,624 FINE  [jakarta.enterprise.resource.webcontainer.faces.application] (default task-2) Created component with component type of 'jakarta.faces.ViewRoot'
[0m[32m14:37:08,624 FINE  [jakarta.enterprise.resource.webcontainer.faces.application] (default task-2) RenderKitId for this view as determined by calculateRenderKitId HTML_BASIC
[0m[32m14:37:08,624 FINE  [jakarta.enterprise.resource.webcontainer.faces.application] (default task-2) Building View: /index.xhtml
[0m[32m14:37:08,624 FINE  [jakarta.enterprise.resource.webcontainer.faces.application] (default task-2) Created component with component type of 'jakarta.faces.Output'
[0m[32m14:37:08,625 FINE  [jakarta.enterprise.resource.webcontainer.faces.facelets.tag.component] (default task-2) /index.xhtml @6,11 <h:head> Component[2059540600_7ac2185f] Created: jakarta.faces.component.UIOutput
[0m[32m14:37:08,625 FINE  [jakarta.enterprise.resource.webcontainer.faces.application] (default task-2) Created component with component type of 'jakarta.faces.OutputBody'
[0m[32m14:37:08,625 FINE  [jakarta.enterprise.resource.webcontainer.faces.facelets.tag.component] (default task-2) /index.xhtml @10,11 <h:body> Component[2059540600_7ac21839] Created: jakarta.faces.component.html.HtmlBody
[0m[32m14:37:08,625 FINE  [jakarta.enterprise.resource.webcontainer.faces.application] (default task-2) Created component with component type of 'jakarta.faces.HtmlPanelGroup'
[0m[32m14:37:08,625 FINE  [jakarta.enterprise.resource.webcontainer.faces.facelets.tag.component] (default task-2) /index.xhtml @13,60 <h:panelGroup> Component[2059540600_7ac21823] Created: jakarta.faces.component.html.HtmlPanelGroup
[0m[32m14:37:08,625 FINE  [jakarta.enterprise.resource.webcontainer.faces.application] (default task-2) Created component with component type of 'jakarta.faces.HtmlOutputText'
[0m[32m14:37:08,625 FINE  [jakarta.enterprise.resource.webcontainer.faces.facelets.tag.component] (default task-2) /index.xhtml @15,61 <h:outputText> Component[2059540600_7ac2180d] Created: jakarta.faces.component.html.HtmlOutputText
[0m[32m14:37:08,625 FINE  [jakarta.enterprise.resource.webcontainer.faces.application] (default task-2) Created component with component type of 'jakarta.faces.HtmlPanelGroup'
[0m[32m14:37:08,626 FINE  [jakarta.enterprise.resource.webcontainer.faces.facelets.tag.component] (default task-2) /index.xhtml @17,60 <h:panelGroup> Component[2059540600_7ac218fa] Created: jakarta.faces.component.html.HtmlPanelGroup
[0m[32m14:37:08,626 FINE  [jakarta.enterprise.resource.webcontainer.faces.application] (default task-2) Created component with component type of 'jakarta.faces.HtmlOutputText'
[0m[32m14:37:08,626 FINE  [jakarta.enterprise.resource.webcontainer.faces.facelets.tag.component] (default task-2) /index.xhtml @19,60 <h:outputText> Component[2059540600_7ac218e4] Created: jakarta.faces.component.html.HtmlOutputText
[0m[32m14:37:08,626 FINE  [jakarta.enterprise.resource.webcontainer.faces.application] (default task-2) Created component with component type of 'jakarta.faces.HtmlPanelGroup'
[0m[32m14:37:08,626 FINE  [jakarta.enterprise.resource.webcontainer.faces.facelets.tag.component] (default task-2) /index.xhtml @21,61 <h:panelGroup> Component[2059540600_7ac218d1] Created: jakarta.faces.component.html.HtmlPanelGroup
[0m[32m14:37:08,626 FINE  [jakarta.enterprise.resource.webcontainer.faces.application] (default task-2) Created component with component type of 'jakarta.faces.HtmlOutputText'
[0m[32m14:37:08,626 FINE  [jakarta.enterprise.resource.webcontainer.faces.facelets.tag.component] (default task-2) /index.xhtml @23,59 <h:outputText> Component[2059540600_7ac218bb] Created: jakarta.faces.component.html.HtmlOutputText
[0m[32m14:37:08,626 FINE  [jakarta.enterprise.resource.webcontainer.faces.application] (default task-2) Created component with component type of 'jakarta.faces.HtmlForm'
[0m[32m14:37:08,626 FINE  [jakarta.enterprise.resource.webcontainer.faces.facelets.tag.component] (default task-2) /index.xhtml @26,11 <h:form> Component[2059540600_7ac218a8] Created: jakarta.faces.component.html.HtmlForm
[0m[32m14:37:08,626 FINE  [jakarta.enterprise.resource.webcontainer.faces.application] (default task-2) Created component with component type of 'jakarta.faces.HtmlPanelGroup'
[0m[32m14:37:08,626 FINE  [jakarta.enterprise.resource.webcontainer.faces.facelets.tag.component] (default task-2) /index.xhtml @27,62 <h:panelGroup> Component[2059540600_7ac21892] Created: jakarta.faces.component.html.HtmlPanelGroup
[0m[32m14:37:08,626 FINE  [jakarta.enterprise.resource.webcontainer.faces.application] (default task-2) Created component with component type of 'jakarta.faces.HtmlCommandButton'
[0m[32m14:37:08,627 FINE  [jakarta.enterprise.resource.webcontainer.faces.facelets.tag.component] (default task-2) /index.xhtml @29,119 <h:commandButton> Component[2059540600_7ac2197c] Created: jakarta.faces.component.html.HtmlCommandButton
[0m[32m14:37:08,627 FINE  [jakarta.enterprise.resource.webcontainer.faces.application] (default task-2) Created component with component type of 'jakarta.faces.HtmlCommandButton'
[0m[32m14:37:08,627 FINE  [jakarta.enterprise.resource.webcontainer.faces.facelets.tag.component] (default task-2) /index.xhtml @30,112 <h:commandButton> Component[2059540600_7ac21969] Created: jakarta.faces.component.html.HtmlCommandButton
[0m[32m14:37:08,627 FINE  [jakarta.enterprise.resource.webcontainer.faces.application] (default task-2) Created component with component type of 'jakarta.faces.HtmlPanelGroup'
[0m[32m14:37:08,627 FINE  [jakarta.enterprise.resource.webcontainer.faces.facelets.tag.component] (default task-2) /index.xhtml @33,34 <h:panelGroup> Component[2059540600_7ac21966] Created: jakarta.faces.component.html.HtmlPanelGroup
[0m[32m14:37:08,627 FINE  [jakarta.enterprise.resource.webcontainer.faces.application] (default task-2) Created component with component type of 'jakarta.faces.HtmlCommandButton'
[0m[32m14:37:08,627 FINE  [jakarta.enterprise.resource.webcontainer.faces.facelets.tag.component] (default task-2) /index.xhtml @35,124 <h:commandButton> Component[2059540600_7ac21940] Created: jakarta.faces.component.html.HtmlCommandButton
[0m[32m14:37:08,627 FINE  [jakarta.enterprise.resource.webcontainer.faces.application] (default task-2) Created component with component type of 'jakarta.faces.HtmlCommandButton'
[0m[32m14:37:08,627 FINE  [jakarta.enterprise.resource.webcontainer.faces.facelets.tag.component] (default task-2) /index.xhtml @36,117 <h:commandButton> Component[2059540600_7ac2193d] Created: jakarta.faces.component.html.HtmlCommandButton
[0m[32m14:37:08,627 FINE  [jakarta.enterprise.resource.webcontainer.faces.lifecycle] (default task-2) Postback: restored view for /index.xhtml
[0m[32m14:37:08,628 FINE  [jakarta.enterprise.resource.webcontainer.faces.lifecycle] (default task-2) Exiting RestoreViewPhase
[0m[32m14:37:08,628 FINE  [jakarta.enterprise.resource.webcontainer.faces.timing] (default task-2)  [TIMING] - [5ms] : Execution time for phase (including any PhaseListeners) -> RESTORE_VIEW 1
[0m[32m14:37:08,628 FINE  [jakarta.enterprise.resource.webcontainer.faces.lifecycle] (default task-2) Entering ApplyRequestValuesPhase
[0m[32m14:37:08,628 FINE  [jakarta.enterprise.resource.webcontainer.faces.renderkit] (default task-2) No decoding necessary since the component j_idt10 is not an instance or a sub class of UIInput
[0m[32m14:37:08,628 FINE  [jakarta.enterprise.resource.webcontainer.faces.renderkit] (default task-2) No decoding necessary since the component j_idt6 is not an instance or a sub class of UIInput
[0m[32m14:37:08,628 FINE  [jakarta.enterprise.resource.webcontainer.faces.renderkit] (default task-2) No decoding necessary since the component j_idt13 is not an instance or a sub class of UIInput
[0m[32m14:37:08,628 FINE  [jakarta.enterprise.resource.webcontainer.faces.renderkit] (default task-2) No decoding necessary since the component j_idt11 is not an instance or a sub class of UIInput
[0m[32m14:37:08,628 FINE  [jakarta.enterprise.resource.webcontainer.faces.renderkit] (default task-2) No decoding necessary since the component j_idt16 is not an instance or a sub class of UIInput
[0m[32m14:37:08,628 FINE  [jakarta.enterprise.resource.webcontainer.faces.renderkit] (default task-2) No decoding necessary since the component j_idt14 is not an instance or a sub class of UIInput
[0m[32m14:37:08,628 FINE  [jakarta.enterprise.resource.webcontainer.faces.renderkit] (default task-2) UIForm with client ID j_idt17, submitted
[0m[32m14:37:08,628 FINE  [jakarta.enterprise.resource.webcontainer.faces.renderkit] (default task-2) This command resulted in form submission  ActionEvent queued.
[0m[32m14:37:08,628 FINE  [jakarta.enterprise.resource.webcontainer.faces.renderkit] (default task-2) End decoding component j_idt20
[0m[32m14:37:08,629 FINE  [jakarta.enterprise.resource.webcontainer.faces.renderkit] (default task-2) No decoding necessary since the component j_idt18 is not an instance or a sub class of UIInput
[0m[32m14:37:08,629 FINE  [jakarta.enterprise.resource.webcontainer.faces.renderkit] (default task-2) No decoding necessary since the component j_idt23 is not an instance or a sub class of UIInput
[0m[32m14:37:08,629 FINE  [jakarta.enterprise.resource.webcontainer.faces.lifecycle] (default task-2) Exiting ApplyRequestValuesPhase
[0m[32m14:37:08,629 FINE  [jakarta.enterprise.resource.webcontainer.faces.timing] (default task-2)  [TIMING] - [1ms] : Execution time for phase (including any PhaseListeners) -> APPLY_REQUEST_VALUES 2
[0m[32m14:37:08,629 FINE  [jakarta.enterprise.resource.webcontainer.faces.lifecycle] (default task-2) Entering ProcessValidationsPhase
[0m[32m14:37:08,629 FINE  [jakarta.enterprise.resource.webcontainer.faces.lifecycle] (default task-2) Exiting ProcessValidationsPhase
[0m[32m14:37:08,629 FINE  [jakarta.enterprise.resource.webcontainer.faces.timing] (default task-2)  [TIMING] - [0ms] : Execution time for phase (including any PhaseListeners) -> PROCESS_VALIDATIONS 3
[0m[32m14:37:08,629 FINE  [jakarta.enterprise.resource.webcontainer.faces.lifecycle] (default task-2) Entering UpdateModelValuesPhase
[0m[32m14:37:08,629 FINE  [jakarta.enterprise.resource.webcontainer.faces.lifecycle] (default task-2) Exiting UpdateModelValuesPhase
[0m[32m14:37:08,629 FINE  [jakarta.enterprise.resource.webcontainer.faces.timing] (default task-2)  [TIMING] - [0ms] : Execution time for phase (including any PhaseListeners) -> UPDATE_MODEL_VALUES 4
[0m[32m14:37:08,629 FINE  [jakarta.enterprise.resource.webcontainer.faces.lifecycle] (default task-2) Entering InvokeApplicationsPhase
[0m[32m14:37:08,629 FINE  [jakarta.enterprise.resource.webcontainer.faces.application] (default task-2) processAction(j_idt20)
[0m[32m14:37:08,630 FINE  [jakarta.enterprise.resource.webcontainer.faces.application] (default task-2) Redirecting to path /index.xhtml for outcome index.xhtml?faces-redirect=trueand viewId /index.xhtml
[0m[32m14:37:08,637 DEBUG [org.wildfly.clustering.marshalling.ByteBufferMarshalledValue] (default task-2) Marshalled size of java.util.concurrent.ConcurrentHashMap object = 1978 bytes
[0m[32m14:37:08,648 DEBUG [org.wildfly.clustering.marshalling.ByteBufferMarshalledValue] (default task-2) Marshalled size of org.wildfly.clustering.server.infinispan.scheduler.ScheduleWithTransientMetaDataCommand object = 49 bytes
[0m[32m14:37:08,651 FINE  [jakarta.enterprise.resource.webcontainer.faces.application] (default task-2) Response complete for /index.xhtml
[0m[32m14:37:08,651 FINE  [jakarta.enterprise.resource.webcontainer.faces.lifecycle] (default task-2) Exiting InvokeApplicationsPhase
[0m[32m14:37:08,652 FINE  [jakarta.enterprise.resource.webcontainer.faces.timing] (default task-2)  [TIMING] - [22ms] : Execution time for phase (including any PhaseListeners) -> INVOKE_APPLICATION 5
[0m[32m14:37:08,652 FINE  [jakarta.enterprise.resource.webcontainer.faces.lifecycle] (default task-2) render(com.sun.faces.context.FacesContextImpl@5760133d)
[0m[32m14:37:08,652 DEBUG [org.wildfly.clustering.marshalling.ByteBufferMarshalledValue] (default task-2) Marshalled size of org.wildfly.clustering.server.infinispan.scheduler.CancelCommand object = 49 bytes
[0m[32m14:37:08,658 DEBUG [org.wildfly.clustering.marshalling.ByteBufferMarshalledValue] (default task-2) Marshalled size of java.util.concurrent.ConcurrentHashMap object = 1978 bytes
[0m[32m14:37:08,686 DEBUG [org.wildfly.clustering.marshalling.ByteBufferMarshalledValue] (default task-2) Marshalled size of org.wildfly.clustering.server.infinispan.scheduler.ScheduleWithTransientMetaDataCommand object = 49 bytes
[0m[32m14:37:08,723 DEBUG [org.wildfly.clustering.marshalling.ByteBufferMarshalledValue] (default task-2) Marshalled size of org.wildfly.clustering.server.infinispan.scheduler.CancelCommand object = 49 bytes
[0m[32m14:37:08,727 DEBUG [org.wildfly.clustering.marshalling.ByteBufferMarshalledValue] (default task-2) Marshalled size of java.util.concurrent.ConcurrentHashMap object = 1978 bytes
[0m[32m14:37:08,734 DEBUG [io.undertow.request] (default I/O-7) Matched default handler path /.well-known/appspecific/com.chrome.devtools.json
[0m[32m14:37:08,742 DEBUG [org.wildfly.clustering.marshalling.ByteBufferMarshalledValue] (default task-2) Marshalled size of org.wildfly.clustering.server.infinispan.scheduler.ScheduleWithTransientMetaDataCommand object = 49 bytes
[0m[32m14:37:08,744 DEBUG [org.wildfly.clustering.marshalling.ByteBufferMarshalledValue] (default task-1) Marshalled size of org.wildfly.clustering.server.infinispan.scheduler.CancelCommand object = 49 bytes
[0m[32m14:37:08,754 DEBUG [org.wildfly.clustering.marshalling.ByteBufferMarshalledValue] (default task-1) Marshalled size of org.wildfly.clustering.server.infinispan.scheduler.ScheduleWithTransientMetaDataCommand object = 49 bytes
[0m[32m14:37:10,609 DEBUG [io.undertow.request] (default I/O-8) Matched default handler path /index.xhtml
[0m[32m14:37:10,610 FINE  [jakarta.enterprise.resource.webcontainer.faces.lifecycle] (default task-1) execute(com.sun.faces.context.FacesContextImpl@1eb23770)
[0m[32m14:37:10,610 FINE  [jakarta.enterprise.resource.webcontainer.faces.lifecycle] (default task-1) Entering RestoreViewPhase
[0m[32m14:37:10,610 FINE  [jakarta.enterprise.resource.webcontainer.faces.application] (default task-1) Created component with component type of 'jakarta.faces.ViewRoot'
[0m[32m14:37:10,610 FINE  [jakarta.enterprise.resource.webcontainer.faces.application] (default task-1) Created component with component type of 'jakarta.faces.ViewRoot'
[0m[32m14:37:10,610 FINE  [jakarta.enterprise.resource.webcontainer.faces.application] (default task-1) Created component with component type of 'jakarta.faces.ViewRoot'
[0m[32m14:37:10,610 FINE  [jakarta.enterprise.resource.webcontainer.faces.lifecycle] (default task-1) New request: creating a view for /index.xhtml
[0m[32m14:37:10,610 FINE  [jakarta.enterprise.resource.webcontainer.faces.application] (default task-1) Created component with component type of 'jakarta.faces.ViewRoot'
[0m[32m14:37:10,610 FINE  [jakarta.enterprise.resource.webcontainer.faces.application] (default task-1) Created new view for /index.xhtml
[0m[32m14:37:10,610 FINE  [jakarta.enterprise.resource.webcontainer.faces.application] (default task-1) Locale for this view as determined by calculateLocale en_US
[0m[32m14:37:10,611 FINE  [jakarta.enterprise.resource.webcontainer.faces.application] (default task-1) Created component with component type of 'jakarta.faces.ViewRoot'
[0m[32m14:37:10,611 FINE  [jakarta.enterprise.resource.webcontainer.faces.application] (default task-1) RenderKitId for this view as determined by calculateRenderKitId HTML_BASIC
[0m[32m14:37:10,611 FINE  [jakarta.enterprise.resource.webcontainer.faces.lifecycle] (default task-1) Exiting RestoreViewPhase
[0m[32m14:37:10,611 FINE  [jakarta.enterprise.resource.webcontainer.faces.timing] (default task-1)  [TIMING] - [1ms] : Execution time for phase (including any PhaseListeners) -> RESTORE_VIEW 1
[0m[32m14:37:10,611 FINE  [jakarta.enterprise.resource.webcontainer.faces.lifecycle] (default task-1) render(com.sun.faces.context.FacesContextImpl@1eb23770)
[0m[32m14:37:10,611 FINE  [jakarta.enterprise.resource.webcontainer.faces.lifecycle] (default task-1) Entering RenderResponsePhase
[0m[32m14:37:10,612 FINE  [jakarta.enterprise.resource.webcontainer.faces.lifecycle] (default task-1) About to render view /index.xhtml
[0m[32m14:37:10,612 FINE  [jakarta.enterprise.resource.webcontainer.faces.application] (default task-1) Building View: /index.xhtml
[0m[32m14:37:10,612 FINE  [jakarta.enterprise.resource.webcontainer.faces.application] (default task-1) Created component with component type of 'jakarta.faces.Output'
[0m[32m14:37:10,612 FINE  [jakarta.enterprise.resource.webcontainer.faces.facelets.tag.component] (default task-1) /index.xhtml @6,11 <h:head> Component[2059540600_7ac2185f] Created: jakarta.faces.component.UIOutput
[0m[32m14:37:10,612 FINE  [jakarta.enterprise.resource.webcontainer.faces.application] (default task-1) Created component with component type of 'jakarta.faces.OutputBody'
[0m[32m14:37:10,612 FINE  [jakarta.enterprise.resource.webcontainer.faces.facelets.tag.component] (default task-1) /index.xhtml @10,11 <h:body> Component[2059540600_7ac21839] Created: jakarta.faces.component.html.HtmlBody
[0m[32m14:37:10,612 FINE  [jakarta.enterprise.resource.webcontainer.faces.application] (default task-1) Created component with component type of 'jakarta.faces.HtmlPanelGroup'
[0m[32m14:37:10,612 FINE  [jakarta.enterprise.resource.webcontainer.faces.facelets.tag.component] (default task-1) /index.xhtml @13,60 <h:panelGroup> Component[2059540600_7ac21823] Created: jakarta.faces.component.html.HtmlPanelGroup
[0m[32m14:37:10,612 FINE  [jakarta.enterprise.resource.webcontainer.faces.application] (default task-1) Created component with component type of 'jakarta.faces.HtmlOutputText'
[0m[32m14:37:10,612 FINE  [jakarta.enterprise.resource.webcontainer.faces.facelets.tag.component] (default task-1) /index.xhtml @15,61 <h:outputText> Component[2059540600_7ac2180d] Created: jakarta.faces.component.html.HtmlOutputText
[0m[32m14:37:10,613 FINE  [jakarta.enterprise.resource.webcontainer.faces.application] (default task-1) Created component with component type of 'jakarta.faces.HtmlPanelGroup'
[0m[32m14:37:10,613 FINE  [jakarta.enterprise.resource.webcontainer.faces.facelets.tag.component] (default task-1) /index.xhtml @17,60 <h:panelGroup> Component[2059540600_7ac218fa] Created: jakarta.faces.component.html.HtmlPanelGroup
[0m[32m14:37:10,613 FINE  [jakarta.enterprise.resource.webcontainer.faces.application] (default task-1) Created component with component type of 'jakarta.faces.HtmlOutputText'
[0m[32m14:37:10,613 FINE  [jakarta.enterprise.resource.webcontainer.faces.facelets.tag.component] (default task-1) /index.xhtml @19,60 <h:outputText> Component[2059540600_7ac218e4] Created: jakarta.faces.component.html.HtmlOutputText
[0m[32m14:37:10,613 FINE  [jakarta.enterprise.resource.webcontainer.faces.application] (default task-1) Created component with component type of 'jakarta.faces.HtmlPanelGroup'
[0m[32m14:37:10,613 FINE  [jakarta.enterprise.resource.webcontainer.faces.facelets.tag.component] (default task-1) /index.xhtml @21,61 <h:panelGroup> Component[2059540600_7ac218d1] Created: jakarta.faces.component.html.HtmlPanelGroup
[0m[32m14:37:10,613 FINE  [jakarta.enterprise.resource.webcontainer.faces.application] (default task-1) Created component with component type of 'jakarta.faces.HtmlOutputText'
[0m[32m14:37:10,613 FINE  [jakarta.enterprise.resource.webcontainer.faces.facelets.tag.component] (default task-1) /index.xhtml @23,59 <h:outputText> Component[2059540600_7ac218bb] Created: jakarta.faces.component.html.HtmlOutputText
[0m[32m14:37:10,613 FINE  [jakarta.enterprise.resource.webcontainer.faces.application] (default task-1) Created component with component type of 'jakarta.faces.HtmlForm'
[0m[32m14:37:10,613 FINE  [jakarta.enterprise.resource.webcontainer.faces.facelets.tag.component] (default task-1) /index.xhtml @26,11 <h:form> Component[2059540600_7ac218a8] Created: jakarta.faces.component.html.HtmlForm
[0m[32m14:37:10,613 FINE  [jakarta.enterprise.resource.webcontainer.faces.application] (default task-1) Created component with component type of 'jakarta.faces.HtmlPanelGroup'
[0m[32m14:37:10,613 FINE  [jakarta.enterprise.resource.webcontainer.faces.facelets.tag.component] (default task-1) /index.xhtml @27,62 <h:panelGroup> Component[2059540600_7ac21892] Created: jakarta.faces.component.html.HtmlPanelGroup
[0m[32m14:37:10,613 FINE  [jakarta.enterprise.resource.webcontainer.faces.application] (default task-1) Created component with component type of 'jakarta.faces.HtmlCommandButton'
[0m[32m14:37:10,614 FINE  [jakarta.enterprise.resource.webcontainer.faces.facelets.tag.component] (default task-1) /index.xhtml @29,119 <h:commandButton> Component[2059540600_7ac2197c] Created: jakarta.faces.component.html.HtmlCommandButton
[0m[32m14:37:10,614 FINE  [jakarta.enterprise.resource.webcontainer.faces.application] (default task-1) Created component with component type of 'jakarta.faces.HtmlCommandButton'
[0m[32m14:37:10,614 FINE  [jakarta.enterprise.resource.webcontainer.faces.facelets.tag.component] (default task-1) /index.xhtml @30,112 <h:commandButton> Component[2059540600_7ac21969] Created: jakarta.faces.component.html.HtmlCommandButton
[0m[32m14:37:10,614 FINE  [jakarta.enterprise.resource.webcontainer.faces.application] (default task-1) Created component with component type of 'jakarta.faces.HtmlPanelGroup'
[0m[32m14:37:10,614 FINE  [jakarta.enterprise.resource.webcontainer.faces.facelets.tag.component] (default task-1) /index.xhtml @33,34 <h:panelGroup> Component[2059540600_7ac21966] Created: jakarta.faces.component.html.HtmlPanelGroup
[0m[32m14:37:10,614 FINE  [jakarta.enterprise.resource.webcontainer.faces.application] (default task-1) Created component with component type of 'jakarta.faces.HtmlCommandButton'
[0m[32m14:37:10,614 FINE  [jakarta.enterprise.resource.webcontainer.faces.facelets.tag.component] (default task-1) /index.xhtml @35,124 <h:commandButton> Component[2059540600_7ac21940] Created: jakarta.faces.component.html.HtmlCommandButton
[0m[32m14:37:10,614 FINE  [jakarta.enterprise.resource.webcontainer.faces.application] (default task-1) Created component with component type of 'jakarta.faces.HtmlCommandButton'
[0m[32m14:37:10,614 FINE  [jakarta.enterprise.resource.webcontainer.faces.facelets.tag.component] (default task-1) /index.xhtml @36,117 <h:commandButton> Component[2059540600_7ac2193d] Created: jakarta.faces.component.html.HtmlCommandButton
[0m[32m14:37:10,614 FINE  [jakarta.enterprise.resource.webcontainer.faces.application] (default task-1) Rendering View: /index.xhtml
[0m[32m14:37:10,616 DEBUG [org.wildfly.clustering.marshalling.ByteBufferMarshalledValue] (default task-1) Marshalled size of java.util.concurrent.ConcurrentHashMap object = 588 bytes
[0m[32m14:37:10,619 FINE  [jakarta.enterprise.resource.webcontainer.faces.renderkit] (default task-1) component.getValue() returned QkOFQRwhD6iETziIoglh8i6Jg6tu1rqcBqPueQ0t
[0m[32m14:37:10,619 FINE  [jakarta.enterprise.resource.webcontainer.faces.renderkit] (default task-1) Value to be rendered QkOFQRwhD6iETziIoglh8i6Jg6tu1rqcBqPueQ0t
[0m[32m14:37:10,622 FINE  [jakarta.enterprise.resource.webcontainer.faces.renderkit] (default task-1) component.getValue() returned 80af7a46f92a
[0m[32m14:37:10,622 FINE  [jakarta.enterprise.resource.webcontainer.faces.renderkit] (default task-1) Value to be rendered 80af7a46f92a
[0m[32m14:37:10,626 FINE  [jakarta.enterprise.resource.webcontainer.faces.renderkit] (default task-1) component.getValue() returned 0
[0m[32m14:37:10,627 FINE  [jakarta.enterprise.resource.webcontainer.faces.application] (default task-1) Created converter of type 'jakarta.faces.convert.IntegerConverter'
[0m[32m14:37:10,627 FINE  [jakarta.enterprise.resource.webcontainer.faces.renderkit] (default task-1) Value to be rendered 0
[0m[32m14:37:10,628 FINE  [jakarta.enterprise.resource.webcontainer.faces.application] (default task-1) Begin writing marker for viewId /index.xhtml
[0m[32m14:37:10,628 FINE  [jakarta.enterprise.resource.webcontainer.faces.application] (default task-1) End writing marker for viewId /index.xhtml
[0m[32m14:37:10,629 FINE  [jakarta.faces.component] (default task-1) j_id1
[0m[32m14:37:10,629 FINE  [jakarta.enterprise.resource.webcontainer.faces.lifecycle] (default task-1) Exiting RenderResponsePhase
[0m[32m14:37:10,629 FINE  [jakarta.enterprise.resource.webcontainer.faces.timing] (default task-1)  [TIMING] - [18ms] : Execution time for phase (including any PhaseListeners) -> RENDER_RESPONSE 6
[0m[32m14:37:10,630 DEBUG [io.undertow.request.io] (default task-1) UT005013: An IOException occurred: java.net.SocketException: Connection reset
	at java.base/sun.nio.ch.SocketChannelImpl.throwConnectionReset(SocketChannelImpl.java:401)
	at java.base/sun.nio.ch.SocketChannelImpl.read(SocketChannelImpl.java:434)
	at org.jboss.xnio.nio@3.8.16.Final-redhat-00001//org.xnio.nio.NioSocketConduit.read(NioSocketConduit.java:289)
	at org.jboss.xnio@3.8.16.Final-redhat-00001//org.xnio.conduits.AbstractStreamSourceConduit.read(AbstractStreamSourceConduit.java:51)
	at io.undertow.core@2.3.23.SP3-redhat-00001//io.undertow.conduits.ReadTimeoutStreamSourceConduit.read(ReadTimeoutStreamSourceConduit.java:181)
	at org.jboss.xnio@3.8.16.Final-redhat-00001//org.xnio.conduits.AbstractStreamSourceConduit.read(AbstractStreamSourceConduit.java:51)
	at io.undertow.core@2.3.23.SP3-redhat-00001//io.undertow.conduits.BytesReceivedStreamSourceConduit.read(BytesReceivedStreamSourceConduit.java:67)
	at org.jboss.xnio@3.8.16.Final-redhat-00001//org.xnio.conduits.ConduitStreamSourceChannel.read(ConduitStreamSourceChannel.java:127)
	at io.undertow.core@2.3.23.SP3-redhat-00001//io.undertow.util.ConnectionUtils.doDrain(ConnectionUtils.java:96)
	at io.undertow.core@2.3.23.SP3-redhat-00001//io.undertow.util.ConnectionUtils.cleanClose(ConnectionUtils.java:74)
	at io.undertow.core@2.3.23.SP3-redhat-00001//io.undertow.server.protocol.http.HttpReadListener.exchangeComplete(HttpReadListener.java:374)
	at io.undertow.core@2.3.23.SP3-redhat-00001//io.undertow.server.protocol.http.HttpServerConnection.exchangeComplete(HttpServerConnection.java:244)
	at io.undertow.core@2.3.23.SP3-redhat-00001//io.undertow.server.HttpServerExchange$ExchangeCompleteNextListener.proceed(HttpServerExchange.java:2062)
	at io.undertow.core@2.3.23.SP3-redhat-00001//io.undertow.server.ConnectorStatisticsImpl$1.exchangeEvent(ConnectorStatisticsImpl.java:75)
	at io.undertow.core@2.3.23.SP3-redhat-00001//io.undertow.server.HttpServerExchange$ExchangeCompleteNextListener.proceed(HttpServerExchange.java:2060)
	at io.undertow.core@2.3.23.SP3-redhat-00001//io.undertow.server.handlers.MetricsHandler$2.exchangeEvent(MetricsHandler.java:60)
	at io.undertow.core@2.3.23.SP3-redhat-00001//io.undertow.server.HttpServerExchange.invokeExchangeCompleteListeners(HttpServerExchange.java:1436)
	at io.undertow.core@2.3.23.SP3-redhat-00001//io.undertow.server.HttpServerExchange.terminateResponse(HttpServerExchange.java:1723)
	at io.undertow.core@2.3.23.SP3-redhat-00001//io.undertow.server.Connectors.terminateResponse(Connectors.java:198)
	at io.undertow.core@2.3.23.SP3-redhat-00001//io.undertow.server.protocol.http.ServerFixedLengthStreamSinkConduit.channelFinished(ServerFixedLengthStreamSinkConduit.java:58)
	at io.undertow.core@2.3.23.SP3-redhat-00001//io.undertow.conduits.AbstractFixedLengthStreamSinkConduit.exitFlush(AbstractFixedLengthStreamSinkConduit.java:316)
	at io.undertow.core@2.3.23.SP3-redhat-00001//io.undertow.conduits.AbstractFixedLengthStreamSinkConduit.flush(AbstractFixedLengthStreamSinkConduit.java:234)
	at org.jboss.xnio@3.8.16.Final-redhat-00001//org.xnio.conduits.ConduitStreamSinkChannel.flush(ConduitStreamSinkChannel.java:162)
	at io.undertow.core@2.3.23.SP3-redhat-00001//io.undertow.channels.DetachableStreamSinkChannel.flush(DetachableStreamSinkChannel.java:119)
	at org.jboss.xnio@3.8.16.Final-redhat-00001//org.xnio.channels.Channels.flushBlocking(Channels.java:63)
	at io.undertow.servlet@2.3.23.SP3-redhat-00001//io.undertow.servlet.spec.ServletOutputStreamImpl.close(ServletOutputStreamImpl.java:654)
	at io.undertow.servlet@2.3.23.SP3-redhat-00001//io.undertow.servlet.spec.ServletPrintWriter.close(ServletPrintWriter.java:130)
	at io.undertow.servlet@2.3.23.SP3-redhat-00001//io.undertow.servlet.spec.ServletPrintWriterDelegate.close(ServletPrintWriterDelegate.java:79)
	at io.undertow.servlet@2.3.23.SP3-redhat-00001//io.undertow.servlet.spec.HttpServletResponseImpl.closeStreamAndWriter(HttpServletResponseImpl.java:505)
	at io.undertow.servlet@2.3.23.SP3-redhat-00001//io.undertow.servlet.spec.HttpServletResponseImpl.responseDone(HttpServletResponseImpl.java:606)
	at io.undertow.servlet@2.3.23.SP3-redhat-00001//io.undertow.servlet.handlers.ServletInitialHandler.handleFirstRequest(ServletInitialHandler.java:330)
	at io.undertow.servlet@2.3.23.SP3-redhat-00001//io.undertow.servlet.handlers.ServletInitialHandler$1.call(ServletInitialHandler.java:130)
	at io.undertow.servlet@2.3.23.SP3-redhat-00001//io.undertow.servlet.handlers.ServletInitialHandler$1.call(ServletInitialHandler.java:127)
	at io.undertow.servlet@2.3.23.SP3-redhat-00001//io.undertow.servlet.core.ServletRequestContextThreadSetupAction$1.call(ServletRequestContextThreadSetupAction.java:48)
	at io.undertow.servlet@2.3.23.SP3-redhat-00001//io.undertow.servlet.core.ContextClassLoaderSetupAction$1.call(ContextClassLoaderSetupAction.java:43)
	at org.wildfly.extension.undertow@8.1.1.GA-redhat-00012//org.wildfly.extension.undertow.deployment.UndertowDeploymentInfoService$UndertowThreadSetupAction.lambda$create$0(UndertowDeploymentInfoService.java:1421)
	at org.wildfly.extension.undertow@8.1.1.GA-redhat-00012//org.wildfly.extension.undertow.deployment.UndertowDeploymentInfoService$UndertowThreadSetupAction.lambda$create$0(UndertowDeploymentInfoService.java:1421)
	at org.wildfly.extension.undertow@8.1.1.GA-redhat-00012//org.wildfly.extension.undertow.deployment.UndertowDeploymentInfoService$UndertowThreadSetupAction.lambda$create$0(UndertowDeploymentInfoService.java:1421)
	at org.wildfly.extension.undertow@8.1.1.GA-redhat-00012//org.wildfly.extension.undertow.deployment.UndertowDeploymentInfoService$UndertowThreadSetupAction.lambda$create$0(UndertowDeploymentInfoService.java:1421)
	at io.undertow.servlet@2.3.23.SP3-redhat-00001//io.undertow.servlet.handlers.ServletInitialHandler.dispatchRequest(ServletInitialHandler.java:251)
	at io.undertow.servlet@2.3.23.SP3-redhat-00001//io.undertow.servlet.handlers.ServletInitialHandler.lambda$new$1(ServletInitialHandler.java:99)
	at io.undertow.core@2.3.23.SP3-redhat-00001//io.undertow.server.Connectors.executeRootHandler(Connectors.java:418)
	at io.undertow.core@2.3.23.SP3-redhat-00001//io.undertow.server.HttpServerExchange$1.run(HttpServerExchange.java:938)
	at org.jboss.threads@2.5.0.redhat-00001//org.jboss.threads.ContextClassLoaderSavingRunnable.run(ContextClassLoaderSavingRunnable.java:35)
	at org.jboss.threads@2.5.0.redhat-00001//org.jboss.threads.EnhancedQueueExecutor.safeRun(EnhancedQueueExecutor.java:2024)
	at org.jboss.threads@2.5.0.redhat-00001//org.jboss.threads.EnhancedQueueExecutor$ThreadBody.doRunTask(EnhancedQueueExecutor.java:1520)
	at org.jboss.threads@2.5.0.redhat-00001//org.jboss.threads.EnhancedQueueExecutor$ThreadBody.run(EnhancedQueueExecutor.java:1411)
	at org.jboss.xnio@3.8.16.Final-redhat-00001//org.xnio.XnioWorker$WorkerThreadFactory$1$1.run(XnioWorker.java:1282)
	at java.base/java.lang.Thread.run(Thread.java:1583)

[0m[32m14:37:10,631 DEBUG [org.wildfly.clustering.marshalling.ByteBufferMarshalledValue] (default task-1) Marshalled size of java.util.concurrent.ConcurrentHashMap object = 1884 bytes
[0m[32m14:37:12,635 DEBUG [io.undertow.request] (default I/O-5) Matched default handler path /index.xhtml
[0m[32m14:37:12,637 FINE  [jakarta.enterprise.resource.webcontainer.faces.lifecycle] (default task-1) execute(com.sun.faces.context.FacesContextImpl@2cfc000c)
[0m[32m14:37:12,637 FINE  [jakarta.enterprise.resource.webcontainer.faces.lifecycle] (default task-1) Entering RestoreViewPhase
[0m[32m14:37:12,638 FINE  [jakarta.enterprise.resource.webcontainer.faces.application] (default task-1) Created component with component type of 'jakarta.faces.ViewRoot'
[0m[32m14:37:12,638 FINE  [jakarta.enterprise.resource.webcontainer.faces.application] (default task-1) Created component with component type of 'jakarta.faces.ViewRoot'
[0m[32m14:37:12,638 FINE  [jakarta.enterprise.resource.webcontainer.faces.application] (default task-1) Created component with component type of 'jakarta.faces.ViewRoot'
[0m[32m14:37:12,638 FINE  [jakarta.enterprise.resource.webcontainer.faces.lifecycle] (default task-1) New request: creating a view for /index.xhtml
[0m[32m14:37:12,639 FINE  [jakarta.enterprise.resource.webcontainer.faces.application] (default task-1) Created component with component type of 'jakarta.faces.ViewRoot'
[0m[32m14:37:12,639 FINE  [jakarta.enterprise.resource.webcontainer.faces.application] (default task-1) Created new view for /index.xhtml
[0m[32m14:37:12,639 FINE  [jakarta.enterprise.resource.webcontainer.faces.application] (default task-1) Locale for this view as determined by calculateLocale en_US
[0m[32m14:37:12,639 FINE  [jakarta.enterprise.resource.webcontainer.faces.application] (default task-1) Created component with component type of 'jakarta.faces.ViewRoot'
[0m[32m14:37:12,639 FINE  [jakarta.enterprise.resource.webcontainer.faces.application] (default task-1) RenderKitId for this view as determined by calculateRenderKitId HTML_BASIC
[0m[32m14:37:12,641 FINE  [jakarta.enterprise.resource.webcontainer.faces.lifecycle] (default task-1) Exiting RestoreViewPhase
[0m[32m14:37:12,641 FINE  [jakarta.enterprise.resource.webcontainer.faces.timing] (default task-1)  [TIMING] - [4ms] : Execution time for phase (including any PhaseListeners) -> RESTORE_VIEW 1
[0m[32m14:37:12,641 FINE  [jakarta.enterprise.resource.webcontainer.faces.lifecycle] (default task-1) render(com.sun.faces.context.FacesContextImpl@2cfc000c)
[0m[32m14:37:12,641 FINE  [jakarta.enterprise.resource.webcontainer.faces.lifecycle] (default task-1) Entering RenderResponsePhase
[0m[32m14:37:12,642 FINE  [jakarta.enterprise.resource.webcontainer.faces.lifecycle] (default task-1) About to render view /index.xhtml
[0m[32m14:37:12,642 FINE  [jakarta.enterprise.resource.webcontainer.faces.application] (default task-1) Building View: /index.xhtml
[0m[32m14:37:12,643 FINE  [jakarta.enterprise.resource.webcontainer.faces.application] (default task-1) Created component with component type of 'jakarta.faces.Output'
[0m[32m14:37:12,643 FINE  [jakarta.enterprise.resource.webcontainer.faces.facelets.tag.component] (default task-1) /index.xhtml @6,11 <h:head> Component[2059540600_7ac2185f] Created: jakarta.faces.component.UIOutput
[0m[32m14:37:12,643 FINE  [jakarta.enterprise.resource.webcontainer.faces.application] (default task-1) Created component with component type of 'jakarta.faces.OutputBody'
[0m[32m14:37:12,644 FINE  [jakarta.enterprise.resource.webcontainer.faces.facelets.tag.component] (default task-1) /index.xhtml @10,11 <h:body> Component[2059540600_7ac21839] Created: jakarta.faces.component.html.HtmlBody
[0m[32m14:37:12,644 FINE  [jakarta.enterprise.resource.webcontainer.faces.application] (default task-1) Created component with component type of 'jakarta.faces.HtmlPanelGroup'
[0m[32m14:37:12,644 FINE  [jakarta.enterprise.resource.webcontainer.faces.facelets.tag.component] (default task-1) /index.xhtml @13,60 <h:panelGroup> Component[2059540600_7ac21823] Created: jakarta.faces.component.html.HtmlPanelGroup
[0m[32m14:37:12,644 FINE  [jakarta.enterprise.resource.webcontainer.faces.application] (default task-1) Created component with component type of 'jakarta.faces.HtmlOutputText'
[0m[32m14:37:12,645 FINE  [jakarta.enterprise.resource.webcontainer.faces.facelets.tag.component] (default task-1) /index.xhtml @15,61 <h:outputText> Component[2059540600_7ac2180d] Created: jakarta.faces.component.html.HtmlOutputText
[0m[32m14:37:12,645 FINE  [jakarta.enterprise.resource.webcontainer.faces.application] (default task-1) Created component with component type of 'jakarta.faces.HtmlPanelGroup'
[0m[32m14:37:12,645 FINE  [jakarta.enterprise.resource.webcontainer.faces.facelets.tag.component] (default task-1) /index.xhtml @17,60 <h:panelGroup> Component[2059540600_7ac218fa] Created: jakarta.faces.component.html.HtmlPanelGroup
[0m[32m14:37:12,645 FINE  [jakarta.enterprise.resource.webcontainer.faces.application] (default task-1) Created component with component type of 'jakarta.faces.HtmlOutputText'
[0m[32m14:37:12,645 FINE  [jakarta.enterprise.resource.webcontainer.faces.facelets.tag.component] (default task-1) /index.xhtml @19,60 <h:outputText> Component[2059540600_7ac218e4] Created: jakarta.faces.component.html.HtmlOutputText
[0m[32m14:37:12,646 FINE  [jakarta.enterprise.resource.webcontainer.faces.application] (default task-1) Created component with component type of 'jakarta.faces.HtmlPanelGroup'
[0m[32m14:37:12,646 FINE  [jakarta.enterprise.resource.webcontainer.faces.facelets.tag.component] (default task-1) /index.xhtml @21,61 <h:panelGroup> Component[2059540600_7ac218d1] Created: jakarta.faces.component.html.HtmlPanelGroup
[0m[32m14:37:12,646 FINE  [jakarta.enterprise.resource.webcontainer.faces.application] (default task-1) Created component with component type of 'jakarta.faces.HtmlOutputText'
[0m[32m14:37:12,646 FINE  [jakarta.enterprise.resource.webcontainer.faces.facelets.tag.component] (default task-1) /index.xhtml @23,59 <h:outputText> Component[2059540600_7ac218bb] Created: jakarta.faces.component.html.HtmlOutputText
[0m[32m14:37:12,646 FINE  [jakarta.enterprise.resource.webcontainer.faces.application] (default task-1) Created component with component type of 'jakarta.faces.HtmlForm'
[0m[32m14:37:12,647 FINE  [jakarta.enterprise.resource.webcontainer.faces.facelets.tag.component] (default task-1) /index.xhtml @26,11 <h:form> Component[2059540600_7ac218a8] Created: jakarta.faces.component.html.HtmlForm
[0m[32m14:37:12,647 FINE  [jakarta.enterprise.resource.webcontainer.faces.application] (default task-1) Created component with component type of 'jakarta.faces.HtmlPanelGroup'
[0m[32m14:37:12,648 FINE  [jakarta.enterprise.resource.webcontainer.faces.facelets.tag.component] (default task-1) /index.xhtml @27,62 <h:panelGroup> Component[2059540600_7ac21892] Created: jakarta.faces.component.html.HtmlPanelGroup
[0m[32m14:37:12,649 FINE  [jakarta.enterprise.resource.webcontainer.faces.application] (default task-1) Created component with component type of 'jakarta.faces.HtmlCommandButton'
[0m[32m14:37:12,650 FINE  [jakarta.enterprise.resource.webcontainer.faces.facelets.tag.component] (default task-1) /index.xhtml @29,119 <h:commandButton> Component[2059540600_7ac2197c] Created: jakarta.faces.component.html.HtmlCommandButton
[0m[32m14:37:12,656 FINE  [jakarta.enterprise.resource.webcontainer.faces.application] (default task-1) Created component with component type of 'jakarta.faces.HtmlCommandButton'
[0m[32m14:37:12,657 FINE  [jakarta.enterprise.resource.webcontainer.faces.facelets.tag.component] (default task-1) /index.xhtml @30,112 <h:commandButton> Component[2059540600_7ac21969] Created: jakarta.faces.component.html.HtmlCommandButton
[0m[32m14:37:12,657 FINE  [jakarta.enterprise.resource.webcontainer.faces.application] (default task-1) Created component with component type of 'jakarta.faces.HtmlPanelGroup'
[0m[32m14:37:12,657 FINE  [jakarta.enterprise.resource.webcontainer.faces.facelets.tag.component] (default task-1) /index.xhtml @33,34 <h:panelGroup> Component[2059540600_7ac21966] Created: jakarta.faces.component.html.HtmlPanelGroup
[0m[32m14:37:12,658 FINE  [jakarta.enterprise.resource.webcontainer.faces.application] (default task-1) Created component with component type of 'jakarta.faces.HtmlCommandButton'
[0m[32m14:37:12,658 FINE  [jakarta.enterprise.resource.webcontainer.faces.facelets.tag.component] (default task-1) /index.xhtml @35,124 <h:commandButton> Component[2059540600_7ac21940] Created: jakarta.faces.component.html.HtmlCommandButton
[0m[32m14:37:12,658 FINE  [jakarta.enterprise.resource.webcontainer.faces.application] (default task-1) Created component with component type of 'jakarta.faces.HtmlCommandButton'
[0m[32m14:37:12,658 FINE  [jakarta.enterprise.resource.webcontainer.faces.facelets.tag.component] (default task-1) /index.xhtml @36,117 <h:commandButton> Component[2059540600_7ac2193d] Created: jakarta.faces.component.html.HtmlCommandButton
[0m[32m14:37:12,659 FINE  [jakarta.enterprise.resource.webcontainer.faces.application] (default task-1) Rendering View: /index.xhtml
[0m[32m14:37:12,663 DEBUG [org.wildfly.clustering.marshalling.ByteBufferMarshalledValue] (default task-1) Marshalled size of java.util.concurrent.ConcurrentHashMap object = 588 bytes
[0m[32m14:37:12,669 FINE  [jakarta.enterprise.resource.webcontainer.faces.renderkit] (default task-1) component.getValue() returned mbgdcSyejdyrYAYJ-g06-aJp0xMykE98DBo8vjC1
[0m[32m14:37:12,669 FINE  [jakarta.enterprise.resource.webcontainer.faces.renderkit] (default task-1) Value to be rendered mbgdcSyejdyrYAYJ-g06-aJp0xMykE98DBo8vjC1
[0m[32m14:37:12,670 FINE  [jakarta.enterprise.resource.webcontainer.faces.renderkit] (default task-1) component.getValue() returned 80af7a46f92a
[0m[32m14:37:12,670 FINE  [jakarta.enterprise.resource.webcontainer.faces.renderkit] (default task-1) Value to be rendered 80af7a46f92a
[0m[32m14:37:12,670 FINE  [jakarta.enterprise.resource.webcontainer.faces.renderkit] (default task-1) component.getValue() returned 0
[0m[32m14:37:12,671 FINE  [jakarta.enterprise.resource.webcontainer.faces.application] (default task-1) Created converter of type 'jakarta.faces.convert.IntegerConverter'
[0m[32m14:37:12,671 FINE  [jakarta.enterprise.resource.webcontainer.faces.renderkit] (default task-1) Value to be rendered 0
[0m[32m14:37:12,681 FINE  [jakarta.enterprise.resource.webcontainer.faces.application] (default task-1) Begin writing marker for viewId /index.xhtml
[0m[32m14:37:12,681 FINE  [jakarta.enterprise.resource.webcontainer.faces.application] (default task-1) End writing marker for viewId /index.xhtml
[0m[32m14:37:12,682 FINE  [jakarta.faces.component] (default task-1) j_id1
[0m[32m14:37:12,682 FINE  [jakarta.enterprise.resource.webcontainer.faces.lifecycle] (default task-1) Exiting RenderResponsePhase
[0m[32m14:37:12,682 FINE  [jakarta.enterprise.resource.webcontainer.faces.timing] (default task-1)  [TIMING] - [41ms] : Execution time for phase (including any PhaseListeners) -> RENDER_RESPONSE 6
[0m[32m14:37:12,684 DEBUG [io.undertow.request.io] (default task-1) UT005013: An IOException occurred: java.net.SocketException: Connection reset
	at java.base/sun.nio.ch.SocketChannelImpl.throwConnectionReset(SocketChannelImpl.java:401)
	at java.base/sun.nio.ch.SocketChannelImpl.read(SocketChannelImpl.java:434)
	at org.jboss.xnio.nio@3.8.16.Final-redhat-00001//org.xnio.nio.NioSocketConduit.read(NioSocketConduit.java:289)
	at org.jboss.xnio@3.8.16.Final-redhat-00001//org.xnio.conduits.AbstractStreamSourceConduit.read(AbstractStreamSourceConduit.java:51)
	at io.undertow.core@2.3.23.SP3-redhat-00001//io.undertow.conduits.ReadTimeoutStreamSourceConduit.read(ReadTimeoutStreamSourceConduit.java:181)
	at org.jboss.xnio@3.8.16.Final-redhat-00001//org.xnio.conduits.AbstractStreamSourceConduit.read(AbstractStreamSourceConduit.java:51)
	at io.undertow.core@2.3.23.SP3-redhat-00001//io.undertow.conduits.BytesReceivedStreamSourceConduit.read(BytesReceivedStreamSourceConduit.java:67)
	at org.jboss.xnio@3.8.16.Final-redhat-00001//org.xnio.conduits.ConduitStreamSourceChannel.read(ConduitStreamSourceChannel.java:127)
	at io.undertow.core@2.3.23.SP3-redhat-00001//io.undertow.util.ConnectionUtils.doDrain(ConnectionUtils.java:96)
	at io.undertow.core@2.3.23.SP3-redhat-00001//io.undertow.util.ConnectionUtils.cleanClose(ConnectionUtils.java:74)
	at io.undertow.core@2.3.23.SP3-redhat-00001//io.undertow.server.protocol.http.HttpReadListener.exchangeComplete(HttpReadListener.java:374)
	at io.undertow.core@2.3.23.SP3-redhat-00001//io.undertow.server.protocol.http.HttpServerConnection.exchangeComplete(HttpServerConnection.java:244)
	at io.undertow.core@2.3.23.SP3-redhat-00001//io.undertow.server.HttpServerExchange$ExchangeCompleteNextListener.proceed(HttpServerExchange.java:2062)
	at io.undertow.core@2.3.23.SP3-redhat-00001//io.undertow.server.ConnectorStatisticsImpl$1.exchangeEvent(ConnectorStatisticsImpl.java:75)
	at io.undertow.core@2.3.23.SP3-redhat-00001//io.undertow.server.HttpServerExchange$ExchangeCompleteNextListener.proceed(HttpServerExchange.java:2060)
	at io.undertow.core@2.3.23.SP3-redhat-00001//io.undertow.server.handlers.MetricsHandler$2.exchangeEvent(MetricsHandler.java:60)
	at io.undertow.core@2.3.23.SP3-redhat-00001//io.undertow.server.HttpServerExchange.invokeExchangeCompleteListeners(HttpServerExchange.java:1436)
	at io.undertow.core@2.3.23.SP3-redhat-00001//io.undertow.server.HttpServerExchange.terminateResponse(HttpServerExchange.java:1723)
	at io.undertow.core@2.3.23.SP3-redhat-00001//io.undertow.server.Connectors.terminateResponse(Connectors.java:198)
	at io.undertow.core@2.3.23.SP3-redhat-00001//io.undertow.server.protocol.http.ServerFixedLengthStreamSinkConduit.channelFinished(ServerFixedLengthStreamSinkConduit.java:58)
	at io.undertow.core@2.3.23.SP3-redhat-00001//io.undertow.conduits.AbstractFixedLengthStreamSinkConduit.exitFlush(AbstractFixedLengthStreamSinkConduit.java:316)
	at io.undertow.core@2.3.23.SP3-redhat-00001//io.undertow.conduits.AbstractFixedLengthStreamSinkConduit.flush(AbstractFixedLengthStreamSinkConduit.java:234)
	at org.jboss.xnio@3.8.16.Final-redhat-00001//org.xnio.conduits.ConduitStreamSinkChannel.flush(ConduitStreamSinkChannel.java:162)
	at io.undertow.core@2.3.23.SP3-redhat-00001//io.undertow.channels.DetachableStreamSinkChannel.flush(DetachableStreamSinkChannel.java:119)
	at org.jboss.xnio@3.8.16.Final-redhat-00001//org.xnio.channels.Channels.flushBlocking(Channels.java:63)
	at io.undertow.servlet@2.3.23.SP3-redhat-00001//io.undertow.servlet.spec.ServletOutputStreamImpl.close(ServletOutputStreamImpl.java:654)
	at io.undertow.servlet@2.3.23.SP3-redhat-00001//io.undertow.servlet.spec.ServletPrintWriter.close(ServletPrintWriter.java:130)
	at io.undertow.servlet@2.3.23.SP3-redhat-00001//io.undertow.servlet.spec.ServletPrintWriterDelegate.close(ServletPrintWriterDelegate.java:79)
	at io.undertow.servlet@2.3.23.SP3-redhat-00001//io.undertow.servlet.spec.HttpServletResponseImpl.closeStreamAndWriter(HttpServletResponseImpl.java:505)
	at io.undertow.servlet@2.3.23.SP3-redhat-00001//io.undertow.servlet.spec.HttpServletResponseImpl.responseDone(HttpServletResponseImpl.java:606)
	at io.undertow.servlet@2.3.23.SP3-redhat-00001//io.undertow.servlet.handlers.ServletInitialHandler.handleFirstRequest(ServletInitialHandler.java:330)
	at io.undertow.servlet@2.3.23.SP3-redhat-00001//io.undertow.servlet.handlers.ServletInitialHandler$1.call(ServletInitialHandler.java:130)
	at io.undertow.servlet@2.3.23.SP3-redhat-00001//io.undertow.servlet.handlers.ServletInitialHandler$1.call(ServletInitialHandler.java:127)
	at io.undertow.servlet@2.3.23.SP3-redhat-00001//io.undertow.servlet.core.ServletRequestContextThreadSetupAction$1.call(ServletRequestContextThreadSetupAction.java:48)
	at io.undertow.servlet@2.3.23.SP3-redhat-00001//io.undertow.servlet.core.ContextClassLoaderSetupAction$1.call(ContextClassLoaderSetupAction.java:43)
	at org.wildfly.extension.undertow@8.1.1.GA-redhat-00012//org.wildfly.extension.undertow.deployment.UndertowDeploymentInfoService$UndertowThreadSetupAction.lambda$create$0(UndertowDeploymentInfoService.java:1421)
	at org.wildfly.extension.undertow@8.1.1.GA-redhat-00012//org.wildfly.extension.undertow.deployment.UndertowDeploymentInfoService$UndertowThreadSetupAction.lambda$create$0(UndertowDeploymentInfoService.java:1421)
	at org.wildfly.extension.undertow@8.1.1.GA-redhat-00012//org.wildfly.extension.undertow.deployment.UndertowDeploymentInfoService$UndertowThreadSetupAction.lambda$create$0(UndertowDeploymentInfoService.java:1421)
	at org.wildfly.extension.undertow@8.1.1.GA-redhat-00012//org.wildfly.extension.undertow.deployment.UndertowDeploymentInfoService$UndertowThreadSetupAction.lambda$create$0(UndertowDeploymentInfoService.java:1421)
	at io.undertow.servlet@2.3.23.SP3-redhat-00001//io.undertow.servlet.handlers.ServletInitialHandler.dispatchRequest(ServletInitialHandler.java:251)
	at io.undertow.servlet@2.3.23.SP3-redhat-00001//io.undertow.servlet.handlers.ServletInitialHandler.lambda$new$1(ServletInitialHandler.java:99)
	at io.undertow.core@2.3.23.SP3-redhat-00001//io.undertow.server.Connectors.executeRootHandler(Connectors.java:418)
	at io.undertow.core@2.3.23.SP3-redhat-00001//io.undertow.server.HttpServerExchange$1.run(HttpServerExchange.java:938)
	at org.jboss.threads@2.5.0.redhat-00001//org.jboss.threads.ContextClassLoaderSavingRunnable.run(ContextClassLoaderSavingRunnable.java:35)
	at org.jboss.threads@2.5.0.redhat-00001//org.jboss.threads.EnhancedQueueExecutor.safeRun(EnhancedQueueExecutor.java:2024)
	at org.jboss.threads@2.5.0.redhat-00001//org.jboss.threads.EnhancedQueueExecutor$ThreadBody.doRunTask(EnhancedQueueExecutor.java:1520)
	at org.jboss.threads@2.5.0.redhat-00001//org.jboss.threads.EnhancedQueueExecutor$ThreadBody.run(EnhancedQueueExecutor.java:1411)
	at org.jboss.xnio@3.8.16.Final-redhat-00001//org.xnio.XnioWorker$WorkerThreadFactory$1$1.run(XnioWorker.java:1282)
	at java.base/java.lang.Thread.run(Thread.java:1583)

[0m[32m14:37:12,686 DEBUG [org.wildfly.clustering.marshalling.ByteBufferMarshalledValue] (default task-1) Marshalled size of java.util.concurrent.ConcurrentHashMap object = 1884 bytes
[0m[32m14:37:14,275 DEBUG [io.undertow.request] (default I/O-7) Matched default handler path /index.xhtml
[0m[32m14:37:14,278 DEBUG [org.wildfly.clustering.marshalling.ByteBufferMarshalledValue] (default task-1) Marshalled size of org.wildfly.clustering.server.infinispan.scheduler.CancelCommand object = 49 bytes
[0m[32m14:37:14,285 FINE  [jakarta.enterprise.resource.webcontainer.faces.lifecycle] (default task-1) execute(com.sun.faces.context.FacesContextImpl@6a61ad01)
[0m[32m14:37:14,285 FINE  [jakarta.enterprise.resource.webcontainer.faces.lifecycle] (default task-1) Entering RestoreViewPhase
[0m[32m14:37:14,286 FINE  [jakarta.enterprise.resource.webcontainer.faces.application] (default task-1) Created component with component type of 'jakarta.faces.ViewRoot'
[0m[32m14:37:14,286 FINE  [jakarta.enterprise.resource.webcontainer.faces.application] (default task-1) Created component with component type of 'jakarta.faces.ViewRoot'
[0m[32m14:37:14,286 FINE  [jakarta.enterprise.resource.webcontainer.faces.application] (default task-1) Created component with component type of 'jakarta.faces.ViewRoot'
[0m[32m14:37:14,286 FINE  [jakarta.enterprise.resource.webcontainer.faces.lifecycle] (default task-1) New request: creating a view for /index.xhtml
[0m[32m14:37:14,286 FINE  [jakarta.enterprise.resource.webcontainer.faces.application] (default task-1) Created component with component type of 'jakarta.faces.ViewRoot'
[0m[32m14:37:14,286 FINE  [jakarta.enterprise.resource.webcontainer.faces.application] (default task-1) Created new view for /index.xhtml
[0m[32m14:37:14,286 FINE  [jakarta.enterprise.resource.webcontainer.faces.application] (default task-1) Locale for this view as determined by calculateLocale en_US
[0m[32m14:37:14,286 FINE  [jakarta.enterprise.resource.webcontainer.faces.application] (default task-1) Created component with component type of 'jakarta.faces.ViewRoot'
[0m[32m14:37:14,286 FINE  [jakarta.enterprise.resource.webcontainer.faces.application] (default task-1) RenderKitId for this view as determined by calculateRenderKitId HTML_BASIC
[0m[32m14:37:14,295 FINE  [jakarta.enterprise.resource.webcontainer.faces.lifecycle] (default task-1) Exiting RestoreViewPhase
[0m[32m14:37:14,296 FINE  [jakarta.enterprise.resource.webcontainer.faces.timing] (default task-1)  [TIMING] - [11ms] : Execution time for phase (including any PhaseListeners) -> RESTORE_VIEW 1
[0m[32m14:37:14,296 FINE  [jakarta.enterprise.resource.webcontainer.faces.lifecycle] (default task-1) render(com.sun.faces.context.FacesContextImpl@6a61ad01)
[0m[32m14:37:14,296 FINE  [jakarta.enterprise.resource.webcontainer.faces.lifecycle] (default task-1) Entering RenderResponsePhase
[0m[32m14:37:14,296 FINE  [jakarta.enterprise.resource.webcontainer.faces.lifecycle] (default task-1) About to render view /index.xhtml
[0m[32m14:37:14,296 FINE  [jakarta.enterprise.resource.webcontainer.faces.application] (default task-1) Building View: /index.xhtml
[0m[32m14:37:14,296 FINE  [jakarta.enterprise.resource.webcontainer.faces.application] (default task-1) Created component with component type of 'jakarta.faces.Output'
[0m[32m14:37:14,297 FINE  [jakarta.enterprise.resource.webcontainer.faces.facelets.tag.component] (default task-1) /index.xhtml @6,11 <h:head> Component[2059540600_7ac2185f] Created: jakarta.faces.component.UIOutput
[0m[32m14:37:14,297 FINE  [jakarta.enterprise.resource.webcontainer.faces.application] (default task-1) Created component with component type of 'jakarta.faces.OutputBody'
[0m[32m14:37:14,297 FINE  [jakarta.enterprise.resource.webcontainer.faces.facelets.tag.component] (default task-1) /index.xhtml @10,11 <h:body> Component[2059540600_7ac21839] Created: jakarta.faces.component.html.HtmlBody
[0m[32m14:37:14,297 FINE  [jakarta.enterprise.resource.webcontainer.faces.application] (default task-1) Created component with component type of 'jakarta.faces.HtmlPanelGroup'
[0m[32m14:37:14,297 FINE  [jakarta.enterprise.resource.webcontainer.faces.facelets.tag.component] (default task-1) /index.xhtml @13,60 <h:panelGroup> Component[2059540600_7ac21823] Created: jakarta.faces.component.html.HtmlPanelGroup
[0m[32m14:37:14,297 FINE  [jakarta.enterprise.resource.webcontainer.faces.application] (default task-1) Created component with component type of 'jakarta.faces.HtmlOutputText'
[0m[32m14:37:14,298 FINE  [jakarta.enterprise.resource.webcontainer.faces.facelets.tag.component] (default task-1) /index.xhtml @15,61 <h:outputText> Component[2059540600_7ac2180d] Created: jakarta.faces.component.html.HtmlOutputText
[0m[32m14:37:14,298 FINE  [jakarta.enterprise.resource.webcontainer.faces.application] (default task-1) Created component with component type of 'jakarta.faces.HtmlPanelGroup'
[0m[32m14:37:14,298 FINE  [jakarta.enterprise.resource.webcontainer.faces.facelets.tag.component] (default task-1) /index.xhtml @17,60 <h:panelGroup> Component[2059540600_7ac218fa] Created: jakarta.faces.component.html.HtmlPanelGroup
[0m[32m14:37:14,298 FINE  [jakarta.enterprise.resource.webcontainer.faces.application] (default task-1) Created component with component type of 'jakarta.faces.HtmlOutputText'
[0m[32m14:37:14,298 FINE  [jakarta.enterprise.resource.webcontainer.faces.facelets.tag.component] (default task-1) /index.xhtml @19,60 <h:outputText> Component[2059540600_7ac218e4] Created: jakarta.faces.component.html.HtmlOutputText
[0m[32m14:37:14,299 FINE  [jakarta.enterprise.resource.webcontainer.faces.application] (default task-1) Created component with component type of 'jakarta.faces.HtmlPanelGroup'
[0m[32m14:37:14,299 FINE  [jakarta.enterprise.resource.webcontainer.faces.facelets.tag.component] (default task-1) /index.xhtml @21,61 <h:panelGroup> Component[2059540600_7ac218d1] Created: jakarta.faces.component.html.HtmlPanelGroup
[0m[32m14:37:14,299 FINE  [jakarta.enterprise.resource.webcontainer.faces.application] (default task-1) Created component with component type of 'jakarta.faces.HtmlOutputText'
[0m[32m14:37:14,299 FINE  [jakarta.enterprise.resource.webcontainer.faces.facelets.tag.component] (default task-1) /index.xhtml @23,59 <h:outputText> Component[2059540600_7ac218bb] Created: jakarta.faces.component.html.HtmlOutputText
[0m[32m14:37:14,299 FINE  [jakarta.enterprise.resource.webcontainer.faces.application] (default task-1) Created component with component type of 'jakarta.faces.HtmlForm'
[0m[32m14:37:14,299 FINE  [jakarta.enterprise.resource.webcontainer.faces.facelets.tag.component] (default task-1) /index.xhtml @26,11 <h:form> Component[2059540600_7ac218a8] Created: jakarta.faces.component.html.HtmlForm
[0m[32m14:37:14,300 FINE  [jakarta.enterprise.resource.webcontainer.faces.application] (default task-1) Created component with component type of 'jakarta.faces.HtmlPanelGroup'
[0m[32m14:37:14,300 FINE  [jakarta.enterprise.resource.webcontainer.faces.facelets.tag.component] (default task-1) /index.xhtml @27,62 <h:panelGroup> Component[2059540600_7ac21892] Created: jakarta.faces.component.html.HtmlPanelGroup
[0m[32m14:37:14,300 FINE  [jakarta.enterprise.resource.webcontainer.faces.application] (default task-1) Created component with component type of 'jakarta.faces.HtmlCommandButton'
[0m[32m14:37:14,300 FINE  [jakarta.enterprise.resource.webcontainer.faces.facelets.tag.component] (default task-1) /index.xhtml @29,119 <h:commandButton> Component[2059540600_7ac2197c] Created: jakarta.faces.component.html.HtmlCommandButton
[0m[32m14:37:14,300 FINE  [jakarta.enterprise.resource.webcontainer.faces.application] (default task-1) Created component with component type of 'jakarta.faces.HtmlCommandButton'
[0m[32m14:37:14,300 FINE  [jakarta.enterprise.resource.webcontainer.faces.facelets.tag.component] (default task-1) /index.xhtml @30,112 <h:commandButton> Component[2059540600_7ac21969] Created: jakarta.faces.component.html.HtmlCommandButton
[0m[32m14:37:14,300 FINE  [jakarta.enterprise.resource.webcontainer.faces.application] (default task-1) Created component with component type of 'jakarta.faces.HtmlPanelGroup'
[0m[32m14:37:14,300 FINE  [jakarta.enterprise.resource.webcontainer.faces.facelets.tag.component] (default task-1) /index.xhtml @33,34 <h:panelGroup> Component[2059540600_7ac21966] Created: jakarta.faces.component.html.HtmlPanelGroup
[0m[32m14:37:14,301 FINE  [jakarta.enterprise.resource.webcontainer.faces.application] (default task-1) Created component with component type of 'jakarta.faces.HtmlCommandButton'
[0m[32m14:37:14,301 FINE  [jakarta.enterprise.resource.webcontainer.faces.facelets.tag.component] (default task-1) /index.xhtml @35,124 <h:commandButton> Component[2059540600_7ac21940] Created: jakarta.faces.component.html.HtmlCommandButton
[0m[32m14:37:14,301 FINE  [jakarta.enterprise.resource.webcontainer.faces.application] (default task-1) Created component with component type of 'jakarta.faces.HtmlCommandButton'
[0m[32m14:37:14,301 FINE  [jakarta.enterprise.resource.webcontainer.faces.facelets.tag.component] (default task-1) /index.xhtml @36,117 <h:commandButton> Component[2059540600_7ac2193d] Created: jakarta.faces.component.html.HtmlCommandButton
[0m[32m14:37:14,301 FINE  [jakarta.enterprise.resource.webcontainer.faces.application] (default task-1) Rendering View: /index.xhtml
[0m[32m14:37:14,302 FINE  [jakarta.enterprise.resource.webcontainer.faces.renderkit] (default task-1) component.getValue() returned jNQGv0URH6n513ivo2My-hSdtRiKOkU1NKyrSGui
[0m[32m14:37:14,302 FINE  [jakarta.enterprise.resource.webcontainer.faces.renderkit] (default task-1) Value to be rendered jNQGv0URH6n513ivo2My-hSdtRiKOkU1NKyrSGui
[0m[32m14:37:14,302 FINE  [jakarta.enterprise.resource.webcontainer.faces.renderkit] (default task-1) component.getValue() returned 80af7a46f92a
[0m[32m14:37:14,302 FINE  [jakarta.enterprise.resource.webcontainer.faces.renderkit] (default task-1) Value to be rendered 80af7a46f92a
[0m[32m14:37:14,303 FINE  [jakarta.enterprise.resource.webcontainer.faces.renderkit] (default task-1) component.getValue() returned 4
[0m[32m14:37:14,303 FINE  [jakarta.enterprise.resource.webcontainer.faces.application] (default task-1) Created converter of type 'jakarta.faces.convert.IntegerConverter'
[0m[32m14:37:14,303 FINE  [jakarta.enterprise.resource.webcontainer.faces.renderkit] (default task-1) Value to be rendered 4
[0m[32m14:37:14,304 FINE  [jakarta.enterprise.resource.webcontainer.faces.application] (default task-1) Begin writing marker for viewId /index.xhtml
[0m[32m14:37:14,304 FINE  [jakarta.enterprise.resource.webcontainer.faces.application] (default task-1) End writing marker for viewId /index.xhtml
[0m[32m14:37:14,304 FINE  [jakarta.faces.component] (default task-1) j_id1
[0m[32m14:37:14,304 FINE  [jakarta.enterprise.resource.webcontainer.faces.lifecycle] (default task-1) Exiting RenderResponsePhase
[0m[32m14:37:14,330 FINE  [jakarta.enterprise.resource.webcontainer.faces.timing] (default task-1)  [TIMING] - [34ms] : Execution time for phase (including any PhaseListeners) -> RENDER_RESPONSE 6
[0m[32m14:37:14,333 DEBUG [org.wildfly.clustering.marshalling.ByteBufferMarshalledValue] (default task-1) Marshalled size of java.util.concurrent.ConcurrentHashMap object = 1978 bytes
[0m[32m14:37:14,366 DEBUG [org.wildfly.clustering.marshalling.ByteBufferMarshalledValue] (default task-1) Marshalled size of org.wildfly.clustering.server.infinispan.scheduler.ScheduleWithTransientMetaDataCommand object = 49 bytes
[0m[32m14:37:14,657 DEBUG [io.undertow.request] (default I/O-7) Matched default handler path /index.xhtml
[0m[32m14:37:14,658 DEBUG [org.wildfly.clustering.marshalling.ByteBufferMarshalledValue] (default task-1) Marshalled size of org.wildfly.clustering.server.infinispan.scheduler.CancelCommand object = 49 bytes
[0m[32m14:37:14,662 FINE  [jakarta.enterprise.resource.webcontainer.faces.lifecycle] (default task-1) execute(com.sun.faces.context.FacesContextImpl@37c0fc36)
[0m[32m14:37:14,662 FINE  [jakarta.enterprise.resource.webcontainer.faces.lifecycle] (default task-1) Entering RestoreViewPhase
[0m[32m14:37:14,662 FINE  [jakarta.enterprise.resource.webcontainer.faces.application] (default task-1) Created component with component type of 'jakarta.faces.ViewRoot'
[0m[32m14:37:14,662 FINE  [jakarta.enterprise.resource.webcontainer.faces.application] (default task-1) Created component with component type of 'jakarta.faces.ViewRoot'
[0m[32m14:37:14,663 FINE  [jakarta.enterprise.resource.webcontainer.faces.application] (default task-1) Created component with component type of 'jakarta.faces.ViewRoot'
[0m[32m14:37:14,663 FINE  [jakarta.enterprise.resource.webcontainer.faces.application] (default task-1) Created component with component type of 'jakarta.faces.ViewRoot'
[0m[32m14:37:14,663 FINE  [jakarta.enterprise.resource.webcontainer.faces.application] (default task-1) Created component with component type of 'jakarta.faces.ViewRoot'
[0m[32m14:37:14,663 FINE  [jakarta.enterprise.resource.webcontainer.faces.application] (default task-1) Created component with component type of 'jakarta.faces.ViewRoot'
[0m[32m14:37:14,663 FINE  [jakarta.enterprise.resource.webcontainer.faces.application] (default task-1) Created new view for /index.xhtml
[0m[32m14:37:14,663 FINE  [jakarta.enterprise.resource.webcontainer.faces.application] (default task-1) Locale for this view as determined by calculateLocale en_US
[0m[32m14:37:14,663 FINE  [jakarta.enterprise.resource.webcontainer.faces.application] (default task-1) Created component with component type of 'jakarta.faces.ViewRoot'
[0m[32m14:37:14,663 FINE  [jakarta.enterprise.resource.webcontainer.faces.application] (default task-1) RenderKitId for this view as determined by calculateRenderKitId HTML_BASIC
[0m[32m14:37:14,663 FINE  [jakarta.enterprise.resource.webcontainer.faces.application] (default task-1) Building View: /index.xhtml
[0m[32m14:37:14,664 FINE  [jakarta.enterprise.resource.webcontainer.faces.application] (default task-1) Created component with component type of 'jakarta.faces.Output'
[0m[32m14:37:14,664 FINE  [jakarta.enterprise.resource.webcontainer.faces.facelets.tag.component] (default task-1) /index.xhtml @6,11 <h:head> Component[2059540600_7ac2185f] Created: jakarta.faces.component.UIOutput
[0m[32m14:37:14,664 FINE  [jakarta.enterprise.resource.webcontainer.faces.application] (default task-1) Created component with component type of 'jakarta.faces.OutputBody'
[0m[32m14:37:14,664 FINE  [jakarta.enterprise.resource.webcontainer.faces.facelets.tag.component] (default task-1) /index.xhtml @10,11 <h:body> Component[2059540600_7ac21839] Created: jakarta.faces.component.html.HtmlBody
[0m[32m14:37:14,664 FINE  [jakarta.enterprise.resource.webcontainer.faces.application] (default task-1) Created component with component type of 'jakarta.faces.HtmlPanelGroup'
[0m[32m14:37:14,664 FINE  [jakarta.enterprise.resource.webcontainer.faces.facelets.tag.component] (default task-1) /index.xhtml @13,60 <h:panelGroup> Component[2059540600_7ac21823] Created: jakarta.faces.component.html.HtmlPanelGroup
[0m[32m14:37:14,664 FINE  [jakarta.enterprise.resource.webcontainer.faces.application] (default task-1) Created component with component type of 'jakarta.faces.HtmlOutputText'
[0m[32m14:37:14,665 FINE  [jakarta.enterprise.resource.webcontainer.faces.facelets.tag.component] (default task-1) /index.xhtml @15,61 <h:outputText> Component[2059540600_7ac2180d] Created: jakarta.faces.component.html.HtmlOutputText
[0m[32m14:37:14,665 FINE  [jakarta.enterprise.resource.webcontainer.faces.application] (default task-1) Created component with component type of 'jakarta.faces.HtmlPanelGroup'
[0m[32m14:37:14,665 FINE  [jakarta.enterprise.resource.webcontainer.faces.facelets.tag.component] (default task-1) /index.xhtml @17,60 <h:panelGroup> Component[2059540600_7ac218fa] Created: jakarta.faces.component.html.HtmlPanelGroup
[0m[32m14:37:14,665 FINE  [jakarta.enterprise.resource.webcontainer.faces.application] (default task-1) Created component with component type of 'jakarta.faces.HtmlOutputText'
[0m[32m14:37:14,665 FINE  [jakarta.enterprise.resource.webcontainer.faces.facelets.tag.component] (default task-1) /index.xhtml @19,60 <h:outputText> Component[2059540600_7ac218e4] Created: jakarta.faces.component.html.HtmlOutputText
[0m[32m14:37:14,665 FINE  [jakarta.enterprise.resource.webcontainer.faces.application] (default task-1) Created component with component type of 'jakarta.faces.HtmlPanelGroup'
[0m[32m14:37:14,665 FINE  [jakarta.enterprise.resource.webcontainer.faces.facelets.tag.component] (default task-1) /index.xhtml @21,61 <h:panelGroup> Component[2059540600_7ac218d1] Created: jakarta.faces.component.html.HtmlPanelGroup
[0m[32m14:37:14,665 FINE  [jakarta.enterprise.resource.webcontainer.faces.application] (default task-1) Created component with component type of 'jakarta.faces.HtmlOutputText'
[0m[32m14:37:14,665 FINE  [jakarta.enterprise.resource.webcontainer.faces.facelets.tag.component] (default task-1) /index.xhtml @23,59 <h:outputText> Component[2059540600_7ac218bb] Created: jakarta.faces.component.html.HtmlOutputText
[0m[32m14:37:14,665 FINE  [jakarta.enterprise.resource.webcontainer.faces.application] (default task-1) Created component with component type of 'jakarta.faces.HtmlForm'
[0m[32m14:37:14,665 FINE  [jakarta.enterprise.resource.webcontainer.faces.facelets.tag.component] (default task-1) /index.xhtml @26,11 <h:form> Component[2059540600_7ac218a8] Created: jakarta.faces.component.html.HtmlForm
[0m[32m14:37:14,666 FINE  [jakarta.enterprise.resource.webcontainer.faces.application] (default task-1) Created component with component type of 'jakarta.faces.HtmlPanelGroup'
[0m[32m14:37:14,666 FINE  [jakarta.enterprise.resource.webcontainer.faces.facelets.tag.component] (default task-1) /index.xhtml @27,62 <h:panelGroup> Component[2059540600_7ac21892] Created: jakarta.faces.component.html.HtmlPanelGroup
[0m[32m14:37:14,666 FINE  [jakarta.enterprise.resource.webcontainer.faces.application] (default task-1) Created component with component type of 'jakarta.faces.HtmlCommandButton'
[0m[32m14:37:14,666 FINE  [jakarta.enterprise.resource.webcontainer.faces.facelets.tag.component] (default task-1) /index.xhtml @29,119 <h:commandButton> Component[2059540600_7ac2197c] Created: jakarta.faces.component.html.HtmlCommandButton
[0m[32m14:37:14,666 FINE  [jakarta.enterprise.resource.webcontainer.faces.application] (default task-1) Created component with component type of 'jakarta.faces.HtmlCommandButton'
[0m[32m14:37:14,666 FINE  [jakarta.enterprise.resource.webcontainer.faces.facelets.tag.component] (default task-1) /index.xhtml @30,112 <h:commandButton> Component[2059540600_7ac21969] Created: jakarta.faces.component.html.HtmlCommandButton
[0m[32m14:37:14,666 FINE  [jakarta.enterprise.resource.webcontainer.faces.application] (default task-1) Created component with component type of 'jakarta.faces.HtmlPanelGroup'
[0m[32m14:37:14,666 FINE  [jakarta.enterprise.resource.webcontainer.faces.facelets.tag.component] (default task-1) /index.xhtml @33,34 <h:panelGroup> Component[2059540600_7ac21966] Created: jakarta.faces.component.html.HtmlPanelGroup
[0m[32m14:37:14,666 FINE  [jakarta.enterprise.resource.webcontainer.faces.application] (default task-1) Created component with component type of 'jakarta.faces.HtmlCommandButton'
[0m[32m14:37:14,666 FINE  [jakarta.enterprise.resource.webcontainer.faces.facelets.tag.component] (default task-1) /index.xhtml @35,124 <h:commandButton> Component[2059540600_7ac21940] Created: jakarta.faces.component.html.HtmlCommandButton
[0m[32m14:37:14,666 FINE  [jakarta.enterprise.resource.webcontainer.faces.application] (default task-1) Created component with component type of 'jakarta.faces.HtmlCommandButton'
[0m[32m14:37:14,667 FINE  [jakarta.enterprise.resource.webcontainer.faces.facelets.tag.component] (default task-1) /index.xhtml @36,117 <h:commandButton> Component[2059540600_7ac2193d] Created: jakarta.faces.component.html.HtmlCommandButton
[0m[32m14:37:14,667 FINE  [jakarta.enterprise.resource.webcontainer.faces.lifecycle] (default task-1) Postback: restored view for /index.xhtml
[0m[32m14:37:14,667 FINE  [jakarta.enterprise.resource.webcontainer.faces.lifecycle] (default task-1) Exiting RestoreViewPhase
[0m[32m14:37:14,667 FINE  [jakarta.enterprise.resource.webcontainer.faces.timing] (default task-1)  [TIMING] - [5ms] : Execution time for phase (including any PhaseListeners) -> RESTORE_VIEW 1
[0m[32m14:37:14,667 FINE  [jakarta.enterprise.resource.webcontainer.faces.lifecycle] (default task-1) Entering ApplyRequestValuesPhase
[0m[32m14:37:14,667 FINE  [jakarta.enterprise.resource.webcontainer.faces.renderkit] (default task-1) No decoding necessary since the component j_idt10 is not an instance or a sub class of UIInput
[0m[32m14:37:14,667 FINE  [jakarta.enterprise.resource.webcontainer.faces.renderkit] (default task-1) No decoding necessary since the component j_idt6 is not an instance or a sub class of UIInput
[0m[32m14:37:14,667 FINE  [jakarta.enterprise.resource.webcontainer.faces.renderkit] (default task-1) No decoding necessary since the component j_idt13 is not an instance or a sub class of UIInput
[0m[32m14:37:14,667 FINE  [jakarta.enterprise.resource.webcontainer.faces.renderkit] (default task-1) No decoding necessary since the component j_idt11 is not an instance or a sub class of UIInput
[0m[32m14:37:14,668 FINE  [jakarta.enterprise.resource.webcontainer.faces.renderkit] (default task-1) No decoding necessary since the component j_idt16 is not an instance or a sub class of UIInput
[0m[32m14:37:14,668 FINE  [jakarta.enterprise.resource.webcontainer.faces.renderkit] (default task-1) No decoding necessary since the component j_idt14 is not an instance or a sub class of UIInput
[0m[32m14:37:14,668 FINE  [jakarta.enterprise.resource.webcontainer.faces.renderkit] (default task-1) UIForm with client ID j_idt17, submitted
[0m[32m14:37:14,668 FINE  [jakarta.enterprise.resource.webcontainer.faces.renderkit] (default task-1) This command resulted in form submission  ActionEvent queued.
[0m[32m14:37:14,668 FINE  [jakarta.enterprise.resource.webcontainer.faces.renderkit] (default task-1) End decoding component j_idt20
[0m[32m14:37:14,668 FINE  [jakarta.enterprise.resource.webcontainer.faces.renderkit] (default task-1) No decoding necessary since the component j_idt18 is not an instance or a sub class of UIInput
[0m[32m14:37:14,668 FINE  [jakarta.enterprise.resource.webcontainer.faces.renderkit] (default task-1) No decoding necessary since the component j_idt23 is not an instance or a sub class of UIInput
[0m[32m14:37:14,668 FINE  [jakarta.enterprise.resource.webcontainer.faces.lifecycle] (default task-1) Exiting ApplyRequestValuesPhase
[0m[32m14:37:14,668 FINE  [jakarta.enterprise.resource.webcontainer.faces.timing] (default task-1)  [TIMING] - [1ms] : Execution time for phase (including any PhaseListeners) -> APPLY_REQUEST_VALUES 2
[0m[32m14:37:14,668 FINE  [jakarta.enterprise.resource.webcontainer.faces.lifecycle] (default task-1) Entering ProcessValidationsPhase
[0m[32m14:37:14,668 FINE  [jakarta.enterprise.resource.webcontainer.faces.lifecycle] (default task-1) Exiting ProcessValidationsPhase
[0m[32m14:37:14,668 FINE  [jakarta.enterprise.resource.webcontainer.faces.timing] (default task-1)  [TIMING] - [0ms] : Execution time for phase (including any PhaseListeners) -> PROCESS_VALIDATIONS 3
[0m[32m14:37:14,668 FINE  [jakarta.enterprise.resource.webcontainer.faces.lifecycle] (default task-1) Entering UpdateModelValuesPhase
[0m[32m14:37:14,669 FINE  [jakarta.enterprise.resource.webcontainer.faces.lifecycle] (default task-1) Exiting UpdateModelValuesPhase
[0m[32m14:37:14,669 FINE  [jakarta.enterprise.resource.webcontainer.faces.timing] (default task-1)  [TIMING] - [1ms] : Execution time for phase (including any PhaseListeners) -> UPDATE_MODEL_VALUES 4
[0m[32m14:37:14,669 FINE  [jakarta.enterprise.resource.webcontainer.faces.lifecycle] (default task-1) Entering InvokeApplicationsPhase
[0m[32m14:37:14,669 FINE  [jakarta.enterprise.resource.webcontainer.faces.application] (default task-1) processAction(j_idt20)
[0m[32m14:37:14,669 FINE  [jakarta.enterprise.resource.webcontainer.faces.application] (default task-1) Redirecting to path /index.xhtml for outcome index.xhtml?faces-redirect=trueand viewId /index.xhtml
[0m[32m14:37:14,671 DEBUG [org.wildfly.clustering.marshalling.ByteBufferMarshalledValue] (default task-1) Marshalled size of java.util.concurrent.ConcurrentHashMap object = 1978 bytes
[0m[32m14:37:14,685 DEBUG [org.wildfly.clustering.marshalling.ByteBufferMarshalledValue] (default task-1) Marshalled size of org.wildfly.clustering.server.infinispan.scheduler.ScheduleWithTransientMetaDataCommand object = 49 bytes
[0m[32m14:37:14,687 FINE  [jakarta.enterprise.resource.webcontainer.faces.application] (default task-1) Response complete for /index.xhtml
[0m[32m14:37:14,687 FINE  [jakarta.enterprise.resource.webcontainer.faces.lifecycle] (default task-1) Exiting InvokeApplicationsPhase
[0m[32m14:37:14,687 FINE  [jakarta.enterprise.resource.webcontainer.faces.timing] (default task-1)  [TIMING] - [18ms] : Execution time for phase (including any PhaseListeners) -> INVOKE_APPLICATION 5
[0m[32m14:37:14,687 FINE  [jakarta.enterprise.resource.webcontainer.faces.lifecycle] (default task-1) render(com.sun.faces.context.FacesContextImpl@37c0fc36)
[0m[32m14:37:14,687 DEBUG [io.undertow.request] (default I/O-16) Matched default handler path /index.xhtml
[0m[32m14:37:14,688 DEBUG [org.wildfly.clustering.marshalling.ByteBufferMarshalledValue] (default task-1) Marshalled size of org.wildfly.clustering.server.infinispan.scheduler.CancelCommand object = 49 bytes
[0m[32m14:37:14,699 DEBUG [org.wildfly.clustering.marshalling.ByteBufferMarshalledValue] (default task-1) Marshalled size of java.util.concurrent.ConcurrentHashMap object = 1978 bytes
[0m[32m14:37:14,694 FINE  [jakarta.enterprise.resource.webcontainer.faces.lifecycle] (default task-2) execute(com.sun.faces.context.FacesContextImpl@7248d982)
[0m[32m14:37:14,701 FINE  [jakarta.enterprise.resource.webcontainer.faces.lifecycle] (default task-2) Entering RestoreViewPhase
[0m[32m14:37:14,701 FINE  [jakarta.enterprise.resource.webcontainer.faces.application] (default task-2) Created component with component type of 'jakarta.faces.ViewRoot'
[0m[32m14:37:14,701 FINE  [jakarta.enterprise.resource.webcontainer.faces.application] (default task-2) Created component with component type of 'jakarta.faces.ViewRoot'
[0m[32m14:37:14,701 FINE  [jakarta.enterprise.resource.webcontainer.faces.application] (default task-2) Created component with component type of 'jakarta.faces.ViewRoot'
[0m[32m14:37:14,701 FINE  [jakarta.enterprise.resource.webcontainer.faces.lifecycle] (default task-2) New request: creating a view for /index.xhtml
[0m[32m14:37:14,702 FINE  [jakarta.enterprise.resource.webcontainer.faces.application] (default task-2) Created component with component type of 'jakarta.faces.ViewRoot'
[0m[32m14:37:14,702 FINE  [jakarta.enterprise.resource.webcontainer.faces.application] (default task-2) Created new view for /index.xhtml
[0m[32m14:37:14,702 FINE  [jakarta.enterprise.resource.webcontainer.faces.application] (default task-2) Locale for this view as determined by calculateLocale en_US
[0m[32m14:37:14,702 FINE  [jakarta.enterprise.resource.webcontainer.faces.application] (default task-2) Created component with component type of 'jakarta.faces.ViewRoot'
[0m[32m14:37:14,702 FINE  [jakarta.enterprise.resource.webcontainer.faces.application] (default task-2) RenderKitId for this view as determined by calculateRenderKitId HTML_BASIC
[0m[32m14:37:14,703 FINE  [jakarta.enterprise.resource.webcontainer.faces.lifecycle] (default task-2) Exiting RestoreViewPhase
[0m[32m14:37:14,705 FINE  [jakarta.enterprise.resource.webcontainer.faces.timing] (default task-2)  [TIMING] - [4ms] : Execution time for phase (including any PhaseListeners) -> RESTORE_VIEW 1
[0m[32m14:37:14,705 FINE  [jakarta.enterprise.resource.webcontainer.faces.lifecycle] (default task-2) render(com.sun.faces.context.FacesContextImpl@7248d982)
[0m[32m14:37:14,706 FINE  [jakarta.enterprise.resource.webcontainer.faces.lifecycle] (default task-2) Entering RenderResponsePhase
[0m[32m14:37:14,714 FINE  [jakarta.enterprise.resource.webcontainer.faces.lifecycle] (default task-2) About to render view /index.xhtml
[0m[32m14:37:14,714 FINE  [jakarta.enterprise.resource.webcontainer.faces.application] (default task-2) Building View: /index.xhtml
[0m[32m14:37:14,716 FINE  [jakarta.enterprise.resource.webcontainer.faces.application] (default task-2) Created component with component type of 'jakarta.faces.Output'
[0m[32m14:37:14,717 FINE  [jakarta.enterprise.resource.webcontainer.faces.facelets.tag.component] (default task-2) /index.xhtml @6,11 <h:head> Component[2059540600_7ac2185f] Created: jakarta.faces.component.UIOutput
[0m[32m14:37:14,718 FINE  [jakarta.enterprise.resource.webcontainer.faces.application] (default task-2) Created component with component type of 'jakarta.faces.OutputBody'
[0m[32m14:37:14,718 FINE  [jakarta.enterprise.resource.webcontainer.faces.facelets.tag.component] (default task-2) /index.xhtml @10,11 <h:body> Component[2059540600_7ac21839] Created: jakarta.faces.component.html.HtmlBody
[0m[32m14:37:14,718 FINE  [jakarta.enterprise.resource.webcontainer.faces.application] (default task-2) Created component with component type of 'jakarta.faces.HtmlPanelGroup'
[0m[32m14:37:14,725 FINE  [jakarta.enterprise.resource.webcontainer.faces.facelets.tag.component] (default task-2) /index.xhtml @13,60 <h:panelGroup> Component[2059540600_7ac21823] Created: jakarta.faces.component.html.HtmlPanelGroup
[0m[32m14:37:14,725 FINE  [jakarta.enterprise.resource.webcontainer.faces.application] (default task-2) Created component with component type of 'jakarta.faces.HtmlOutputText'
[0m[32m14:37:14,726 FINE  [jakarta.enterprise.resource.webcontainer.faces.facelets.tag.component] (default task-2) /index.xhtml @15,61 <h:outputText> Component[2059540600_7ac2180d] Created: jakarta.faces.component.html.HtmlOutputText
[0m[32m14:37:14,726 FINE  [jakarta.enterprise.resource.webcontainer.faces.application] (default task-2) Created component with component type of 'jakarta.faces.HtmlPanelGroup'
[0m[32m14:37:14,726 FINE  [jakarta.enterprise.resource.webcontainer.faces.facelets.tag.component] (default task-2) /index.xhtml @17,60 <h:panelGroup> Component[2059540600_7ac218fa] Created: jakarta.faces.component.html.HtmlPanelGroup
[0m[32m14:37:14,728 FINE  [jakarta.enterprise.resource.webcontainer.faces.application] (default task-2) Created component with component type of 'jakarta.faces.HtmlOutputText'
[0m[32m14:37:14,729 FINE  [jakarta.enterprise.resource.webcontainer.faces.facelets.tag.component] (default task-2) /index.xhtml @19,60 <h:outputText> Component[2059540600_7ac218e4] Created: jakarta.faces.component.html.HtmlOutputText
[0m[32m14:37:14,729 FINE  [jakarta.enterprise.resource.webcontainer.faces.application] (default task-2) Created component with component type of 'jakarta.faces.HtmlPanelGroup'
[0m[32m14:37:14,729 FINE  [jakarta.enterprise.resource.webcontainer.faces.facelets.tag.component] (default task-2) /index.xhtml @21,61 <h:panelGroup> Component[2059540600_7ac218d1] Created: jakarta.faces.component.html.HtmlPanelGroup
[0m[32m14:37:14,730 FINE  [jakarta.enterprise.resource.webcontainer.faces.application] (default task-2) Created component with component type of 'jakarta.faces.HtmlOutputText'
[0m[32m14:37:14,730 FINE  [jakarta.enterprise.resource.webcontainer.faces.facelets.tag.component] (default task-2) /index.xhtml @23,59 <h:outputText> Component[2059540600_7ac218bb] Created: jakarta.faces.component.html.HtmlOutputText
[0m[32m14:37:14,730 FINE  [jakarta.enterprise.resource.webcontainer.faces.application] (default task-2) Created component with component type of 'jakarta.faces.HtmlForm'
[0m[32m14:37:14,730 FINE  [jakarta.enterprise.resource.webcontainer.faces.facelets.tag.component] (default task-2) /index.xhtml @26,11 <h:form> Component[2059540600_7ac218a8] Created: jakarta.faces.component.html.HtmlForm
[0m[32m14:37:14,730 FINE  [jakarta.enterprise.resource.webcontainer.faces.application] (default task-2) Created component with component type of 'jakarta.faces.HtmlPanelGroup'
[0m[32m14:37:14,730 FINE  [jakarta.enterprise.resource.webcontainer.faces.facelets.tag.component] (default task-2) /index.xhtml @27,62 <h:panelGroup> Component[2059540600_7ac21892] Created: jakarta.faces.component.html.HtmlPanelGroup
[0m[32m14:37:14,730 FINE  [jakarta.enterprise.resource.webcontainer.faces.application] (default task-2) Created component with component type of 'jakarta.faces.HtmlCommandButton'
[0m[32m14:37:14,730 FINE  [jakarta.enterprise.resource.webcontainer.faces.facelets.tag.component] (default task-2) /index.xhtml @29,119 <h:commandButton> Component[2059540600_7ac2197c] Created: jakarta.faces.component.html.HtmlCommandButton
[0m[32m14:37:14,730 FINE  [jakarta.enterprise.resource.webcontainer.faces.application] (default task-2) Created component with component type of 'jakarta.faces.HtmlCommandButton'
[0m[32m14:37:14,731 FINE  [jakarta.enterprise.resource.webcontainer.faces.facelets.tag.component] (default task-2) /index.xhtml @30,112 <h:commandButton> Component[2059540600_7ac21969] Created: jakarta.faces.component.html.HtmlCommandButton
[0m[32m14:37:14,731 FINE  [jakarta.enterprise.resource.webcontainer.faces.application] (default task-2) Created component with component type of 'jakarta.faces.HtmlPanelGroup'
[0m[32m14:37:14,731 FINE  [jakarta.enterprise.resource.webcontainer.faces.facelets.tag.component] (default task-2) /index.xhtml @33,34 <h:panelGroup> Component[2059540600_7ac21966] Created: jakarta.faces.component.html.HtmlPanelGroup
[0m[32m14:37:14,731 FINE  [jakarta.enterprise.resource.webcontainer.faces.application] (default task-2) Created component with component type of 'jakarta.faces.HtmlCommandButton'
[0m[32m14:37:14,731 FINE  [jakarta.enterprise.resource.webcontainer.faces.facelets.tag.component] (default task-2) /index.xhtml @35,124 <h:commandButton> Component[2059540600_7ac21940] Created: jakarta.faces.component.html.HtmlCommandButton
[0m[32m14:37:14,731 FINE  [jakarta.enterprise.resource.webcontainer.faces.application] (default task-2) Created component with component type of 'jakarta.faces.HtmlCommandButton'
[0m[32m14:37:14,731 FINE  [jakarta.enterprise.resource.webcontainer.faces.facelets.tag.component] (default task-2) /index.xhtml @36,117 <h:commandButton> Component[2059540600_7ac2193d] Created: jakarta.faces.component.html.HtmlCommandButton
[0m[32m14:37:14,732 FINE  [jakarta.enterprise.resource.webcontainer.faces.application] (default task-2) Rendering View: /index.xhtml
[0m[32m14:37:14,734 DEBUG [org.wildfly.clustering.marshalling.ByteBufferMarshalledValue] (default task-2) Marshalled size of java.util.concurrent.ConcurrentHashMap object = 588 bytes
[0m[32m14:37:14,744 DEBUG [org.wildfly.clustering.marshalling.ByteBufferMarshalledValue] (default task-1) Marshalled size of org.wildfly.clustering.server.infinispan.scheduler.ScheduleWithTransientMetaDataCommand object = 49 bytes
[0m[32m14:37:14,767 DEBUG [org.wildfly.clustering.marshalling.ByteBufferMarshalledValue] (default task-1) Marshalled size of org.wildfly.clustering.server.infinispan.scheduler.CancelCommand object = 49 bytes
[0m[32m14:37:14,770 FINE  [jakarta.enterprise.resource.webcontainer.faces.renderkit] (default task-2) component.getValue() returned fZR-YtaLrwSBmOaD1GfcpspAY2OQHHEZiwiavHLf
[0m[32m14:37:14,770 FINE  [jakarta.enterprise.resource.webcontainer.faces.renderkit] (default task-2) Value to be rendered fZR-YtaLrwSBmOaD1GfcpspAY2OQHHEZiwiavHLf
[0m[32m14:37:14,771 FINE  [jakarta.enterprise.resource.webcontainer.faces.renderkit] (default task-2) component.getValue() returned 80af7a46f92a
[0m[32m14:37:14,771 FINE  [jakarta.enterprise.resource.webcontainer.faces.renderkit] (default task-2) Value to be rendered 80af7a46f92a
[0m[32m14:37:14,771 FINE  [jakarta.enterprise.resource.webcontainer.faces.renderkit] (default task-2) component.getValue() returned 0
[0m[32m14:37:14,772 FINE  [jakarta.enterprise.resource.webcontainer.faces.application] (default task-2) Created converter of type 'jakarta.faces.convert.IntegerConverter'
[0m[32m14:37:14,772 FINE  [jakarta.enterprise.resource.webcontainer.faces.renderkit] (default task-2) Value to be rendered 0
[0m[32m14:37:14,774 FINE  [jakarta.enterprise.resource.webcontainer.faces.application] (default task-2) Begin writing marker for viewId /index.xhtml
[0m[32m14:37:14,774 FINE  [jakarta.enterprise.resource.webcontainer.faces.application] (default task-2) End writing marker for viewId /index.xhtml
[0m[32m14:37:14,782 FINE  [jakarta.faces.component] (default task-2) j_id1
[0m[32m14:37:14,783 FINE  [jakarta.enterprise.resource.webcontainer.faces.lifecycle] (default task-2) Exiting RenderResponsePhase
[0m[32m14:37:14,783 FINE  [jakarta.enterprise.resource.webcontainer.faces.timing] (default task-2)  [TIMING] - [77ms] : Execution time for phase (including any PhaseListeners) -> RENDER_RESPONSE 6
[0m[32m14:37:14,785 DEBUG [io.undertow.request.io] (default task-2) UT005013: An IOException occurred: java.net.SocketException: Connection reset
	at java.base/sun.nio.ch.SocketChannelImpl.throwConnectionReset(SocketChannelImpl.java:401)
	at java.base/sun.nio.ch.SocketChannelImpl.read(SocketChannelImpl.java:434)
	at org.jboss.xnio.nio@3.8.16.Final-redhat-00001//org.xnio.nio.NioSocketConduit.read(NioSocketConduit.java:289)
	at org.jboss.xnio@3.8.16.Final-redhat-00001//org.xnio.conduits.AbstractStreamSourceConduit.read(AbstractStreamSourceConduit.java:51)
	at io.undertow.core@2.3.23.SP3-redhat-00001//io.undertow.conduits.ReadTimeoutStreamSourceConduit.read(ReadTimeoutStreamSourceConduit.java:181)
	at org.jboss.xnio@3.8.16.Final-redhat-00001//org.xnio.conduits.AbstractStreamSourceConduit.read(AbstractStreamSourceConduit.java:51)
	at io.undertow.core@2.3.23.SP3-redhat-00001//io.undertow.conduits.BytesReceivedStreamSourceConduit.read(BytesReceivedStreamSourceConduit.java:67)
	at org.jboss.xnio@3.8.16.Final-redhat-00001//org.xnio.conduits.ConduitStreamSourceChannel.read(ConduitStreamSourceChannel.java:127)
	at io.undertow.core@2.3.23.SP3-redhat-00001//io.undertow.util.ConnectionUtils.doDrain(ConnectionUtils.java:96)
	at io.undertow.core@2.3.23.SP3-redhat-00001//io.undertow.util.ConnectionUtils.cleanClose(ConnectionUtils.java:74)
	at io.undertow.core@2.3.23.SP3-redhat-00001//io.undertow.server.protocol.http.HttpReadListener.exchangeComplete(HttpReadListener.java:374)
	at io.undertow.core@2.3.23.SP3-redhat-00001//io.undertow.server.protocol.http.HttpServerConnection.exchangeComplete(HttpServerConnection.java:244)
	at io.undertow.core@2.3.23.SP3-redhat-00001//io.undertow.server.HttpServerExchange$ExchangeCompleteNextListener.proceed(HttpServerExchange.java:2062)
	at io.undertow.core@2.3.23.SP3-redhat-00001//io.undertow.server.ConnectorStatisticsImpl$1.exchangeEvent(ConnectorStatisticsImpl.java:75)
	at io.undertow.core@2.3.23.SP3-redhat-00001//io.undertow.server.HttpServerExchange$ExchangeCompleteNextListener.proceed(HttpServerExchange.java:2060)
	at io.undertow.core@2.3.23.SP3-redhat-00001//io.undertow.server.handlers.MetricsHandler$2.exchangeEvent(MetricsHandler.java:60)
	at io.undertow.core@2.3.23.SP3-redhat-00001//io.undertow.server.HttpServerExchange.invokeExchangeCompleteListeners(HttpServerExchange.java:1436)
	at io.undertow.core@2.3.23.SP3-redhat-00001//io.undertow.server.HttpServerExchange.terminateResponse(HttpServerExchange.java:1723)
	at io.undertow.core@2.3.23.SP3-redhat-00001//io.undertow.server.Connectors.terminateResponse(Connectors.java:198)
	at io.undertow.core@2.3.23.SP3-redhat-00001//io.undertow.server.protocol.http.ServerFixedLengthStreamSinkConduit.channelFinished(ServerFixedLengthStreamSinkConduit.java:58)
	at io.undertow.core@2.3.23.SP3-redhat-00001//io.undertow.conduits.AbstractFixedLengthStreamSinkConduit.exitFlush(AbstractFixedLengthStreamSinkConduit.java:316)
	at io.undertow.core@2.3.23.SP3-redhat-00001//io.undertow.conduits.AbstractFixedLengthStreamSinkConduit.flush(AbstractFixedLengthStreamSinkConduit.java:234)
	at org.jboss.xnio@3.8.16.Final-redhat-00001//org.xnio.conduits.ConduitStreamSinkChannel.flush(ConduitStreamSinkChannel.java:162)
	at io.undertow.core@2.3.23.SP3-redhat-00001//io.undertow.channels.DetachableStreamSinkChannel.flush(DetachableStreamSinkChannel.java:119)
	at org.jboss.xnio@3.8.16.Final-redhat-00001//org.xnio.channels.Channels.flushBlocking(Channels.java:63)
	at io.undertow.servlet@2.3.23.SP3-redhat-00001//io.undertow.servlet.spec.ServletOutputStreamImpl.close(ServletOutputStreamImpl.java:654)
	at io.undertow.servlet@2.3.23.SP3-redhat-00001//io.undertow.servlet.spec.ServletPrintWriter.close(ServletPrintWriter.java:130)
	at io.undertow.servlet@2.3.23.SP3-redhat-00001//io.undertow.servlet.spec.ServletPrintWriterDelegate.close(ServletPrintWriterDelegate.java:79)
	at io.undertow.servlet@2.3.23.SP3-redhat-00001//io.undertow.servlet.spec.HttpServletResponseImpl.closeStreamAndWriter(HttpServletResponseImpl.java:505)
	at io.undertow.servlet@2.3.23.SP3-redhat-00001//io.undertow.servlet.spec.HttpServletResponseImpl.responseDone(HttpServletResponseImpl.java:606)
	at io.undertow.servlet@2.3.23.SP3-redhat-00001//io.undertow.servlet.handlers.ServletInitialHandler.handleFirstRequest(ServletInitialHandler.java:330)
	at io.undertow.servlet@2.3.23.SP3-redhat-00001//io.undertow.servlet.handlers.ServletInitialHandler$1.call(ServletInitialHandler.java:130)
	at io.undertow.servlet@2.3.23.SP3-redhat-00001//io.undertow.servlet.handlers.ServletInitialHandler$1.call(ServletInitialHandler.java:127)
	at io.undertow.servlet@2.3.23.SP3-redhat-00001//io.undertow.servlet.core.ServletRequestContextThreadSetupAction$1.call(ServletRequestContextThreadSetupAction.java:48)
	at io.undertow.servlet@2.3.23.SP3-redhat-00001//io.undertow.servlet.core.ContextClassLoaderSetupAction$1.call(ContextClassLoaderSetupAction.java:43)
	at org.wildfly.extension.undertow@8.1.1.GA-redhat-00012//org.wildfly.extension.undertow.deployment.UndertowDeploymentInfoService$UndertowThreadSetupAction.lambda$create$0(UndertowDeploymentInfoService.java:1421)
	at org.wildfly.extension.undertow@8.1.1.GA-redhat-00012//org.wildfly.extension.undertow.deployment.UndertowDeploymentInfoService$UndertowThreadSetupAction.lambda$create$0(UndertowDeploymentInfoService.java:1421)
	at org.wildfly.extension.undertow@8.1.1.GA-redhat-00012//org.wildfly.extension.undertow.deployment.UndertowDeploymentInfoService$UndertowThreadSetupAction.lambda$create$0(UndertowDeploymentInfoService.java:1421)
	at org.wildfly.extension.undertow@8.1.1.GA-redhat-00012//org.wildfly.extension.undertow.deployment.UndertowDeploymentInfoService$UndertowThreadSetupAction.lambda$create$0(UndertowDeploymentInfoService.java:1421)
	at io.undertow.servlet@2.3.23.SP3-redhat-00001//io.undertow.servlet.handlers.ServletInitialHandler.dispatchRequest(ServletInitialHandler.java:251)
	at io.undertow.servlet@2.3.23.SP3-redhat-00001//io.undertow.servlet.handlers.ServletInitialHandler.lambda$new$1(ServletInitialHandler.java:99)
	at io.undertow.core@2.3.23.SP3-redhat-00001//io.undertow.server.Connectors.executeRootHandler(Connectors.java:418)
	at io.undertow.core@2.3.23.SP3-redhat-00001//io.undertow.server.HttpServerExchange$1.run(HttpServerExchange.java:938)
	at org.jboss.threads@2.5.0.redhat-00001//org.jboss.threads.ContextClassLoaderSavingRunnable.run(ContextClassLoaderSavingRunnable.java:35)
	at org.jboss.threads@2.5.0.redhat-00001//org.jboss.threads.EnhancedQueueExecutor.safeRun(EnhancedQueueExecutor.java:2024)
	at org.jboss.threads@2.5.0.redhat-00001//org.jboss.threads.EnhancedQueueExecutor$ThreadBody.doRunTask(EnhancedQueueExecutor.java:1520)
	at org.jboss.threads@2.5.0.redhat-00001//org.jboss.threads.EnhancedQueueExecutor$ThreadBody.run(EnhancedQueueExecutor.java:1411)
	at org.jboss.xnio@3.8.16.Final-redhat-00001//org.xnio.XnioWorker$WorkerThreadFactory$1$1.run(XnioWorker.java:1282)
	at java.base/java.lang.Thread.run(Thread.java:1583)

[0m[32m14:37:14,787 DEBUG [org.wildfly.clustering.marshalling.ByteBufferMarshalledValue] (default task-2) Marshalled size of java.util.concurrent.ConcurrentHashMap object = 1884 bytes
[0m[32m14:37:14,787 DEBUG [org.wildfly.clustering.marshalling.ByteBufferMarshalledValue] (default task-1) Marshalled size of java.util.concurrent.ConcurrentHashMap object = 1978 bytes
[0m[32m14:37:14,794 DEBUG [org.wildfly.clustering.marshalling.ByteBufferMarshalledValue] (default task-1) Marshalled size of org.wildfly.clustering.server.infinispan.scheduler.ScheduleWithTransientMetaDataCommand object = 49 bytes
[0m[32m14:37:14,909 DEBUG [io.undertow.request] (default I/O-7) Matched default handler path /.well-known/appspecific/com.chrome.devtools.json
[0m[32m14:37:14,910 DEBUG [org.wildfly.clustering.marshalling.ByteBufferMarshalledValue] (default task-1) Marshalled size of org.wildfly.clustering.server.infinispan.scheduler.CancelCommand object = 49 bytes
[0m[32m14:37:14,919 DEBUG [org.wildfly.clustering.marshalling.ByteBufferMarshalledValue] (default task-1) Marshalled size of org.wildfly.clustering.server.infinispan.scheduler.ScheduleWithTransientMetaDataCommand object = 49 bytes
[0m[32m14:37:15,087 DEBUG [io.undertow.request] (default I/O-7) Matched default handler path /index.xhtml
[0m[32m14:37:15,087 DEBUG [org.wildfly.clustering.marshalling.ByteBufferMarshalledValue] (default task-1) Marshalled size of org.wildfly.clustering.server.infinispan.scheduler.CancelCommand object = 49 bytes
[0m[32m14:37:15,127 FINE  [jakarta.enterprise.resource.webcontainer.faces.lifecycle] (default task-1) execute(com.sun.faces.context.FacesContextImpl@f0010cb)
[0m[32m14:37:15,128 FINE  [jakarta.enterprise.resource.webcontainer.faces.lifecycle] (default task-1) Entering RestoreViewPhase
[0m[32m14:37:15,128 FINE  [jakarta.enterprise.resource.webcontainer.faces.application] (default task-1) Created component with component type of 'jakarta.faces.ViewRoot'
[0m[32m14:37:15,128 FINE  [jakarta.enterprise.resource.webcontainer.faces.application] (default task-1) Created component with component type of 'jakarta.faces.ViewRoot'
[0m[32m14:37:15,128 FINE  [jakarta.enterprise.resource.webcontainer.faces.application] (default task-1) Created component with component type of 'jakarta.faces.ViewRoot'
[0m[32m14:37:15,128 FINE  [jakarta.enterprise.resource.webcontainer.faces.lifecycle] (default task-1) New request: creating a view for /index.xhtml
[0m[32m14:37:15,129 FINE  [jakarta.enterprise.resource.webcontainer.faces.application] (default task-1) Created component with component type of 'jakarta.faces.ViewRoot'
[0m[32m14:37:15,129 FINE  [jakarta.enterprise.resource.webcontainer.faces.application] (default task-1) Created new view for /index.xhtml
[0m[32m14:37:15,129 FINE  [jakarta.enterprise.resource.webcontainer.faces.application] (default task-1) Locale for this view as determined by calculateLocale en_US
[0m[32m14:37:15,129 FINE  [jakarta.enterprise.resource.webcontainer.faces.application] (default task-1) Created component with component type of 'jakarta.faces.ViewRoot'
[0m[32m14:37:15,129 FINE  [jakarta.enterprise.resource.webcontainer.faces.application] (default task-1) RenderKitId for this view as determined by calculateRenderKitId HTML_BASIC
[0m[32m14:37:15,129 FINE  [jakarta.enterprise.resource.webcontainer.faces.lifecycle] (default task-1) Exiting RestoreViewPhase
[0m[32m14:37:15,130 FINE  [jakarta.enterprise.resource.webcontainer.faces.timing] (default task-1)  [TIMING] - [2ms] : Execution time for phase (including any PhaseListeners) -> RESTORE_VIEW 1
[0m[32m14:37:15,130 FINE  [jakarta.enterprise.resource.webcontainer.faces.lifecycle] (default task-1) render(com.sun.faces.context.FacesContextImpl@f0010cb)
[0m[32m14:37:15,130 FINE  [jakarta.enterprise.resource.webcontainer.faces.lifecycle] (default task-1) Entering RenderResponsePhase
[0m[32m14:37:15,130 FINE  [jakarta.enterprise.resource.webcontainer.faces.lifecycle] (default task-1) About to render view /index.xhtml
[0m[32m14:37:15,130 FINE  [jakarta.enterprise.resource.webcontainer.faces.application] (default task-1) Building View: /index.xhtml
[0m[32m14:37:15,130 FINE  [jakarta.enterprise.resource.webcontainer.faces.application] (default task-1) Created component with component type of 'jakarta.faces.Output'
[0m[32m14:37:15,130 FINE  [jakarta.enterprise.resource.webcontainer.faces.facelets.tag.component] (default task-1) /index.xhtml @6,11 <h:head> Component[2059540600_7ac2185f] Created: jakarta.faces.component.UIOutput
[0m[32m14:37:15,130 FINE  [jakarta.enterprise.resource.webcontainer.faces.application] (default task-1) Created component with component type of 'jakarta.faces.OutputBody'
[0m[32m14:37:15,131 FINE  [jakarta.enterprise.resource.webcontainer.faces.facelets.tag.component] (default task-1) /index.xhtml @10,11 <h:body> Component[2059540600_7ac21839] Created: jakarta.faces.component.html.HtmlBody
[0m[32m14:37:15,131 FINE  [jakarta.enterprise.resource.webcontainer.faces.application] (default task-1) Created component with component type of 'jakarta.faces.HtmlPanelGroup'
[0m[32m14:37:15,131 FINE  [jakarta.enterprise.resource.webcontainer.faces.facelets.tag.component] (default task-1) /index.xhtml @13,60 <h:panelGroup> Component[2059540600_7ac21823] Created: jakarta.faces.component.html.HtmlPanelGroup
[0m[32m14:37:15,131 FINE  [jakarta.enterprise.resource.webcontainer.faces.application] (default task-1) Created component with component type of 'jakarta.faces.HtmlOutputText'
[0m[32m14:37:15,131 FINE  [jakarta.enterprise.resource.webcontainer.faces.facelets.tag.component] (default task-1) /index.xhtml @15,61 <h:outputText> Component[2059540600_7ac2180d] Created: jakarta.faces.component.html.HtmlOutputText
[0m[32m14:37:15,131 FINE  [jakarta.enterprise.resource.webcontainer.faces.application] (default task-1) Created component with component type of 'jakarta.faces.HtmlPanelGroup'
[0m[32m14:37:15,131 FINE  [jakarta.enterprise.resource.webcontainer.faces.facelets.tag.component] (default task-1) /index.xhtml @17,60 <h:panelGroup> Component[2059540600_7ac218fa] Created: jakarta.faces.component.html.HtmlPanelGroup
[0m[32m14:37:15,131 FINE  [jakarta.enterprise.resource.webcontainer.faces.application] (default task-1) Created component with component type of 'jakarta.faces.HtmlOutputText'
[0m[32m14:37:15,131 FINE  [jakarta.enterprise.resource.webcontainer.faces.facelets.tag.component] (default task-1) /index.xhtml @19,60 <h:outputText> Component[2059540600_7ac218e4] Created: jakarta.faces.component.html.HtmlOutputText
[0m[32m14:37:15,131 FINE  [jakarta.enterprise.resource.webcontainer.faces.application] (default task-1) Created component with component type of 'jakarta.faces.HtmlPanelGroup'
[0m[32m14:37:15,131 FINE  [jakarta.enterprise.resource.webcontainer.faces.facelets.tag.component] (default task-1) /index.xhtml @21,61 <h:panelGroup> Component[2059540600_7ac218d1] Created: jakarta.faces.component.html.HtmlPanelGroup
[0m[32m14:37:15,131 FINE  [jakarta.enterprise.resource.webcontainer.faces.application] (default task-1) Created component with component type of 'jakarta.faces.HtmlOutputText'
[0m[32m14:37:15,131 FINE  [jakarta.enterprise.resource.webcontainer.faces.facelets.tag.component] (default task-1) /index.xhtml @23,59 <h:outputText> Component[2059540600_7ac218bb] Created: jakarta.faces.component.html.HtmlOutputText
[0m[32m14:37:15,132 FINE  [jakarta.enterprise.resource.webcontainer.faces.application] (default task-1) Created component with component type of 'jakarta.faces.HtmlForm'
[0m[32m14:37:15,132 FINE  [jakarta.enterprise.resource.webcontainer.faces.facelets.tag.component] (default task-1) /index.xhtml @26,11 <h:form> Component[2059540600_7ac218a8] Created: jakarta.faces.component.html.HtmlForm
[0m[32m14:37:15,132 FINE  [jakarta.enterprise.resource.webcontainer.faces.application] (default task-1) Created component with component type of 'jakarta.faces.HtmlPanelGroup'
[0m[32m14:37:15,132 FINE  [jakarta.enterprise.resource.webcontainer.faces.facelets.tag.component] (default task-1) /index.xhtml @27,62 <h:panelGroup> Component[2059540600_7ac21892] Created: jakarta.faces.component.html.HtmlPanelGroup
[0m[32m14:37:15,132 FINE  [jakarta.enterprise.resource.webcontainer.faces.application] (default task-1) Created component with component type of 'jakarta.faces.HtmlCommandButton'
[0m[32m14:37:15,132 FINE  [jakarta.enterprise.resource.webcontainer.faces.facelets.tag.component] (default task-1) /index.xhtml @29,119 <h:commandButton> Component[2059540600_7ac2197c] Created: jakarta.faces.component.html.HtmlCommandButton
[0m[32m14:37:15,132 FINE  [jakarta.enterprise.resource.webcontainer.faces.application] (default task-1) Created component with component type of 'jakarta.faces.HtmlCommandButton'
[0m[32m14:37:15,132 FINE  [jakarta.enterprise.resource.webcontainer.faces.facelets.tag.component] (default task-1) /index.xhtml @30,112 <h:commandButton> Component[2059540600_7ac21969] Created: jakarta.faces.component.html.HtmlCommandButton
[0m[32m14:37:15,132 FINE  [jakarta.enterprise.resource.webcontainer.faces.application] (default task-1) Created component with component type of 'jakarta.faces.HtmlPanelGroup'
[0m[32m14:37:15,133 FINE  [jakarta.enterprise.resource.webcontainer.faces.facelets.tag.component] (default task-1) /index.xhtml @33,34 <h:panelGroup> Component[2059540600_7ac21966] Created: jakarta.faces.component.html.HtmlPanelGroup
[0m[32m14:37:15,133 FINE  [jakarta.enterprise.resource.webcontainer.faces.application] (default task-1) Created component with component type of 'jakarta.faces.HtmlCommandButton'
[0m[32m14:37:15,133 FINE  [jakarta.enterprise.resource.webcontainer.faces.facelets.tag.component] (default task-1) /index.xhtml @35,124 <h:commandButton> Component[2059540600_7ac21940] Created: jakarta.faces.component.html.HtmlCommandButton
[0m[32m14:37:15,133 FINE  [jakarta.enterprise.resource.webcontainer.faces.application] (default task-1) Created component with component type of 'jakarta.faces.HtmlCommandButton'
[0m[32m14:37:15,133 FINE  [jakarta.enterprise.resource.webcontainer.faces.facelets.tag.component] (default task-1) /index.xhtml @36,117 <h:commandButton> Component[2059540600_7ac2193d] Created: jakarta.faces.component.html.HtmlCommandButton
[0m[32m14:37:15,133 FINE  [jakarta.enterprise.resource.webcontainer.faces.application] (default task-1) Rendering View: /index.xhtml
[0m[32m14:37:15,134 FINE  [jakarta.enterprise.resource.webcontainer.faces.renderkit] (default task-1) component.getValue() returned jNQGv0URH6n513ivo2My-hSdtRiKOkU1NKyrSGui
[0m[32m14:37:15,135 FINE  [jakarta.enterprise.resource.webcontainer.faces.renderkit] (default task-1) Value to be rendered jNQGv0URH6n513ivo2My-hSdtRiKOkU1NKyrSGui
[0m[32m14:37:15,135 FINE  [jakarta.enterprise.resource.webcontainer.faces.renderkit] (default task-1) component.getValue() returned 80af7a46f92a
[0m[32m14:37:15,135 FINE  [jakarta.enterprise.resource.webcontainer.faces.renderkit] (default task-1) Value to be rendered 80af7a46f92a
[0m[32m14:37:15,135 FINE  [jakarta.enterprise.resource.webcontainer.faces.renderkit] (default task-1) component.getValue() returned 6
[0m[32m14:37:15,135 FINE  [jakarta.enterprise.resource.webcontainer.faces.application] (default task-1) Created converter of type 'jakarta.faces.convert.IntegerConverter'
[0m[32m14:37:15,135 FINE  [jakarta.enterprise.resource.webcontainer.faces.renderkit] (default task-1) Value to be rendered 6
[0m[32m14:37:15,136 FINE  [jakarta.enterprise.resource.webcontainer.faces.application] (default task-1) Begin writing marker for viewId /index.xhtml
[0m[32m14:37:15,136 FINE  [jakarta.enterprise.resource.webcontainer.faces.application] (default task-1) End writing marker for viewId /index.xhtml
[0m[32m14:37:15,136 FINE  [jakarta.faces.component] (default task-1) j_id1
[0m[32m14:37:15,137 FINE  [jakarta.enterprise.resource.webcontainer.faces.lifecycle] (default task-1) Exiting RenderResponsePhase
[0m[32m14:37:15,137 FINE  [jakarta.enterprise.resource.webcontainer.faces.timing] (default task-1)  [TIMING] - [7ms] : Execution time for phase (including any PhaseListeners) -> RENDER_RESPONSE 6
[0m[32m14:37:15,147 DEBUG [org.wildfly.clustering.marshalling.ByteBufferMarshalledValue] (default task-1) Marshalled size of java.util.concurrent.ConcurrentHashMap object = 1978 bytes
[0m[32m14:37:15,162 DEBUG [org.wildfly.clustering.marshalling.ByteBufferMarshalledValue] (default task-1) Marshalled size of org.wildfly.clustering.server.infinispan.scheduler.ScheduleWithTransientMetaDataCommand object = 49 bytes
[0m[32m14:37:15,845 DEBUG [io.undertow.request] (default I/O-7) Matched default handler path /index.xhtml
[0m[32m14:37:15,846 DEBUG [org.wildfly.clustering.marshalling.ByteBufferMarshalledValue] (default task-1) Marshalled size of org.wildfly.clustering.server.infinispan.scheduler.CancelCommand object = 49 bytes
[0m[32m14:37:15,849 FINE  [jakarta.enterprise.resource.webcontainer.faces.lifecycle] (default task-1) execute(com.sun.faces.context.FacesContextImpl@b231be5)
[0m[32m14:37:15,850 FINE  [jakarta.enterprise.resource.webcontainer.faces.lifecycle] (default task-1) Entering RestoreViewPhase
[0m[32m14:37:15,850 FINE  [jakarta.enterprise.resource.webcontainer.faces.application] (default task-1) Created component with component type of 'jakarta.faces.ViewRoot'
[0m[32m14:37:15,850 FINE  [jakarta.enterprise.resource.webcontainer.faces.application] (default task-1) Created component with component type of 'jakarta.faces.ViewRoot'
[0m[32m14:37:15,850 FINE  [jakarta.enterprise.resource.webcontainer.faces.application] (default task-1) Created component with component type of 'jakarta.faces.ViewRoot'
[0m[32m14:37:15,850 FINE  [jakarta.enterprise.resource.webcontainer.faces.application] (default task-1) Created component with component type of 'jakarta.faces.ViewRoot'
[0m[32m14:37:15,850 FINE  [jakarta.enterprise.resource.webcontainer.faces.application] (default task-1) Created component with component type of 'jakarta.faces.ViewRoot'
[0m[32m14:37:15,851 FINE  [jakarta.enterprise.resource.webcontainer.faces.application] (default task-1) Created component with component type of 'jakarta.faces.ViewRoot'
[0m[32m14:37:15,851 FINE  [jakarta.enterprise.resource.webcontainer.faces.application] (default task-1) Created new view for /index.xhtml
[0m[32m14:37:15,851 FINE  [jakarta.enterprise.resource.webcontainer.faces.application] (default task-1) Locale for this view as determined by calculateLocale en_US
[0m[32m14:37:15,851 FINE  [jakarta.enterprise.resource.webcontainer.faces.application] (default task-1) Created component with component type of 'jakarta.faces.ViewRoot'
[0m[32m14:37:15,851 FINE  [jakarta.enterprise.resource.webcontainer.faces.application] (default task-1) RenderKitId for this view as determined by calculateRenderKitId HTML_BASIC
[0m[32m14:37:15,851 FINE  [jakarta.enterprise.resource.webcontainer.faces.application] (default task-1) Building View: /index.xhtml
[0m[32m14:37:15,851 FINE  [jakarta.enterprise.resource.webcontainer.faces.application] (default task-1) Created component with component type of 'jakarta.faces.Output'
[0m[32m14:37:15,852 FINE  [jakarta.enterprise.resource.webcontainer.faces.facelets.tag.component] (default task-1) /index.xhtml @6,11 <h:head> Component[2059540600_7ac2185f] Created: jakarta.faces.component.UIOutput
[0m[32m14:37:15,852 FINE  [jakarta.enterprise.resource.webcontainer.faces.application] (default task-1) Created component with component type of 'jakarta.faces.OutputBody'
[0m[32m14:37:15,852 FINE  [jakarta.enterprise.resource.webcontainer.faces.facelets.tag.component] (default task-1) /index.xhtml @10,11 <h:body> Component[2059540600_7ac21839] Created: jakarta.faces.component.html.HtmlBody
[0m[32m14:37:15,852 FINE  [jakarta.enterprise.resource.webcontainer.faces.application] (default task-1) Created component with component type of 'jakarta.faces.HtmlPanelGroup'
[0m[32m14:37:15,852 FINE  [jakarta.enterprise.resource.webcontainer.faces.facelets.tag.component] (default task-1) /index.xhtml @13,60 <h:panelGroup> Component[2059540600_7ac21823] Created: jakarta.faces.component.html.HtmlPanelGroup
[0m[32m14:37:15,852 FINE  [jakarta.enterprise.resource.webcontainer.faces.application] (default task-1) Created component with component type of 'jakarta.faces.HtmlOutputText'
[0m[32m14:37:15,852 FINE  [jakarta.enterprise.resource.webcontainer.faces.facelets.tag.component] (default task-1) /index.xhtml @15,61 <h:outputText> Component[2059540600_7ac2180d] Created: jakarta.faces.component.html.HtmlOutputText
[0m[32m14:37:15,852 FINE  [jakarta.enterprise.resource.webcontainer.faces.application] (default task-1) Created component with component type of 'jakarta.faces.HtmlPanelGroup'
[0m[32m14:37:15,852 FINE  [jakarta.enterprise.resource.webcontainer.faces.facelets.tag.component] (default task-1) /index.xhtml @17,60 <h:panelGroup> Component[2059540600_7ac218fa] Created: jakarta.faces.component.html.HtmlPanelGroup
[0m[32m14:37:15,852 FINE  [jakarta.enterprise.resource.webcontainer.faces.application] (default task-1) Created component with component type of 'jakarta.faces.HtmlOutputText'
[0m[32m14:37:15,852 FINE  [jakarta.enterprise.resource.webcontainer.faces.facelets.tag.component] (default task-1) /index.xhtml @19,60 <h:outputText> Component[2059540600_7ac218e4] Created: jakarta.faces.component.html.HtmlOutputText
[0m[32m14:37:15,853 FINE  [jakarta.enterprise.resource.webcontainer.faces.application] (default task-1) Created component with component type of 'jakarta.faces.HtmlPanelGroup'
[0m[32m14:37:15,853 FINE  [jakarta.enterprise.resource.webcontainer.faces.facelets.tag.component] (default task-1) /index.xhtml @21,61 <h:panelGroup> Component[2059540600_7ac218d1] Created: jakarta.faces.component.html.HtmlPanelGroup
[0m[32m14:37:15,853 FINE  [jakarta.enterprise.resource.webcontainer.faces.application] (default task-1) Created component with component type of 'jakarta.faces.HtmlOutputText'
[0m[32m14:37:15,853 FINE  [jakarta.enterprise.resource.webcontainer.faces.facelets.tag.component] (default task-1) /index.xhtml @23,59 <h:outputText> Component[2059540600_7ac218bb] Created: jakarta.faces.component.html.HtmlOutputText
[0m[32m14:37:15,853 FINE  [jakarta.enterprise.resource.webcontainer.faces.application] (default task-1) Created component with component type of 'jakarta.faces.HtmlForm'
[0m[32m14:37:15,853 FINE  [jakarta.enterprise.resource.webcontainer.faces.facelets.tag.component] (default task-1) /index.xhtml @26,11 <h:form> Component[2059540600_7ac218a8] Created: jakarta.faces.component.html.HtmlForm
[0m[32m14:37:15,853 FINE  [jakarta.enterprise.resource.webcontainer.faces.application] (default task-1) Created component with component type of 'jakarta.faces.HtmlPanelGroup'
[0m[32m14:37:15,853 FINE  [jakarta.enterprise.resource.webcontainer.faces.facelets.tag.component] (default task-1) /index.xhtml @27,62 <h:panelGroup> Component[2059540600_7ac21892] Created: jakarta.faces.component.html.HtmlPanelGroup
[0m[32m14:37:15,853 FINE  [jakarta.enterprise.resource.webcontainer.faces.application] (default task-1) Created component with component type of 'jakarta.faces.HtmlCommandButton'
[0m[32m14:37:15,853 FINE  [jakarta.enterprise.resource.webcontainer.faces.facelets.tag.component] (default task-1) /index.xhtml @29,119 <h:commandButton> Component[2059540600_7ac2197c] Created: jakarta.faces.component.html.HtmlCommandButton
[0m[32m14:37:15,853 FINE  [jakarta.enterprise.resource.webcontainer.faces.application] (default task-1) Created component with component type of 'jakarta.faces.HtmlCommandButton'
[0m[32m14:37:15,853 FINE  [jakarta.enterprise.resource.webcontainer.faces.facelets.tag.component] (default task-1) /index.xhtml @30,112 <h:commandButton> Component[2059540600_7ac21969] Created: jakarta.faces.component.html.HtmlCommandButton
[0m[32m14:37:15,854 FINE  [jakarta.enterprise.resource.webcontainer.faces.application] (default task-1) Created component with component type of 'jakarta.faces.HtmlPanelGroup'
[0m[32m14:37:15,854 FINE  [jakarta.enterprise.resource.webcontainer.faces.facelets.tag.component] (default task-1) /index.xhtml @33,34 <h:panelGroup> Component[2059540600_7ac21966] Created: jakarta.faces.component.html.HtmlPanelGroup
[0m[32m14:37:15,854 FINE  [jakarta.enterprise.resource.webcontainer.faces.application] (default task-1) Created component with component type of 'jakarta.faces.HtmlCommandButton'
[0m[32m14:37:15,854 FINE  [jakarta.enterprise.resource.webcontainer.faces.facelets.tag.component] (default task-1) /index.xhtml @35,124 <h:commandButton> Component[2059540600_7ac21940] Created: jakarta.faces.component.html.HtmlCommandButton
[0m[32m14:37:15,854 FINE  [jakarta.enterprise.resource.webcontainer.faces.application] (default task-1) Created component with component type of 'jakarta.faces.HtmlCommandButton'
[0m[32m14:37:15,854 FINE  [jakarta.enterprise.resource.webcontainer.faces.facelets.tag.component] (default task-1) /index.xhtml @36,117 <h:commandButton> Component[2059540600_7ac2193d] Created: jakarta.faces.component.html.HtmlCommandButton
[0m[32m14:37:15,854 FINE  [jakarta.enterprise.resource.webcontainer.faces.lifecycle] (default task-1) Postback: restored view for /index.xhtml
[0m[32m14:37:15,854 FINE  [jakarta.enterprise.resource.webcontainer.faces.lifecycle] (default task-1) Exiting RestoreViewPhase
[0m[32m14:37:15,855 FINE  [jakarta.enterprise.resource.webcontainer.faces.timing] (default task-1)  [TIMING] - [5ms] : Execution time for phase (including any PhaseListeners) -> RESTORE_VIEW 1
[0m[32m14:37:15,855 FINE  [jakarta.enterprise.resource.webcontainer.faces.lifecycle] (default task-1) Entering ApplyRequestValuesPhase
[0m[32m14:37:15,855 FINE  [jakarta.enterprise.resource.webcontainer.faces.renderkit] (default task-1) No decoding necessary since the component j_idt10 is not an instance or a sub class of UIInput
[0m[32m14:37:15,855 FINE  [jakarta.enterprise.resource.webcontainer.faces.renderkit] (default task-1) No decoding necessary since the component j_idt6 is not an instance or a sub class of UIInput
[0m[32m14:37:15,855 FINE  [jakarta.enterprise.resource.webcontainer.faces.renderkit] (default task-1) No decoding necessary since the component j_idt13 is not an instance or a sub class of UIInput
[0m[32m14:37:15,855 FINE  [jakarta.enterprise.resource.webcontainer.faces.renderkit] (default task-1) No decoding necessary since the component j_idt11 is not an instance or a sub class of UIInput
[0m[32m14:37:15,855 FINE  [jakarta.enterprise.resource.webcontainer.faces.renderkit] (default task-1) No decoding necessary since the component j_idt16 is not an instance or a sub class of UIInput
[0m[32m14:37:15,855 FINE  [jakarta.enterprise.resource.webcontainer.faces.renderkit] (default task-1) No decoding necessary since the component j_idt14 is not an instance or a sub class of UIInput
[0m[32m14:37:15,855 FINE  [jakarta.enterprise.resource.webcontainer.faces.renderkit] (default task-1) UIForm with client ID j_idt17, submitted
[0m[32m14:37:15,855 FINE  [jakarta.enterprise.resource.webcontainer.faces.renderkit] (default task-1) This command resulted in form submission  ActionEvent queued.
[0m[32m14:37:15,855 FINE  [jakarta.enterprise.resource.webcontainer.faces.renderkit] (default task-1) End decoding component j_idt20
[0m[32m14:37:15,855 FINE  [jakarta.enterprise.resource.webcontainer.faces.renderkit] (default task-1) No decoding necessary since the component j_idt18 is not an instance or a sub class of UIInput
[0m[32m14:37:15,855 FINE  [jakarta.enterprise.resource.webcontainer.faces.renderkit] (default task-1) No decoding necessary since the component j_idt23 is not an instance or a sub class of UIInput
[0m[32m14:37:15,855 FINE  [jakarta.enterprise.resource.webcontainer.faces.lifecycle] (default task-1) Exiting ApplyRequestValuesPhase
[0m[32m14:37:15,855 FINE  [jakarta.enterprise.resource.webcontainer.faces.timing] (default task-1)  [TIMING] - [0ms] : Execution time for phase (including any PhaseListeners) -> APPLY_REQUEST_VALUES 2
[0m[32m14:37:15,855 FINE  [jakarta.enterprise.resource.webcontainer.faces.lifecycle] (default task-1) Entering ProcessValidationsPhase
[0m[32m14:37:15,856 FINE  [jakarta.enterprise.resource.webcontainer.faces.lifecycle] (default task-1) Exiting ProcessValidationsPhase
[0m[32m14:37:15,856 FINE  [jakarta.enterprise.resource.webcontainer.faces.timing] (default task-1)  [TIMING] - [1ms] : Execution time for phase (including any PhaseListeners) -> PROCESS_VALIDATIONS 3
[0m[32m14:37:15,856 FINE  [jakarta.enterprise.resource.webcontainer.faces.lifecycle] (default task-1) Entering UpdateModelValuesPhase
[0m[32m14:37:15,856 FINE  [jakarta.enterprise.resource.webcontainer.faces.lifecycle] (default task-1) Exiting UpdateModelValuesPhase
[0m[32m14:37:15,856 FINE  [jakarta.enterprise.resource.webcontainer.faces.timing] (default task-1)  [TIMING] - [0ms] : Execution time for phase (including any PhaseListeners) -> UPDATE_MODEL_VALUES 4
[0m[32m14:37:15,856 FINE  [jakarta.enterprise.resource.webcontainer.faces.lifecycle] (default task-1) Entering InvokeApplicationsPhase
[0m[32m14:37:15,856 FINE  [jakarta.enterprise.resource.webcontainer.faces.application] (default task-1) processAction(j_idt20)
[0m[32m14:37:15,857 FINE  [jakarta.enterprise.resource.webcontainer.faces.application] (default task-1) Redirecting to path /index.xhtml for outcome index.xhtml?faces-redirect=trueand viewId /index.xhtml
[0m[32m14:37:15,860 DEBUG [org.wildfly.clustering.marshalling.ByteBufferMarshalledValue] (default task-1) Marshalled size of java.util.concurrent.ConcurrentHashMap object = 1978 bytes
[0m[32m14:37:15,873 DEBUG [org.wildfly.clustering.marshalling.ByteBufferMarshalledValue] (default task-1) Marshalled size of org.wildfly.clustering.server.infinispan.scheduler.ScheduleWithTransientMetaDataCommand object = 49 bytes
[0m[32m14:37:15,874 FINE  [jakarta.enterprise.resource.webcontainer.faces.application] (default task-1) Response complete for /index.xhtml
[0m[32m14:37:15,875 FINE  [jakarta.enterprise.resource.webcontainer.faces.lifecycle] (default task-1) Exiting InvokeApplicationsPhase
[0m[32m14:37:15,875 FINE  [jakarta.enterprise.resource.webcontainer.faces.timing] (default task-1)  [TIMING] - [19ms] : Execution time for phase (including any PhaseListeners) -> INVOKE_APPLICATION 5
[0m[32m14:37:15,875 FINE  [jakarta.enterprise.resource.webcontainer.faces.lifecycle] (default task-1) render(com.sun.faces.context.FacesContextImpl@b231be5)
[0m[32m14:37:15,876 DEBUG [org.wildfly.clustering.marshalling.ByteBufferMarshalledValue] (default task-1) Marshalled size of org.wildfly.clustering.server.infinispan.scheduler.CancelCommand object = 49 bytes
[0m[32m14:37:15,882 DEBUG [org.wildfly.clustering.marshalling.ByteBufferMarshalledValue] (default task-1) Marshalled size of java.util.concurrent.ConcurrentHashMap object = 1978 bytes
[0m[32m14:37:15,902 DEBUG [org.wildfly.clustering.marshalling.ByteBufferMarshalledValue] (default task-1) Marshalled size of org.wildfly.clustering.server.infinispan.scheduler.ScheduleWithTransientMetaDataCommand object = 49 bytes
[0m[32m14:37:15,905 DEBUG [org.wildfly.clustering.marshalling.ByteBufferMarshalledValue] (default task-1) Marshalled size of org.wildfly.clustering.server.infinispan.scheduler.CancelCommand object = 49 bytes
[0m[32m14:37:15,911 DEBUG [org.wildfly.clustering.marshalling.ByteBufferMarshalledValue] (default task-1) Marshalled size of java.util.concurrent.ConcurrentHashMap object = 1978 bytes
[0m[32m14:37:15,960 DEBUG [org.wildfly.clustering.marshalling.ByteBufferMarshalledValue] (default task-1) Marshalled size of org.wildfly.clustering.server.infinispan.scheduler.ScheduleWithTransientMetaDataCommand object = 49 bytes
[0m[32m14:37:15,965 DEBUG [io.undertow.request] (default I/O-7) Matched default handler path /.well-known/appspecific/com.chrome.devtools.json
[0m[32m14:37:15,966 DEBUG [org.wildfly.clustering.marshalling.ByteBufferMarshalledValue] (default task-1) Marshalled size of org.wildfly.clustering.server.infinispan.scheduler.CancelCommand object = 49 bytes
[0m[32m14:37:15,978 DEBUG [org.wildfly.clustering.marshalling.ByteBufferMarshalledValue] (default task-1) Marshalled size of org.wildfly.clustering.server.infinispan.scheduler.ScheduleWithTransientMetaDataCommand object = 49 bytes
[0m[32m14:37:16,307 DEBUG [io.undertow.request] (default I/O-7) Matched default handler path /index.xhtml
[0m[32m14:37:16,309 DEBUG [org.wildfly.clustering.marshalling.ByteBufferMarshalledValue] (default task-1) Marshalled size of org.wildfly.clustering.server.infinispan.scheduler.CancelCommand object = 49 bytes
[0m[32m14:37:16,316 FINE  [jakarta.enterprise.resource.webcontainer.faces.lifecycle] (default task-1) execute(com.sun.faces.context.FacesContextImpl@664a93ca)
[0m[32m14:37:16,317 FINE  [jakarta.enterprise.resource.webcontainer.faces.lifecycle] (default task-1) Entering RestoreViewPhase
[0m[32m14:37:16,317 FINE  [jakarta.enterprise.resource.webcontainer.faces.application] (default task-1) Created component with component type of 'jakarta.faces.ViewRoot'
[0m[32m14:37:16,317 FINE  [jakarta.enterprise.resource.webcontainer.faces.application] (default task-1) Created component with component type of 'jakarta.faces.ViewRoot'
[0m[32m14:37:16,317 FINE  [jakarta.enterprise.resource.webcontainer.faces.application] (default task-1) Created component with component type of 'jakarta.faces.ViewRoot'
[0m[32m14:37:16,317 FINE  [jakarta.enterprise.resource.webcontainer.faces.lifecycle] (default task-1) New request: creating a view for /index.xhtml
[0m[32m14:37:16,317 FINE  [jakarta.enterprise.resource.webcontainer.faces.application] (default task-1) Created component with component type of 'jakarta.faces.ViewRoot'
[0m[32m14:37:16,318 FINE  [jakarta.enterprise.resource.webcontainer.faces.application] (default task-1) Created new view for /index.xhtml
[0m[32m14:37:16,318 FINE  [jakarta.enterprise.resource.webcontainer.faces.application] (default task-1) Locale for this view as determined by calculateLocale en_US
[0m[32m14:37:16,318 FINE  [jakarta.enterprise.resource.webcontainer.faces.application] (default task-1) Created component with component type of 'jakarta.faces.ViewRoot'
[0m[32m14:37:16,318 FINE  [jakarta.enterprise.resource.webcontainer.faces.application] (default task-1) RenderKitId for this view as determined by calculateRenderKitId HTML_BASIC
[0m[32m14:37:16,319 FINE  [jakarta.enterprise.resource.webcontainer.faces.lifecycle] (default task-1) Exiting RestoreViewPhase
[0m[32m14:37:16,319 FINE  [jakarta.enterprise.resource.webcontainer.faces.timing] (default task-1)  [TIMING] - [3ms] : Execution time for phase (including any PhaseListeners) -> RESTORE_VIEW 1
[0m[32m14:37:16,319 FINE  [jakarta.enterprise.resource.webcontainer.faces.lifecycle] (default task-1) render(com.sun.faces.context.FacesContextImpl@664a93ca)
[0m[32m14:37:16,319 FINE  [jakarta.enterprise.resource.webcontainer.faces.lifecycle] (default task-1) Entering RenderResponsePhase
[0m[32m14:37:16,319 FINE  [jakarta.enterprise.resource.webcontainer.faces.lifecycle] (default task-1) About to render view /index.xhtml
[0m[32m14:37:16,320 FINE  [jakarta.enterprise.resource.webcontainer.faces.application] (default task-1) Building View: /index.xhtml
[0m[32m14:37:16,320 FINE  [jakarta.enterprise.resource.webcontainer.faces.application] (default task-1) Created component with component type of 'jakarta.faces.Output'
[0m[32m14:37:16,320 FINE  [jakarta.enterprise.resource.webcontainer.faces.facelets.tag.component] (default task-1) /index.xhtml @6,11 <h:head> Component[2059540600_7ac2185f] Created: jakarta.faces.component.UIOutput
[0m[32m14:37:16,320 FINE  [jakarta.enterprise.resource.webcontainer.faces.application] (default task-1) Created component with component type of 'jakarta.faces.OutputBody'
[0m[32m14:37:16,321 FINE  [jakarta.enterprise.resource.webcontainer.faces.facelets.tag.component] (default task-1) /index.xhtml @10,11 <h:body> Component[2059540600_7ac21839] Created: jakarta.faces.component.html.HtmlBody
[0m[32m14:37:16,321 FINE  [jakarta.enterprise.resource.webcontainer.faces.application] (default task-1) Created component with component type of 'jakarta.faces.HtmlPanelGroup'
[0m[32m14:37:16,321 FINE  [jakarta.enterprise.resource.webcontainer.faces.facelets.tag.component] (default task-1) /index.xhtml @13,60 <h:panelGroup> Component[2059540600_7ac21823] Created: jakarta.faces.component.html.HtmlPanelGroup
[0m[32m14:37:16,321 FINE  [jakarta.enterprise.resource.webcontainer.faces.application] (default task-1) Created component with component type of 'jakarta.faces.HtmlOutputText'
[0m[32m14:37:16,321 FINE  [jakarta.enterprise.resource.webcontainer.faces.facelets.tag.component] (default task-1) /index.xhtml @15,61 <h:outputText> Component[2059540600_7ac2180d] Created: jakarta.faces.component.html.HtmlOutputText
[0m[32m14:37:16,321 FINE  [jakarta.enterprise.resource.webcontainer.faces.application] (default task-1) Created component with component type of 'jakarta.faces.HtmlPanelGroup'
[0m[32m14:37:16,321 FINE  [jakarta.enterprise.resource.webcontainer.faces.facelets.tag.component] (default task-1) /index.xhtml @17,60 <h:panelGroup> Component[2059540600_7ac218fa] Created: jakarta.faces.component.html.HtmlPanelGroup
[0m[32m14:37:16,322 FINE  [jakarta.enterprise.resource.webcontainer.faces.application] (default task-1) Created component with component type of 'jakarta.faces.HtmlOutputText'
[0m[32m14:37:16,322 FINE  [jakarta.enterprise.resource.webcontainer.faces.facelets.tag.component] (default task-1) /index.xhtml @19,60 <h:outputText> Component[2059540600_7ac218e4] Created: jakarta.faces.component.html.HtmlOutputText
[0m[32m14:37:16,322 FINE  [jakarta.enterprise.resource.webcontainer.faces.application] (default task-1) Created component with component type of 'jakarta.faces.HtmlPanelGroup'
[0m[32m14:37:16,322 FINE  [jakarta.enterprise.resource.webcontainer.faces.facelets.tag.component] (default task-1) /index.xhtml @21,61 <h:panelGroup> Component[2059540600_7ac218d1] Created: jakarta.faces.component.html.HtmlPanelGroup
[0m[32m14:37:16,322 FINE  [jakarta.enterprise.resource.webcontainer.faces.application] (default task-1) Created component with component type of 'jakarta.faces.HtmlOutputText'
[0m[32m14:37:16,322 FINE  [jakarta.enterprise.resource.webcontainer.faces.facelets.tag.component] (default task-1) /index.xhtml @23,59 <h:outputText> Component[2059540600_7ac218bb] Created: jakarta.faces.component.html.HtmlOutputText
[0m[32m14:37:16,322 FINE  [jakarta.enterprise.resource.webcontainer.faces.application] (default task-1) Created component with component type of 'jakarta.faces.HtmlForm'
[0m[32m14:37:16,322 FINE  [jakarta.enterprise.resource.webcontainer.faces.facelets.tag.component] (default task-1) /index.xhtml @26,11 <h:form> Component[2059540600_7ac218a8] Created: jakarta.faces.component.html.HtmlForm
[0m[32m14:37:16,322 FINE  [jakarta.enterprise.resource.webcontainer.faces.application] (default task-1) Created component with component type of 'jakarta.faces.HtmlPanelGroup'
[0m[32m14:37:16,322 FINE  [jakarta.enterprise.resource.webcontainer.faces.facelets.tag.component] (default task-1) /index.xhtml @27,62 <h:panelGroup> Component[2059540600_7ac21892] Created: jakarta.faces.component.html.HtmlPanelGroup
[0m[32m14:37:16,322 FINE  [jakarta.enterprise.resource.webcontainer.faces.application] (default task-1) Created component with component type of 'jakarta.faces.HtmlCommandButton'
[0m[32m14:37:16,322 FINE  [jakarta.enterprise.resource.webcontainer.faces.facelets.tag.component] (default task-1) /index.xhtml @29,119 <h:commandButton> Component[2059540600_7ac2197c] Created: jakarta.faces.component.html.HtmlCommandButton
[0m[32m14:37:16,322 FINE  [jakarta.enterprise.resource.webcontainer.faces.application] (default task-1) Created component with component type of 'jakarta.faces.HtmlCommandButton'
[0m[32m14:37:16,322 FINE  [jakarta.enterprise.resource.webcontainer.faces.facelets.tag.component] (default task-1) /index.xhtml @30,112 <h:commandButton> Component[2059540600_7ac21969] Created: jakarta.faces.component.html.HtmlCommandButton
[0m[32m14:37:16,322 FINE  [jakarta.enterprise.resource.webcontainer.faces.application] (default task-1) Created component with component type of 'jakarta.faces.HtmlPanelGroup'
[0m[32m14:37:16,329 FINE  [jakarta.enterprise.resource.webcontainer.faces.facelets.tag.component] (default task-1) /index.xhtml @33,34 <h:panelGroup> Component[2059540600_7ac21966] Created: jakarta.faces.component.html.HtmlPanelGroup
[0m[32m14:37:16,329 FINE  [jakarta.enterprise.resource.webcontainer.faces.application] (default task-1) Created component with component type of 'jakarta.faces.HtmlCommandButton'
[0m[32m14:37:16,329 FINE  [jakarta.enterprise.resource.webcontainer.faces.facelets.tag.component] (default task-1) /index.xhtml @35,124 <h:commandButton> Component[2059540600_7ac21940] Created: jakarta.faces.component.html.HtmlCommandButton
[0m[32m14:37:16,329 FINE  [jakarta.enterprise.resource.webcontainer.faces.application] (default task-1) Created component with component type of 'jakarta.faces.HtmlCommandButton'
[0m[32m14:37:16,329 FINE  [jakarta.enterprise.resource.webcontainer.faces.facelets.tag.component] (default task-1) /index.xhtml @36,117 <h:commandButton> Component[2059540600_7ac2193d] Created: jakarta.faces.component.html.HtmlCommandButton
[0m[32m14:37:16,330 FINE  [jakarta.enterprise.resource.webcontainer.faces.application] (default task-1) Rendering View: /index.xhtml
[0m[32m14:37:16,331 FINE  [jakarta.enterprise.resource.webcontainer.faces.renderkit] (default task-1) component.getValue() returned jNQGv0URH6n513ivo2My-hSdtRiKOkU1NKyrSGui
[0m[32m14:37:16,331 FINE  [jakarta.enterprise.resource.webcontainer.faces.renderkit] (default task-1) Value to be rendered jNQGv0URH6n513ivo2My-hSdtRiKOkU1NKyrSGui
[0m[32m14:37:16,332 FINE  [jakarta.enterprise.resource.webcontainer.faces.renderkit] (default task-1) component.getValue() returned 80af7a46f92a
[0m[32m14:37:16,332 FINE  [jakarta.enterprise.resource.webcontainer.faces.renderkit] (default task-1) Value to be rendered 80af7a46f92a
[0m[32m14:37:16,332 FINE  [jakarta.enterprise.resource.webcontainer.faces.renderkit] (default task-1) component.getValue() returned 8
[0m[32m14:37:16,332 FINE  [jakarta.enterprise.resource.webcontainer.faces.application] (default task-1) Created converter of type 'jakarta.faces.convert.IntegerConverter'
[0m[32m14:37:16,332 FINE  [jakarta.enterprise.resource.webcontainer.faces.renderkit] (default task-1) Value to be rendered 8
[0m[32m14:37:16,333 FINE  [jakarta.enterprise.resource.webcontainer.faces.application] (default task-1) Begin writing marker for viewId /index.xhtml
[0m[32m14:37:16,333 FINE  [jakarta.enterprise.resource.webcontainer.faces.application] (default task-1) End writing marker for viewId /index.xhtml
[0m[32m14:37:16,333 FINE  [jakarta.faces.component] (default task-1) j_id1
[0m[32m14:37:16,334 FINE  [jakarta.enterprise.resource.webcontainer.faces.lifecycle] (default task-1) Exiting RenderResponsePhase
[0m[32m14:37:16,334 FINE  [jakarta.enterprise.resource.webcontainer.faces.timing] (default task-1)  [TIMING] - [15ms] : Execution time for phase (including any PhaseListeners) -> RENDER_RESPONSE 6
[0m[32m14:37:16,335 DEBUG [org.wildfly.clustering.marshalling.ByteBufferMarshalledValue] (default task-1) Marshalled size of java.util.concurrent.ConcurrentHashMap object = 1978 bytes
[0m[32m14:37:16,357 DEBUG [org.wildfly.clustering.marshalling.ByteBufferMarshalledValue] (default task-1) Marshalled size of org.wildfly.clustering.server.infinispan.scheduler.ScheduleWithTransientMetaDataCommand object = 49 bytes
[0m[32m14:37:16,787 DEBUG [io.undertow.request] (default I/O-1) Matched default handler path /index.xhtml
[0m[32m14:37:16,788 FINE  [jakarta.enterprise.resource.webcontainer.faces.lifecycle] (default task-1) execute(com.sun.faces.context.FacesContextImpl@3f392356)
[0m[32m14:37:16,788 FINE  [jakarta.enterprise.resource.webcontainer.faces.lifecycle] (default task-1) Entering RestoreViewPhase
[0m[32m14:37:16,788 FINE  [jakarta.enterprise.resource.webcontainer.faces.application] (default task-1) Created component with component type of 'jakarta.faces.ViewRoot'
[0m[32m14:37:16,789 FINE  [jakarta.enterprise.resource.webcontainer.faces.application] (default task-1) Created component with component type of 'jakarta.faces.ViewRoot'
[0m[32m14:37:16,789 FINE  [jakarta.enterprise.resource.webcontainer.faces.application] (default task-1) Created component with component type of 'jakarta.faces.ViewRoot'
[0m[32m14:37:16,789 FINE  [jakarta.enterprise.resource.webcontainer.faces.lifecycle] (default task-1) New request: creating a view for /index.xhtml
[0m[32m14:37:16,789 FINE  [jakarta.enterprise.resource.webcontainer.faces.application] (default task-1) Created component with component type of 'jakarta.faces.ViewRoot'
[0m[32m14:37:16,789 FINE  [jakarta.enterprise.resource.webcontainer.faces.application] (default task-1) Created new view for /index.xhtml
[0m[32m14:37:16,789 FINE  [jakarta.enterprise.resource.webcontainer.faces.application] (default task-1) Locale for this view as determined by calculateLocale en_US
[0m[32m14:37:16,789 FINE  [jakarta.enterprise.resource.webcontainer.faces.application] (default task-1) Created component with component type of 'jakarta.faces.ViewRoot'
[0m[32m14:37:16,789 FINE  [jakarta.enterprise.resource.webcontainer.faces.application] (default task-1) RenderKitId for this view as determined by calculateRenderKitId HTML_BASIC
[0m[32m14:37:16,790 FINE  [jakarta.enterprise.resource.webcontainer.faces.lifecycle] (default task-1) Exiting RestoreViewPhase
[0m[32m14:37:16,790 FINE  [jakarta.enterprise.resource.webcontainer.faces.timing] (default task-1)  [TIMING] - [2ms] : Execution time for phase (including any PhaseListeners) -> RESTORE_VIEW 1
[0m[32m14:37:16,790 FINE  [jakarta.enterprise.resource.webcontainer.faces.lifecycle] (default task-1) render(com.sun.faces.context.FacesContextImpl@3f392356)
[0m[32m14:37:16,790 FINE  [jakarta.enterprise.resource.webcontainer.faces.lifecycle] (default task-1) Entering RenderResponsePhase
[0m[32m14:37:16,790 FINE  [jakarta.enterprise.resource.webcontainer.faces.lifecycle] (default task-1) About to render view /index.xhtml
[0m[32m14:37:16,790 FINE  [jakarta.enterprise.resource.webcontainer.faces.application] (default task-1) Building View: /index.xhtml
[0m[32m14:37:16,790 FINE  [jakarta.enterprise.resource.webcontainer.faces.application] (default task-1) Created component with component type of 'jakarta.faces.Output'
[0m[32m14:37:16,791 FINE  [jakarta.enterprise.resource.webcontainer.faces.facelets.tag.component] (default task-1) /index.xhtml @6,11 <h:head> Component[2059540600_7ac2185f] Created: jakarta.faces.component.UIOutput
[0m[32m14:37:16,791 FINE  [jakarta.enterprise.resource.webcontainer.faces.application] (default task-1) Created component with component type of 'jakarta.faces.OutputBody'
[0m[32m14:37:16,791 FINE  [jakarta.enterprise.resource.webcontainer.faces.facelets.tag.component] (default task-1) /index.xhtml @10,11 <h:body> Component[2059540600_7ac21839] Created: jakarta.faces.component.html.HtmlBody
[0m[32m14:37:16,791 FINE  [jakarta.enterprise.resource.webcontainer.faces.application] (default task-1) Created component with component type of 'jakarta.faces.HtmlPanelGroup'
[0m[32m14:37:16,791 FINE  [jakarta.enterprise.resource.webcontainer.faces.facelets.tag.component] (default task-1) /index.xhtml @13,60 <h:panelGroup> Component[2059540600_7ac21823] Created: jakarta.faces.component.html.HtmlPanelGroup
[0m[32m14:37:16,791 FINE  [jakarta.enterprise.resource.webcontainer.faces.application] (default task-1) Created component with component type of 'jakarta.faces.HtmlOutputText'
[0m[32m14:37:16,791 FINE  [jakarta.enterprise.resource.webcontainer.faces.facelets.tag.component] (default task-1) /index.xhtml @15,61 <h:outputText> Component[2059540600_7ac2180d] Created: jakarta.faces.component.html.HtmlOutputText
[0m[32m14:37:16,791 FINE  [jakarta.enterprise.resource.webcontainer.faces.application] (default task-1) Created component with component type of 'jakarta.faces.HtmlPanelGroup'
[0m[32m14:37:16,791 FINE  [jakarta.enterprise.resource.webcontainer.faces.facelets.tag.component] (default task-1) /index.xhtml @17,60 <h:panelGroup> Component[2059540600_7ac218fa] Created: jakarta.faces.component.html.HtmlPanelGroup
[0m[32m14:37:16,791 FINE  [jakarta.enterprise.resource.webcontainer.faces.application] (default task-1) Created component with component type of 'jakarta.faces.HtmlOutputText'
[0m[32m14:37:16,791 FINE  [jakarta.enterprise.resource.webcontainer.faces.facelets.tag.component] (default task-1) /index.xhtml @19,60 <h:outputText> Component[2059540600_7ac218e4] Created: jakarta.faces.component.html.HtmlOutputText
[0m[32m14:37:16,792 FINE  [jakarta.enterprise.resource.webcontainer.faces.application] (default task-1) Created component with component type of 'jakarta.faces.HtmlPanelGroup'
[0m[32m14:37:16,792 FINE  [jakarta.enterprise.resource.webcontainer.faces.facelets.tag.component] (default task-1) /index.xhtml @21,61 <h:panelGroup> Component[2059540600_7ac218d1] Created: jakarta.faces.component.html.HtmlPanelGroup
[0m[32m14:37:16,792 FINE  [jakarta.enterprise.resource.webcontainer.faces.application] (default task-1) Created component with component type of 'jakarta.faces.HtmlOutputText'
[0m[32m14:37:16,792 FINE  [jakarta.enterprise.resource.webcontainer.faces.facelets.tag.component] (default task-1) /index.xhtml @23,59 <h:outputText> Component[2059540600_7ac218bb] Created: jakarta.faces.component.html.HtmlOutputText
[0m[32m14:37:16,792 FINE  [jakarta.enterprise.resource.webcontainer.faces.application] (default task-1) Created component with component type of 'jakarta.faces.HtmlForm'
[0m[32m14:37:16,792 FINE  [jakarta.enterprise.resource.webcontainer.faces.facelets.tag.component] (default task-1) /index.xhtml @26,11 <h:form> Component[2059540600_7ac218a8] Created: jakarta.faces.component.html.HtmlForm
[0m[32m14:37:16,792 FINE  [jakarta.enterprise.resource.webcontainer.faces.application] (default task-1) Created component with component type of 'jakarta.faces.HtmlPanelGroup'
[0m[32m14:37:16,792 FINE  [jakarta.enterprise.resource.webcontainer.faces.facelets.tag.component] (default task-1) /index.xhtml @27,62 <h:panelGroup> Component[2059540600_7ac21892] Created: jakarta.faces.component.html.HtmlPanelGroup
[0m[32m14:37:16,792 FINE  [jakarta.enterprise.resource.webcontainer.faces.application] (default task-1) Created component with component type of 'jakarta.faces.HtmlCommandButton'
[0m[32m14:37:16,792 FINE  [jakarta.enterprise.resource.webcontainer.faces.facelets.tag.component] (default task-1) /index.xhtml @29,119 <h:commandButton> Component[2059540600_7ac2197c] Created: jakarta.faces.component.html.HtmlCommandButton
[0m[32m14:37:16,792 FINE  [jakarta.enterprise.resource.webcontainer.faces.application] (default task-1) Created component with component type of 'jakarta.faces.HtmlCommandButton'
[0m[32m14:37:16,792 FINE  [jakarta.enterprise.resource.webcontainer.faces.facelets.tag.component] (default task-1) /index.xhtml @30,112 <h:commandButton> Component[2059540600_7ac21969] Created: jakarta.faces.component.html.HtmlCommandButton
[0m[32m14:37:16,792 FINE  [jakarta.enterprise.resource.webcontainer.faces.application] (default task-1) Created component with component type of 'jakarta.faces.HtmlPanelGroup'
[0m[32m14:37:16,792 FINE  [jakarta.enterprise.resource.webcontainer.faces.facelets.tag.component] (default task-1) /index.xhtml @33,34 <h:panelGroup> Component[2059540600_7ac21966] Created: jakarta.faces.component.html.HtmlPanelGroup
[0m[32m14:37:16,793 FINE  [jakarta.enterprise.resource.webcontainer.faces.application] (default task-1) Created component with component type of 'jakarta.faces.HtmlCommandButton'
[0m[32m14:37:16,793 FINE  [jakarta.enterprise.resource.webcontainer.faces.facelets.tag.component] (default task-1) /index.xhtml @35,124 <h:commandButton> Component[2059540600_7ac21940] Created: jakarta.faces.component.html.HtmlCommandButton
[0m[32m14:37:16,793 FINE  [jakarta.enterprise.resource.webcontainer.faces.application] (default task-1) Created component with component type of 'jakarta.faces.HtmlCommandButton'
[0m[32m14:37:16,793 FINE  [jakarta.enterprise.resource.webcontainer.faces.facelets.tag.component] (default task-1) /index.xhtml @36,117 <h:commandButton> Component[2059540600_7ac2193d] Created: jakarta.faces.component.html.HtmlCommandButton
[0m[32m14:37:16,793 FINE  [jakarta.enterprise.resource.webcontainer.faces.application] (default task-1) Rendering View: /index.xhtml
[0m[32m14:37:16,795 DEBUG [org.wildfly.clustering.marshalling.ByteBufferMarshalledValue] (default task-1) Marshalled size of java.util.concurrent.ConcurrentHashMap object = 588 bytes
[0m[32m14:37:16,806 FINE  [jakarta.enterprise.resource.webcontainer.faces.renderkit] (default task-1) component.getValue() returned NkNgvgW5tldmE4biwWFp_Vo5pm1B_8vd9dCdW6l8
[0m[32m14:37:16,806 FINE  [jakarta.enterprise.resource.webcontainer.faces.renderkit] (default task-1) Value to be rendered NkNgvgW5tldmE4biwWFp_Vo5pm1B_8vd9dCdW6l8
[0m[32m14:37:16,806 FINE  [jakarta.enterprise.resource.webcontainer.faces.renderkit] (default task-1) component.getValue() returned 80af7a46f92a
[0m[32m14:37:16,806 FINE  [jakarta.enterprise.resource.webcontainer.faces.renderkit] (default task-1) Value to be rendered 80af7a46f92a
[0m[32m14:37:16,807 FINE  [jakarta.enterprise.resource.webcontainer.faces.renderkit] (default task-1) component.getValue() returned 0
[0m[32m14:37:16,807 FINE  [jakarta.enterprise.resource.webcontainer.faces.application] (default task-1) Created converter of type 'jakarta.faces.convert.IntegerConverter'
[0m[32m14:37:16,807 FINE  [jakarta.enterprise.resource.webcontainer.faces.renderkit] (default task-1) Value to be rendered 0
[0m[32m14:37:16,810 FINE  [jakarta.enterprise.resource.webcontainer.faces.application] (default task-1) Begin writing marker for viewId /index.xhtml
[0m[32m14:37:16,810 FINE  [jakarta.enterprise.resource.webcontainer.faces.application] (default task-1) End writing marker for viewId /index.xhtml
[0m[32m14:37:16,810 FINE  [jakarta.faces.component] (default task-1) j_id1
[0m[32m14:37:16,811 FINE  [jakarta.enterprise.resource.webcontainer.faces.lifecycle] (default task-1) Exiting RenderResponsePhase
[0m[32m14:37:16,811 FINE  [jakarta.enterprise.resource.webcontainer.faces.timing] (default task-1)  [TIMING] - [21ms] : Execution time for phase (including any PhaseListeners) -> RENDER_RESPONSE 6
[0m[32m14:37:16,812 DEBUG [io.undertow.request.io] (default task-1) UT005013: An IOException occurred: java.net.SocketException: Connection reset
	at java.base/sun.nio.ch.SocketChannelImpl.throwConnectionReset(SocketChannelImpl.java:401)
	at java.base/sun.nio.ch.SocketChannelImpl.read(SocketChannelImpl.java:434)
	at org.jboss.xnio.nio@3.8.16.Final-redhat-00001//org.xnio.nio.NioSocketConduit.read(NioSocketConduit.java:289)
	at org.jboss.xnio@3.8.16.Final-redhat-00001//org.xnio.conduits.AbstractStreamSourceConduit.read(AbstractStreamSourceConduit.java:51)
	at io.undertow.core@2.3.23.SP3-redhat-00001//io.undertow.conduits.ReadTimeoutStreamSourceConduit.read(ReadTimeoutStreamSourceConduit.java:181)
	at org.jboss.xnio@3.8.16.Final-redhat-00001//org.xnio.conduits.AbstractStreamSourceConduit.read(AbstractStreamSourceConduit.java:51)
	at io.undertow.core@2.3.23.SP3-redhat-00001//io.undertow.conduits.BytesReceivedStreamSourceConduit.read(BytesReceivedStreamSourceConduit.java:67)
	at org.jboss.xnio@3.8.16.Final-redhat-00001//org.xnio.conduits.ConduitStreamSourceChannel.read(ConduitStreamSourceChannel.java:127)
	at io.undertow.core@2.3.23.SP3-redhat-00001//io.undertow.util.ConnectionUtils.doDrain(ConnectionUtils.java:96)
	at io.undertow.core@2.3.23.SP3-redhat-00001//io.undertow.util.ConnectionUtils.cleanClose(ConnectionUtils.java:74)
	at io.undertow.core@2.3.23.SP3-redhat-00001//io.undertow.server.protocol.http.HttpReadListener.exchangeComplete(HttpReadListener.java:374)
	at io.undertow.core@2.3.23.SP3-redhat-00001//io.undertow.server.protocol.http.HttpServerConnection.exchangeComplete(HttpServerConnection.java:244)
	at io.undertow.core@2.3.23.SP3-redhat-00001//io.undertow.server.HttpServerExchange$ExchangeCompleteNextListener.proceed(HttpServerExchange.java:2062)
	at io.undertow.core@2.3.23.SP3-redhat-00001//io.undertow.server.ConnectorStatisticsImpl$1.exchangeEvent(ConnectorStatisticsImpl.java:75)
	at io.undertow.core@2.3.23.SP3-redhat-00001//io.undertow.server.HttpServerExchange$ExchangeCompleteNextListener.proceed(HttpServerExchange.java:2060)
	at io.undertow.core@2.3.23.SP3-redhat-00001//io.undertow.server.handlers.MetricsHandler$2.exchangeEvent(MetricsHandler.java:60)
	at io.undertow.core@2.3.23.SP3-redhat-00001//io.undertow.server.HttpServerExchange.invokeExchangeCompleteListeners(HttpServerExchange.java:1436)
	at io.undertow.core@2.3.23.SP3-redhat-00001//io.undertow.server.HttpServerExchange.terminateResponse(HttpServerExchange.java:1723)
	at io.undertow.core@2.3.23.SP3-redhat-00001//io.undertow.server.Connectors.terminateResponse(Connectors.java:198)
	at io.undertow.core@2.3.23.SP3-redhat-00001//io.undertow.server.protocol.http.ServerFixedLengthStreamSinkConduit.channelFinished(ServerFixedLengthStreamSinkConduit.java:58)
	at io.undertow.core@2.3.23.SP3-redhat-00001//io.undertow.conduits.AbstractFixedLengthStreamSinkConduit.exitFlush(AbstractFixedLengthStreamSinkConduit.java:316)
	at io.undertow.core@2.3.23.SP3-redhat-00001//io.undertow.conduits.AbstractFixedLengthStreamSinkConduit.flush(AbstractFixedLengthStreamSinkConduit.java:234)
	at org.jboss.xnio@3.8.16.Final-redhat-00001//org.xnio.conduits.ConduitStreamSinkChannel.flush(ConduitStreamSinkChannel.java:162)
	at io.undertow.core@2.3.23.SP3-redhat-00001//io.undertow.channels.DetachableStreamSinkChannel.flush(DetachableStreamSinkChannel.java:119)
	at org.jboss.xnio@3.8.16.Final-redhat-00001//org.xnio.channels.Channels.flushBlocking(Channels.java:63)
	at io.undertow.servlet@2.3.23.SP3-redhat-00001//io.undertow.servlet.spec.ServletOutputStreamImpl.close(ServletOutputStreamImpl.java:654)
	at io.undertow.servlet@2.3.23.SP3-redhat-00001//io.undertow.servlet.spec.ServletPrintWriter.close(ServletPrintWriter.java:130)
	at io.undertow.servlet@2.3.23.SP3-redhat-00001//io.undertow.servlet.spec.ServletPrintWriterDelegate.close(ServletPrintWriterDelegate.java:79)
	at io.undertow.servlet@2.3.23.SP3-redhat-00001//io.undertow.servlet.spec.HttpServletResponseImpl.closeStreamAndWriter(HttpServletResponseImpl.java:505)
	at io.undertow.servlet@2.3.23.SP3-redhat-00001//io.undertow.servlet.spec.HttpServletResponseImpl.responseDone(HttpServletResponseImpl.java:606)
	at io.undertow.servlet@2.3.23.SP3-redhat-00001//io.undertow.servlet.handlers.ServletInitialHandler.handleFirstRequest(ServletInitialHandler.java:330)
	at io.undertow.servlet@2.3.23.SP3-redhat-00001//io.undertow.servlet.handlers.ServletInitialHandler$1.call(ServletInitialHandler.java:130)
	at io.undertow.servlet@2.3.23.SP3-redhat-00001//io.undertow.servlet.handlers.ServletInitialHandler$1.call(ServletInitialHandler.java:127)
	at io.undertow.servlet@2.3.23.SP3-redhat-00001//io.undertow.servlet.core.ServletRequestContextThreadSetupAction$1.call(ServletRequestContextThreadSetupAction.java:48)
	at io.undertow.servlet@2.3.23.SP3-redhat-00001//io.undertow.servlet.core.ContextClassLoaderSetupAction$1.call(ContextClassLoaderSetupAction.java:43)
	at org.wildfly.extension.undertow@8.1.1.GA-redhat-00012//org.wildfly.extension.undertow.deployment.UndertowDeploymentInfoService$UndertowThreadSetupAction.lambda$create$0(UndertowDeploymentInfoService.java:1421)
	at org.wildfly.extension.undertow@8.1.1.GA-redhat-00012//org.wildfly.extension.undertow.deployment.UndertowDeploymentInfoService$UndertowThreadSetupAction.lambda$create$0(UndertowDeploymentInfoService.java:1421)
	at org.wildfly.extension.undertow@8.1.1.GA-redhat-00012//org.wildfly.extension.undertow.deployment.UndertowDeploymentInfoService$UndertowThreadSetupAction.lambda$create$0(UndertowDeploymentInfoService.java:1421)
	at org.wildfly.extension.undertow@8.1.1.GA-redhat-00012//org.wildfly.extension.undertow.deployment.UndertowDeploymentInfoService$UndertowThreadSetupAction.lambda$create$0(UndertowDeploymentInfoService.java:1421)
	at io.undertow.servlet@2.3.23.SP3-redhat-00001//io.undertow.servlet.handlers.ServletInitialHandler.dispatchRequest(ServletInitialHandler.java:251)
	at io.undertow.servlet@2.3.23.SP3-redhat-00001//io.undertow.servlet.handlers.ServletInitialHandler.lambda$new$1(ServletInitialHandler.java:99)
	at io.undertow.core@2.3.23.SP3-redhat-00001//io.undertow.server.Connectors.executeRootHandler(Connectors.java:418)
	at io.undertow.core@2.3.23.SP3-redhat-00001//io.undertow.server.HttpServerExchange$1.run(HttpServerExchange.java:938)
	at org.jboss.threads@2.5.0.redhat-00001//org.jboss.threads.ContextClassLoaderSavingRunnable.run(ContextClassLoaderSavingRunnable.java:35)
	at org.jboss.threads@2.5.0.redhat-00001//org.jboss.threads.EnhancedQueueExecutor.safeRun(EnhancedQueueExecutor.java:2024)
	at org.jboss.threads@2.5.0.redhat-00001//org.jboss.threads.EnhancedQueueExecutor$ThreadBody.doRunTask(EnhancedQueueExecutor.java:1520)
	at org.jboss.threads@2.5.0.redhat-00001//org.jboss.threads.EnhancedQueueExecutor$ThreadBody.run(EnhancedQueueExecutor.java:1411)
	at org.jboss.xnio@3.8.16.Final-redhat-00001//org.xnio.XnioWorker$WorkerThreadFactory$1$1.run(XnioWorker.java:1282)
	at java.base/java.lang.Thread.run(Thread.java:1583)

[0m[32m14:37:16,814 DEBUG [org.wildfly.clustering.marshalling.ByteBufferMarshalledValue] (default task-1) Marshalled size of java.util.concurrent.ConcurrentHashMap object = 1884 bytes
[0m[32m14:37:17,695 DEBUG [io.undertow.request] (default I/O-7) Matched default handler path /index.xhtml
[0m[32m14:37:17,696 DEBUG [org.wildfly.clustering.marshalling.ByteBufferMarshalledValue] (default task-1) Marshalled size of org.wildfly.clustering.server.infinispan.scheduler.CancelCommand object = 49 bytes
[0m[32m14:37:17,699 FINE  [jakarta.enterprise.resource.webcontainer.faces.lifecycle] (default task-1) execute(com.sun.faces.context.FacesContextImpl@122a3420)
[0m[32m14:37:17,700 FINE  [jakarta.enterprise.resource.webcontainer.faces.lifecycle] (default task-1) Entering RestoreViewPhase
[0m[32m14:37:17,700 FINE  [jakarta.enterprise.resource.webcontainer.faces.application] (default task-1) Created component with component type of 'jakarta.faces.ViewRoot'
[0m[32m14:37:17,700 FINE  [jakarta.enterprise.resource.webcontainer.faces.application] (default task-1) Created component with component type of 'jakarta.faces.ViewRoot'
[0m[32m14:37:17,700 FINE  [jakarta.enterprise.resource.webcontainer.faces.application] (default task-1) Created component with component type of 'jakarta.faces.ViewRoot'
[0m[32m14:37:17,700 FINE  [jakarta.enterprise.resource.webcontainer.faces.application] (default task-1) Created component with component type of 'jakarta.faces.ViewRoot'
[0m[32m14:37:17,700 FINE  [jakarta.enterprise.resource.webcontainer.faces.application] (default task-1) Created component with component type of 'jakarta.faces.ViewRoot'
[0m[32m14:37:17,700 FINE  [jakarta.enterprise.resource.webcontainer.faces.application] (default task-1) Created component with component type of 'jakarta.faces.ViewRoot'
[0m[32m14:37:17,700 FINE  [jakarta.enterprise.resource.webcontainer.faces.application] (default task-1) Created new view for /index.xhtml
[0m[32m14:37:17,701 FINE  [jakarta.enterprise.resource.webcontainer.faces.application] (default task-1) Locale for this view as determined by calculateLocale en_US
[0m[32m14:37:17,701 FINE  [jakarta.enterprise.resource.webcontainer.faces.application] (default task-1) Created component with component type of 'jakarta.faces.ViewRoot'
[0m[32m14:37:17,701 FINE  [jakarta.enterprise.resource.webcontainer.faces.application] (default task-1) RenderKitId for this view as determined by calculateRenderKitId HTML_BASIC
[0m[32m14:37:17,701 FINE  [jakarta.enterprise.resource.webcontainer.faces.application] (default task-1) Building View: /index.xhtml
[0m[32m14:37:17,701 FINE  [jakarta.enterprise.resource.webcontainer.faces.application] (default task-1) Created component with component type of 'jakarta.faces.Output'
[0m[32m14:37:17,701 FINE  [jakarta.enterprise.resource.webcontainer.faces.facelets.tag.component] (default task-1) /index.xhtml @6,11 <h:head> Component[2059540600_7ac2185f] Created: jakarta.faces.component.UIOutput
[0m[32m14:37:17,701 FINE  [jakarta.enterprise.resource.webcontainer.faces.application] (default task-1) Created component with component type of 'jakarta.faces.OutputBody'
[0m[32m14:37:17,701 FINE  [jakarta.enterprise.resource.webcontainer.faces.facelets.tag.component] (default task-1) /index.xhtml @10,11 <h:body> Component[2059540600_7ac21839] Created: jakarta.faces.component.html.HtmlBody
[0m[32m14:37:17,701 FINE  [jakarta.enterprise.resource.webcontainer.faces.application] (default task-1) Created component with component type of 'jakarta.faces.HtmlPanelGroup'
[0m[32m14:37:17,701 FINE  [jakarta.enterprise.resource.webcontainer.faces.facelets.tag.component] (default task-1) /index.xhtml @13,60 <h:panelGroup> Component[2059540600_7ac21823] Created: jakarta.faces.component.html.HtmlPanelGroup
[0m[32m14:37:17,701 FINE  [jakarta.enterprise.resource.webcontainer.faces.application] (default task-1) Created component with component type of 'jakarta.faces.HtmlOutputText'
[0m[32m14:37:17,701 FINE  [jakarta.enterprise.resource.webcontainer.faces.facelets.tag.component] (default task-1) /index.xhtml @15,61 <h:outputText> Component[2059540600_7ac2180d] Created: jakarta.faces.component.html.HtmlOutputText
[0m[32m14:37:17,702 FINE  [jakarta.enterprise.resource.webcontainer.faces.application] (default task-1) Created component with component type of 'jakarta.faces.HtmlPanelGroup'
[0m[32m14:37:17,702 FINE  [jakarta.enterprise.resource.webcontainer.faces.facelets.tag.component] (default task-1) /index.xhtml @17,60 <h:panelGroup> Component[2059540600_7ac218fa] Created: jakarta.faces.component.html.HtmlPanelGroup
[0m[32m14:37:17,702 FINE  [jakarta.enterprise.resource.webcontainer.faces.application] (default task-1) Created component with component type of 'jakarta.faces.HtmlOutputText'
[0m[32m14:37:17,702 FINE  [jakarta.enterprise.resource.webcontainer.faces.facelets.tag.component] (default task-1) /index.xhtml @19,60 <h:outputText> Component[2059540600_7ac218e4] Created: jakarta.faces.component.html.HtmlOutputText
[0m[32m14:37:17,702 FINE  [jakarta.enterprise.resource.webcontainer.faces.application] (default task-1) Created component with component type of 'jakarta.faces.HtmlPanelGroup'
[0m[32m14:37:17,702 FINE  [jakarta.enterprise.resource.webcontainer.faces.facelets.tag.component] (default task-1) /index.xhtml @21,61 <h:panelGroup> Component[2059540600_7ac218d1] Created: jakarta.faces.component.html.HtmlPanelGroup
[0m[32m14:37:17,702 FINE  [jakarta.enterprise.resource.webcontainer.faces.application] (default task-1) Created component with component type of 'jakarta.faces.HtmlOutputText'
[0m[32m14:37:17,702 FINE  [jakarta.enterprise.resource.webcontainer.faces.facelets.tag.component] (default task-1) /index.xhtml @23,59 <h:outputText> Component[2059540600_7ac218bb] Created: jakarta.faces.component.html.HtmlOutputText
[0m[32m14:37:17,702 FINE  [jakarta.enterprise.resource.webcontainer.faces.application] (default task-1) Created component with component type of 'jakarta.faces.HtmlForm'
[0m[32m14:37:17,702 FINE  [jakarta.enterprise.resource.webcontainer.faces.facelets.tag.component] (default task-1) /index.xhtml @26,11 <h:form> Component[2059540600_7ac218a8] Created: jakarta.faces.component.html.HtmlForm
[0m[32m14:37:17,702 FINE  [jakarta.enterprise.resource.webcontainer.faces.application] (default task-1) Created component with component type of 'jakarta.faces.HtmlPanelGroup'
[0m[32m14:37:17,702 FINE  [jakarta.enterprise.resource.webcontainer.faces.facelets.tag.component] (default task-1) /index.xhtml @27,62 <h:panelGroup> Component[2059540600_7ac21892] Created: jakarta.faces.component.html.HtmlPanelGroup
[0m[32m14:37:17,702 FINE  [jakarta.enterprise.resource.webcontainer.faces.application] (default task-1) Created component with component type of 'jakarta.faces.HtmlCommandButton'
[0m[32m14:37:17,702 FINE  [jakarta.enterprise.resource.webcontainer.faces.facelets.tag.component] (default task-1) /index.xhtml @29,119 <h:commandButton> Component[2059540600_7ac2197c] Created: jakarta.faces.component.html.HtmlCommandButton
[0m[32m14:37:17,702 FINE  [jakarta.enterprise.resource.webcontainer.faces.application] (default task-1) Created component with component type of 'jakarta.faces.HtmlCommandButton'
[0m[32m14:37:17,702 FINE  [jakarta.enterprise.resource.webcontainer.faces.facelets.tag.component] (default task-1) /index.xhtml @30,112 <h:commandButton> Component[2059540600_7ac21969] Created: jakarta.faces.component.html.HtmlCommandButton
[0m[32m14:37:17,702 FINE  [jakarta.enterprise.resource.webcontainer.faces.application] (default task-1) Created component with component type of 'jakarta.faces.HtmlPanelGroup'
[0m[32m14:37:17,702 FINE  [jakarta.enterprise.resource.webcontainer.faces.facelets.tag.component] (default task-1) /index.xhtml @33,34 <h:panelGroup> Component[2059540600_7ac21966] Created: jakarta.faces.component.html.HtmlPanelGroup
[0m[32m14:37:17,702 FINE  [jakarta.enterprise.resource.webcontainer.faces.application] (default task-1) Created component with component type of 'jakarta.faces.HtmlCommandButton'
[0m[32m14:37:17,703 FINE  [jakarta.enterprise.resource.webcontainer.faces.facelets.tag.component] (default task-1) /index.xhtml @35,124 <h:commandButton> Component[2059540600_7ac21940] Created: jakarta.faces.component.html.HtmlCommandButton
[0m[32m14:37:17,703 FINE  [jakarta.enterprise.resource.webcontainer.faces.application] (default task-1) Created component with component type of 'jakarta.faces.HtmlCommandButton'
[0m[32m14:37:17,703 FINE  [jakarta.enterprise.resource.webcontainer.faces.facelets.tag.component] (default task-1) /index.xhtml @36,117 <h:commandButton> Component[2059540600_7ac2193d] Created: jakarta.faces.component.html.HtmlCommandButton
[0m[32m14:37:17,703 FINE  [jakarta.enterprise.resource.webcontainer.faces.lifecycle] (default task-1) Postback: restored view for /index.xhtml
[0m[32m14:37:17,703 FINE  [jakarta.enterprise.resource.webcontainer.faces.lifecycle] (default task-1) Exiting RestoreViewPhase
[0m[32m14:37:17,703 FINE  [jakarta.enterprise.resource.webcontainer.faces.timing] (default task-1)  [TIMING] - [4ms] : Execution time for phase (including any PhaseListeners) -> RESTORE_VIEW 1
[0m[32m14:37:17,703 FINE  [jakarta.enterprise.resource.webcontainer.faces.lifecycle] (default task-1) Entering ApplyRequestValuesPhase
[0m[32m14:37:17,703 FINE  [jakarta.enterprise.resource.webcontainer.faces.renderkit] (default task-1) No decoding necessary since the component j_idt10 is not an instance or a sub class of UIInput
[0m[32m14:37:17,703 FINE  [jakarta.enterprise.resource.webcontainer.faces.renderkit] (default task-1) No decoding necessary since the component j_idt6 is not an instance or a sub class of UIInput
[0m[32m14:37:17,703 FINE  [jakarta.enterprise.resource.webcontainer.faces.renderkit] (default task-1) No decoding necessary since the component j_idt13 is not an instance or a sub class of UIInput
[0m[32m14:37:17,703 FINE  [jakarta.enterprise.resource.webcontainer.faces.renderkit] (default task-1) No decoding necessary since the component j_idt11 is not an instance or a sub class of UIInput
[0m[32m14:37:17,703 FINE  [jakarta.enterprise.resource.webcontainer.faces.renderkit] (default task-1) No decoding necessary since the component j_idt16 is not an instance or a sub class of UIInput
[0m[32m14:37:17,703 FINE  [jakarta.enterprise.resource.webcontainer.faces.renderkit] (default task-1) No decoding necessary since the component j_idt14 is not an instance or a sub class of UIInput
[0m[32m14:37:17,704 FINE  [jakarta.enterprise.resource.webcontainer.faces.renderkit] (default task-1) UIForm with client ID j_idt17, submitted
[0m[32m14:37:17,704 FINE  [jakarta.enterprise.resource.webcontainer.faces.renderkit] (default task-1) This command resulted in form submission  ActionEvent queued.
[0m[32m14:37:17,704 FINE  [jakarta.enterprise.resource.webcontainer.faces.renderkit] (default task-1) End decoding component j_idt20
[0m[32m14:37:17,704 FINE  [jakarta.enterprise.resource.webcontainer.faces.renderkit] (default task-1) No decoding necessary since the component j_idt18 is not an instance or a sub class of UIInput
[0m[32m14:37:17,704 FINE  [jakarta.enterprise.resource.webcontainer.faces.renderkit] (default task-1) No decoding necessary since the component j_idt23 is not an instance or a sub class of UIInput
[0m[32m14:37:17,704 FINE  [jakarta.enterprise.resource.webcontainer.faces.lifecycle] (default task-1) Exiting ApplyRequestValuesPhase
[0m[32m14:37:17,704 FINE  [jakarta.enterprise.resource.webcontainer.faces.timing] (default task-1)  [TIMING] - [1ms] : Execution time for phase (including any PhaseListeners) -> APPLY_REQUEST_VALUES 2
[0m[32m14:37:17,704 FINE  [jakarta.enterprise.resource.webcontainer.faces.lifecycle] (default task-1) Entering ProcessValidationsPhase
[0m[32m14:37:17,704 FINE  [jakarta.enterprise.resource.webcontainer.faces.lifecycle] (default task-1) Exiting ProcessValidationsPhase
[0m[32m14:37:17,704 FINE  [jakarta.enterprise.resource.webcontainer.faces.timing] (default task-1)  [TIMING] - [0ms] : Execution time for phase (including any PhaseListeners) -> PROCESS_VALIDATIONS 3
[0m[32m14:37:17,704 FINE  [jakarta.enterprise.resource.webcontainer.faces.lifecycle] (default task-1) Entering UpdateModelValuesPhase
[0m[32m14:37:17,704 FINE  [jakarta.enterprise.resource.webcontainer.faces.lifecycle] (default task-1) Exiting UpdateModelValuesPhase
[0m[32m14:37:17,704 FINE  [jakarta.enterprise.resource.webcontainer.faces.timing] (default task-1)  [TIMING] - [0ms] : Execution time for phase (including any PhaseListeners) -> UPDATE_MODEL_VALUES 4
[0m[32m14:37:17,704 FINE  [jakarta.enterprise.resource.webcontainer.faces.lifecycle] (default task-1) Entering InvokeApplicationsPhase
[0m[32m14:37:17,704 FINE  [jakarta.enterprise.resource.webcontainer.faces.application] (default task-1) processAction(j_idt20)
[0m[32m14:37:17,705 FINE  [jakarta.enterprise.resource.webcontainer.faces.application] (default task-1) Redirecting to path /index.xhtml for outcome index.xhtml?faces-redirect=trueand viewId /index.xhtml
[0m[32m14:37:17,707 DEBUG [org.wildfly.clustering.marshalling.ByteBufferMarshalledValue] (default task-1) Marshalled size of java.util.concurrent.ConcurrentHashMap object = 1978 bytes
[0m[32m14:37:17,724 DEBUG [org.wildfly.clustering.marshalling.ByteBufferMarshalledValue] (default task-1) Marshalled size of org.wildfly.clustering.server.infinispan.scheduler.ScheduleWithTransientMetaDataCommand object = 49 bytes
[0m[32m14:37:17,729 FINE  [jakarta.enterprise.resource.webcontainer.faces.application] (default task-1) Response complete for /index.xhtml
[0m[32m14:37:17,729 FINE  [jakarta.enterprise.resource.webcontainer.faces.lifecycle] (default task-1) Exiting InvokeApplicationsPhase
[0m[32m14:37:17,730 FINE  [jakarta.enterprise.resource.webcontainer.faces.timing] (default task-1)  [TIMING] - [25ms] : Execution time for phase (including any PhaseListeners) -> INVOKE_APPLICATION 5
[0m[32m14:37:17,730 FINE  [jakarta.enterprise.resource.webcontainer.faces.lifecycle] (default task-1) render(com.sun.faces.context.FacesContextImpl@122a3420)
[0m[32m14:37:17,731 DEBUG [org.wildfly.clustering.marshalling.ByteBufferMarshalledValue] (default task-1) Marshalled size of org.wildfly.clustering.server.infinispan.scheduler.CancelCommand object = 49 bytes
[0m[32m14:37:17,746 DEBUG [org.wildfly.clustering.marshalling.ByteBufferMarshalledValue] (default task-1) Marshalled size of java.util.concurrent.ConcurrentHashMap object = 1978 bytes
[0m[32m14:37:17,771 DEBUG [org.wildfly.clustering.marshalling.ByteBufferMarshalledValue] (default task-1) Marshalled size of org.wildfly.clustering.server.infinispan.scheduler.ScheduleWithTransientMetaDataCommand object = 49 bytes
[0m[32m14:37:17,816 DEBUG [org.wildfly.clustering.marshalling.ByteBufferMarshalledValue] (default task-1) Marshalled size of org.wildfly.clustering.server.infinispan.scheduler.CancelCommand object = 49 bytes
[0m[32m14:37:17,820 DEBUG [org.wildfly.clustering.marshalling.ByteBufferMarshalledValue] (default task-1) Marshalled size of java.util.concurrent.ConcurrentHashMap object = 1978 bytes
[0m[32m14:37:17,826 DEBUG [io.undertow.request] (default I/O-7) Matched default handler path /.well-known/appspecific/com.chrome.devtools.json
[0m[32m14:37:17,829 DEBUG [org.wildfly.clustering.marshalling.ByteBufferMarshalledValue] (default task-1) Marshalled size of org.wildfly.clustering.server.infinispan.scheduler.ScheduleWithTransientMetaDataCommand object = 49 bytes
[0m[32m14:37:17,831 DEBUG [org.wildfly.clustering.marshalling.ByteBufferMarshalledValue] (default task-2) Marshalled size of org.wildfly.clustering.server.infinispan.scheduler.CancelCommand object = 49 bytes
[0m[32m14:37:17,842 DEBUG [org.wildfly.clustering.marshalling.ByteBufferMarshalledValue] (default task-2) Marshalled size of org.wildfly.clustering.server.infinispan.scheduler.ScheduleWithTransientMetaDataCommand object = 49 bytes
[0m[32m14:37:18,644 DEBUG [io.undertow.request] (default I/O-7) Matched default handler path /index.xhtml
[0m[32m14:37:18,644 DEBUG [org.wildfly.clustering.marshalling.ByteBufferMarshalledValue] (default task-2) Marshalled size of org.wildfly.clustering.server.infinispan.scheduler.CancelCommand object = 49 bytes
[0m[32m14:37:18,649 FINE  [jakarta.enterprise.resource.webcontainer.faces.lifecycle] (default task-2) execute(com.sun.faces.context.FacesContextImpl@48df9290)
[0m[32m14:37:18,649 FINE  [jakarta.enterprise.resource.webcontainer.faces.lifecycle] (default task-2) Entering RestoreViewPhase
[0m[32m14:37:18,649 FINE  [jakarta.enterprise.resource.webcontainer.faces.application] (default task-2) Created component with component type of 'jakarta.faces.ViewRoot'
[0m[32m14:37:18,650 FINE  [jakarta.enterprise.resource.webcontainer.faces.application] (default task-2) Created component with component type of 'jakarta.faces.ViewRoot'
[0m[32m14:37:18,650 FINE  [jakarta.enterprise.resource.webcontainer.faces.application] (default task-2) Created component with component type of 'jakarta.faces.ViewRoot'
[0m[32m14:37:18,650 FINE  [jakarta.enterprise.resource.webcontainer.faces.lifecycle] (default task-2) New request: creating a view for /index.xhtml
[0m[32m14:37:18,650 FINE  [jakarta.enterprise.resource.webcontainer.faces.application] (default task-2) Created component with component type of 'jakarta.faces.ViewRoot'
[0m[32m14:37:18,650 FINE  [jakarta.enterprise.resource.webcontainer.faces.application] (default task-2) Created new view for /index.xhtml
[0m[32m14:37:18,650 FINE  [jakarta.enterprise.resource.webcontainer.faces.application] (default task-2) Locale for this view as determined by calculateLocale en_US
[0m[32m14:37:18,650 FINE  [jakarta.enterprise.resource.webcontainer.faces.application] (default task-2) Created component with component type of 'jakarta.faces.ViewRoot'
[0m[32m14:37:18,650 FINE  [jakarta.enterprise.resource.webcontainer.faces.application] (default task-2) RenderKitId for this view as determined by calculateRenderKitId HTML_BASIC
[0m[32m14:37:18,651 FINE  [jakarta.enterprise.resource.webcontainer.faces.lifecycle] (default task-2) Exiting RestoreViewPhase
[0m[32m14:37:18,651 FINE  [jakarta.enterprise.resource.webcontainer.faces.timing] (default task-2)  [TIMING] - [2ms] : Execution time for phase (including any PhaseListeners) -> RESTORE_VIEW 1
[0m[32m14:37:18,651 FINE  [jakarta.enterprise.resource.webcontainer.faces.lifecycle] (default task-2) render(com.sun.faces.context.FacesContextImpl@48df9290)
[0m[32m14:37:18,651 FINE  [jakarta.enterprise.resource.webcontainer.faces.lifecycle] (default task-2) Entering RenderResponsePhase
[0m[32m14:37:18,651 FINE  [jakarta.enterprise.resource.webcontainer.faces.lifecycle] (default task-2) About to render view /index.xhtml
[0m[32m14:37:18,651 FINE  [jakarta.enterprise.resource.webcontainer.faces.application] (default task-2) Building View: /index.xhtml
[0m[32m14:37:18,651 FINE  [jakarta.enterprise.resource.webcontainer.faces.application] (default task-2) Created component with component type of 'jakarta.faces.Output'
[0m[32m14:37:18,651 FINE  [jakarta.enterprise.resource.webcontainer.faces.facelets.tag.component] (default task-2) /index.xhtml @6,11 <h:head> Component[2059540600_7ac2185f] Created: jakarta.faces.component.UIOutput
[0m[32m14:37:18,651 FINE  [jakarta.enterprise.resource.webcontainer.faces.application] (default task-2) Created component with component type of 'jakarta.faces.OutputBody'
[0m[32m14:37:18,651 FINE  [jakarta.enterprise.resource.webcontainer.faces.facelets.tag.component] (default task-2) /index.xhtml @10,11 <h:body> Component[2059540600_7ac21839] Created: jakarta.faces.component.html.HtmlBody
[0m[32m14:37:18,652 FINE  [jakarta.enterprise.resource.webcontainer.faces.application] (default task-2) Created component with component type of 'jakarta.faces.HtmlPanelGroup'
[0m[32m14:37:18,652 FINE  [jakarta.enterprise.resource.webcontainer.faces.facelets.tag.component] (default task-2) /index.xhtml @13,60 <h:panelGroup> Component[2059540600_7ac21823] Created: jakarta.faces.component.html.HtmlPanelGroup
[0m[32m14:37:18,652 FINE  [jakarta.enterprise.resource.webcontainer.faces.application] (default task-2) Created component with component type of 'jakarta.faces.HtmlOutputText'
[0m[32m14:37:18,652 FINE  [jakarta.enterprise.resource.webcontainer.faces.facelets.tag.component] (default task-2) /index.xhtml @15,61 <h:outputText> Component[2059540600_7ac2180d] Created: jakarta.faces.component.html.HtmlOutputText
[0m[32m14:37:18,652 FINE  [jakarta.enterprise.resource.webcontainer.faces.application] (default task-2) Created component with component type of 'jakarta.faces.HtmlPanelGroup'
[0m[32m14:37:18,652 FINE  [jakarta.enterprise.resource.webcontainer.faces.facelets.tag.component] (default task-2) /index.xhtml @17,60 <h:panelGroup> Component[2059540600_7ac218fa] Created: jakarta.faces.component.html.HtmlPanelGroup
[0m[32m14:37:18,652 FINE  [jakarta.enterprise.resource.webcontainer.faces.application] (default task-2) Created component with component type of 'jakarta.faces.HtmlOutputText'
[0m[32m14:37:18,652 FINE  [jakarta.enterprise.resource.webcontainer.faces.facelets.tag.component] (default task-2) /index.xhtml @19,60 <h:outputText> Component[2059540600_7ac218e4] Created: jakarta.faces.component.html.HtmlOutputText
[0m[32m14:37:18,652 FINE  [jakarta.enterprise.resource.webcontainer.faces.application] (default task-2) Created component with component type of 'jakarta.faces.HtmlPanelGroup'
[0m[32m14:37:18,652 FINE  [jakarta.enterprise.resource.webcontainer.faces.facelets.tag.component] (default task-2) /index.xhtml @21,61 <h:panelGroup> Component[2059540600_7ac218d1] Created: jakarta.faces.component.html.HtmlPanelGroup
[0m[32m14:37:18,652 FINE  [jakarta.enterprise.resource.webcontainer.faces.application] (default task-2) Created component with component type of 'jakarta.faces.HtmlOutputText'
[0m[32m14:37:18,652 FINE  [jakarta.enterprise.resource.webcontainer.faces.facelets.tag.component] (default task-2) /index.xhtml @23,59 <h:outputText> Component[2059540600_7ac218bb] Created: jakarta.faces.component.html.HtmlOutputText
[0m[32m14:37:18,652 FINE  [jakarta.enterprise.resource.webcontainer.faces.application] (default task-2) Created component with component type of 'jakarta.faces.HtmlForm'
[0m[32m14:37:18,652 FINE  [jakarta.enterprise.resource.webcontainer.faces.facelets.tag.component] (default task-2) /index.xhtml @26,11 <h:form> Component[2059540600_7ac218a8] Created: jakarta.faces.component.html.HtmlForm
[0m[32m14:37:18,652 FINE  [jakarta.enterprise.resource.webcontainer.faces.application] (default task-2) Created component with component type of 'jakarta.faces.HtmlPanelGroup'
[0m[32m14:37:18,652 FINE  [jakarta.enterprise.resource.webcontainer.faces.facelets.tag.component] (default task-2) /index.xhtml @27,62 <h:panelGroup> Component[2059540600_7ac21892] Created: jakarta.faces.component.html.HtmlPanelGroup
[0m[32m14:37:18,652 FINE  [jakarta.enterprise.resource.webcontainer.faces.application] (default task-2) Created component with component type of 'jakarta.faces.HtmlCommandButton'
[0m[32m14:37:18,652 FINE  [jakarta.enterprise.resource.webcontainer.faces.facelets.tag.component] (default task-2) /index.xhtml @29,119 <h:commandButton> Component[2059540600_7ac2197c] Created: jakarta.faces.component.html.HtmlCommandButton
[0m[32m14:37:18,653 FINE  [jakarta.enterprise.resource.webcontainer.faces.application] (default task-2) Created component with component type of 'jakarta.faces.HtmlCommandButton'
[0m[32m14:37:18,653 FINE  [jakarta.enterprise.resource.webcontainer.faces.facelets.tag.component] (default task-2) /index.xhtml @30,112 <h:commandButton> Component[2059540600_7ac21969] Created: jakarta.faces.component.html.HtmlCommandButton
[0m[32m14:37:18,653 FINE  [jakarta.enterprise.resource.webcontainer.faces.application] (default task-2) Created component with component type of 'jakarta.faces.HtmlPanelGroup'
[0m[32m14:37:18,653 FINE  [jakarta.enterprise.resource.webcontainer.faces.facelets.tag.component] (default task-2) /index.xhtml @33,34 <h:panelGroup> Component[2059540600_7ac21966] Created: jakarta.faces.component.html.HtmlPanelGroup
[0m[32m14:37:18,653 FINE  [jakarta.enterprise.resource.webcontainer.faces.application] (default task-2) Created component with component type of 'jakarta.faces.HtmlCommandButton'
[0m[32m14:37:18,653 FINE  [jakarta.enterprise.resource.webcontainer.faces.facelets.tag.component] (default task-2) /index.xhtml @35,124 <h:commandButton> Component[2059540600_7ac21940] Created: jakarta.faces.component.html.HtmlCommandButton
[0m[32m14:37:18,653 FINE  [jakarta.enterprise.resource.webcontainer.faces.application] (default task-2) Created component with component type of 'jakarta.faces.HtmlCommandButton'
[0m[32m14:37:18,653 FINE  [jakarta.enterprise.resource.webcontainer.faces.facelets.tag.component] (default task-2) /index.xhtml @36,117 <h:commandButton> Component[2059540600_7ac2193d] Created: jakarta.faces.component.html.HtmlCommandButton
[0m[32m14:37:18,653 FINE  [jakarta.enterprise.resource.webcontainer.faces.application] (default task-2) Rendering View: /index.xhtml
[0m[32m14:37:18,654 FINE  [jakarta.enterprise.resource.webcontainer.faces.renderkit] (default task-2) component.getValue() returned jNQGv0URH6n513ivo2My-hSdtRiKOkU1NKyrSGui
[0m[32m14:37:18,654 FINE  [jakarta.enterprise.resource.webcontainer.faces.renderkit] (default task-2) Value to be rendered jNQGv0URH6n513ivo2My-hSdtRiKOkU1NKyrSGui
[0m[32m14:37:18,654 FINE  [jakarta.enterprise.resource.webcontainer.faces.renderkit] (default task-2) component.getValue() returned 80af7a46f92a
[0m[32m14:37:18,654 FINE  [jakarta.enterprise.resource.webcontainer.faces.renderkit] (default task-2) Value to be rendered 80af7a46f92a
[0m[32m14:37:18,655 FINE  [jakarta.enterprise.resource.webcontainer.faces.renderkit] (default task-2) component.getValue() returned 10
[0m[32m14:37:18,655 FINE  [jakarta.enterprise.resource.webcontainer.faces.application] (default task-2) Created converter of type 'jakarta.faces.convert.IntegerConverter'
[0m[32m14:37:18,655 FINE  [jakarta.enterprise.resource.webcontainer.faces.renderkit] (default task-2) Value to be rendered 10
[0m[32m14:37:18,656 FINE  [jakarta.enterprise.resource.webcontainer.faces.application] (default task-2) Begin writing marker for viewId /index.xhtml
[0m[32m14:37:18,656 FINE  [jakarta.enterprise.resource.webcontainer.faces.application] (default task-2) End writing marker for viewId /index.xhtml
[0m[32m14:37:18,656 FINE  [jakarta.faces.component] (default task-2) j_id1
[0m[32m14:37:18,656 FINE  [jakarta.enterprise.resource.webcontainer.faces.lifecycle] (default task-2) Exiting RenderResponsePhase
[0m[32m14:37:18,656 FINE  [jakarta.enterprise.resource.webcontainer.faces.timing] (default task-2)  [TIMING] - [5ms] : Execution time for phase (including any PhaseListeners) -> RENDER_RESPONSE 6
[0m[32m14:37:18,661 DEBUG [org.wildfly.clustering.marshalling.ByteBufferMarshalledValue] (default task-2) Marshalled size of java.util.concurrent.ConcurrentHashMap object = 1978 bytes
[0m[32m14:37:18,677 DEBUG [org.wildfly.clustering.marshalling.ByteBufferMarshalledValue] (default task-2) Marshalled size of org.wildfly.clustering.server.infinispan.scheduler.ScheduleWithTransientMetaDataCommand object = 49 bytes
[0m[32m14:37:18,814 DEBUG [io.undertow.request] (default I/O-15) Matched default handler path /index.xhtml
[0m[32m14:37:18,815 FINE  [jakarta.enterprise.resource.webcontainer.faces.lifecycle] (default task-2) execute(com.sun.faces.context.FacesContextImpl@3b0af60c)
[0m[32m14:37:18,815 FINE  [jakarta.enterprise.resource.webcontainer.faces.lifecycle] (default task-2) Entering RestoreViewPhase
[0m[32m14:37:18,816 FINE  [jakarta.enterprise.resource.webcontainer.faces.application] (default task-2) Created component with component type of 'jakarta.faces.ViewRoot'
[0m[32m14:37:18,816 FINE  [jakarta.enterprise.resource.webcontainer.faces.application] (default task-2) Created component with component type of 'jakarta.faces.ViewRoot'
[0m[32m14:37:18,816 FINE  [jakarta.enterprise.resource.webcontainer.faces.application] (default task-2) Created component with component type of 'jakarta.faces.ViewRoot'
[0m[32m14:37:18,816 FINE  [jakarta.enterprise.resource.webcontainer.faces.lifecycle] (default task-2) New request: creating a view for /index.xhtml
[0m[32m14:37:18,816 FINE  [jakarta.enterprise.resource.webcontainer.faces.application] (default task-2) Created component with component type of 'jakarta.faces.ViewRoot'
[0m[32m14:37:18,816 FINE  [jakarta.enterprise.resource.webcontainer.faces.application] (default task-2) Created new view for /index.xhtml
[0m[32m14:37:18,816 FINE  [jakarta.enterprise.resource.webcontainer.faces.application] (default task-2) Locale for this view as determined by calculateLocale en_US
[0m[32m14:37:18,816 FINE  [jakarta.enterprise.resource.webcontainer.faces.application] (default task-2) Created component with component type of 'jakarta.faces.ViewRoot'
[0m[32m14:37:18,816 FINE  [jakarta.enterprise.resource.webcontainer.faces.application] (default task-2) RenderKitId for this view as determined by calculateRenderKitId HTML_BASIC
[0m[32m14:37:18,817 FINE  [jakarta.enterprise.resource.webcontainer.faces.lifecycle] (default task-2) Exiting RestoreViewPhase
[0m[32m14:37:18,817 FINE  [jakarta.enterprise.resource.webcontainer.faces.timing] (default task-2)  [TIMING] - [2ms] : Execution time for phase (including any PhaseListeners) -> RESTORE_VIEW 1
[0m[32m14:37:18,817 FINE  [jakarta.enterprise.resource.webcontainer.faces.lifecycle] (default task-2) render(com.sun.faces.context.FacesContextImpl@3b0af60c)
[0m[32m14:37:18,817 FINE  [jakarta.enterprise.resource.webcontainer.faces.lifecycle] (default task-2) Entering RenderResponsePhase
[0m[32m14:37:18,817 FINE  [jakarta.enterprise.resource.webcontainer.faces.lifecycle] (default task-2) About to render view /index.xhtml
[0m[32m14:37:18,817 FINE  [jakarta.enterprise.resource.webcontainer.faces.application] (default task-2) Building View: /index.xhtml
[0m[32m14:37:18,818 FINE  [jakarta.enterprise.resource.webcontainer.faces.application] (default task-2) Created component with component type of 'jakarta.faces.Output'
[0m[32m14:37:18,818 FINE  [jakarta.enterprise.resource.webcontainer.faces.facelets.tag.component] (default task-2) /index.xhtml @6,11 <h:head> Component[2059540600_7ac2185f] Created: jakarta.faces.component.UIOutput
[0m[32m14:37:18,818 FINE  [jakarta.enterprise.resource.webcontainer.faces.application] (default task-2) Created component with component type of 'jakarta.faces.OutputBody'
[0m[32m14:37:18,818 FINE  [jakarta.enterprise.resource.webcontainer.faces.facelets.tag.component] (default task-2) /index.xhtml @10,11 <h:body> Component[2059540600_7ac21839] Created: jakarta.faces.component.html.HtmlBody
[0m[32m14:37:18,818 FINE  [jakarta.enterprise.resource.webcontainer.faces.application] (default task-2) Created component with component type of 'jakarta.faces.HtmlPanelGroup'
[0m[32m14:37:18,818 FINE  [jakarta.enterprise.resource.webcontainer.faces.facelets.tag.component] (default task-2) /index.xhtml @13,60 <h:panelGroup> Component[2059540600_7ac21823] Created: jakarta.faces.component.html.HtmlPanelGroup
[0m[32m14:37:18,818 FINE  [jakarta.enterprise.resource.webcontainer.faces.application] (default task-2) Created component with component type of 'jakarta.faces.HtmlOutputText'
[0m[32m14:37:18,818 FINE  [jakarta.enterprise.resource.webcontainer.faces.facelets.tag.component] (default task-2) /index.xhtml @15,61 <h:outputText> Component[2059540600_7ac2180d] Created: jakarta.faces.component.html.HtmlOutputText
[0m[32m14:37:18,818 FINE  [jakarta.enterprise.resource.webcontainer.faces.application] (default task-2) Created component with component type of 'jakarta.faces.HtmlPanelGroup'
[0m[32m14:37:18,818 FINE  [jakarta.enterprise.resource.webcontainer.faces.facelets.tag.component] (default task-2) /index.xhtml @17,60 <h:panelGroup> Component[2059540600_7ac218fa] Created: jakarta.faces.component.html.HtmlPanelGroup
[0m[32m14:37:18,818 FINE  [jakarta.enterprise.resource.webcontainer.faces.application] (default task-2) Created component with component type of 'jakarta.faces.HtmlOutputText'
[0m[32m14:37:18,818 FINE  [jakarta.enterprise.resource.webcontainer.faces.facelets.tag.component] (default task-2) /index.xhtml @19,60 <h:outputText> Component[2059540600_7ac218e4] Created: jakarta.faces.component.html.HtmlOutputText
[0m[32m14:37:18,818 FINE  [jakarta.enterprise.resource.webcontainer.faces.application] (default task-2) Created component with component type of 'jakarta.faces.HtmlPanelGroup'
[0m[32m14:37:18,818 FINE  [jakarta.enterprise.resource.webcontainer.faces.facelets.tag.component] (default task-2) /index.xhtml @21,61 <h:panelGroup> Component[2059540600_7ac218d1] Created: jakarta.faces.component.html.HtmlPanelGroup
[0m[32m14:37:18,818 FINE  [jakarta.enterprise.resource.webcontainer.faces.application] (default task-2) Created component with component type of 'jakarta.faces.HtmlOutputText'
[0m[32m14:37:18,818 FINE  [jakarta.enterprise.resource.webcontainer.faces.facelets.tag.component] (default task-2) /index.xhtml @23,59 <h:outputText> Component[2059540600_7ac218bb] Created: jakarta.faces.component.html.HtmlOutputText
[0m[32m14:37:18,819 FINE  [jakarta.enterprise.resource.webcontainer.faces.application] (default task-2) Created component with component type of 'jakarta.faces.HtmlForm'
[0m[32m14:37:18,819 FINE  [jakarta.enterprise.resource.webcontainer.faces.facelets.tag.component] (default task-2) /index.xhtml @26,11 <h:form> Component[2059540600_7ac218a8] Created: jakarta.faces.component.html.HtmlForm
[0m[32m14:37:18,819 FINE  [jakarta.enterprise.resource.webcontainer.faces.application] (default task-2) Created component with component type of 'jakarta.faces.HtmlPanelGroup'
[0m[32m14:37:18,819 FINE  [jakarta.enterprise.resource.webcontainer.faces.facelets.tag.component] (default task-2) /index.xhtml @27,62 <h:panelGroup> Component[2059540600_7ac21892] Created: jakarta.faces.component.html.HtmlPanelGroup
[0m[32m14:37:18,819 FINE  [jakarta.enterprise.resource.webcontainer.faces.application] (default task-2) Created component with component type of 'jakarta.faces.HtmlCommandButton'
[0m[32m14:37:18,819 FINE  [jakarta.enterprise.resource.webcontainer.faces.facelets.tag.component] (default task-2) /index.xhtml @29,119 <h:commandButton> Component[2059540600_7ac2197c] Created: jakarta.faces.component.html.HtmlCommandButton
[0m[32m14:37:18,819 FINE  [jakarta.enterprise.resource.webcontainer.faces.application] (default task-2) Created component with component type of 'jakarta.faces.HtmlCommandButton'
[0m[32m14:37:18,819 FINE  [jakarta.enterprise.resource.webcontainer.faces.facelets.tag.component] (default task-2) /index.xhtml @30,112 <h:commandButton> Component[2059540600_7ac21969] Created: jakarta.faces.component.html.HtmlCommandButton
[0m[32m14:37:18,819 FINE  [jakarta.enterprise.resource.webcontainer.faces.application] (default task-2) Created component with component type of 'jakarta.faces.HtmlPanelGroup'
[0m[32m14:37:18,819 FINE  [jakarta.enterprise.resource.webcontainer.faces.facelets.tag.component] (default task-2) /index.xhtml @33,34 <h:panelGroup> Component[2059540600_7ac21966] Created: jakarta.faces.component.html.HtmlPanelGroup
[0m[32m14:37:18,819 FINE  [jakarta.enterprise.resource.webcontainer.faces.application] (default task-2) Created component with component type of 'jakarta.faces.HtmlCommandButton'
[0m[32m14:37:18,819 FINE  [jakarta.enterprise.resource.webcontainer.faces.facelets.tag.component] (default task-2) /index.xhtml @35,124 <h:commandButton> Component[2059540600_7ac21940] Created: jakarta.faces.component.html.HtmlCommandButton
[0m[32m14:37:18,819 FINE  [jakarta.enterprise.resource.webcontainer.faces.application] (default task-2) Created component with component type of 'jakarta.faces.HtmlCommandButton'
[0m[32m14:37:18,819 FINE  [jakarta.enterprise.resource.webcontainer.faces.facelets.tag.component] (default task-2) /index.xhtml @36,117 <h:commandButton> Component[2059540600_7ac2193d] Created: jakarta.faces.component.html.HtmlCommandButton
[0m[32m14:37:18,819 FINE  [jakarta.enterprise.resource.webcontainer.faces.application] (default task-2) Rendering View: /index.xhtml
[0m[32m14:37:18,822 DEBUG [org.wildfly.clustering.marshalling.ByteBufferMarshalledValue] (default task-2) Marshalled size of java.util.concurrent.ConcurrentHashMap object = 588 bytes
[0m[32m14:37:18,830 FINE  [jakarta.enterprise.resource.webcontainer.faces.renderkit] (default task-2) component.getValue() returned YIyH5fxlLSmxhZ4KhigIlfTlkX5fhJUPN66_vxcN
[0m[32m14:37:18,830 FINE  [jakarta.enterprise.resource.webcontainer.faces.renderkit] (default task-2) Value to be rendered YIyH5fxlLSmxhZ4KhigIlfTlkX5fhJUPN66_vxcN
[0m[32m14:37:18,831 FINE  [jakarta.enterprise.resource.webcontainer.faces.renderkit] (default task-2) component.getValue() returned 80af7a46f92a
[0m[32m14:37:18,831 FINE  [jakarta.enterprise.resource.webcontainer.faces.renderkit] (default task-2) Value to be rendered 80af7a46f92a
[0m[32m14:37:18,831 FINE  [jakarta.enterprise.resource.webcontainer.faces.renderkit] (default task-2) component.getValue() returned 0
[0m[32m14:37:18,834 FINE  [jakarta.enterprise.resource.webcontainer.faces.application] (default task-2) Created converter of type 'jakarta.faces.convert.IntegerConverter'
[0m[32m14:37:18,834 FINE  [jakarta.enterprise.resource.webcontainer.faces.renderkit] (default task-2) Value to be rendered 0
[0m[32m14:37:18,835 FINE  [jakarta.enterprise.resource.webcontainer.faces.application] (default task-2) Begin writing marker for viewId /index.xhtml
[0m[32m14:37:18,835 FINE  [jakarta.enterprise.resource.webcontainer.faces.application] (default task-2) End writing marker for viewId /index.xhtml
[0m[32m14:37:18,835 FINE  [jakarta.faces.component] (default task-2) j_id1
[0m[32m14:37:18,836 FINE  [jakarta.enterprise.resource.webcontainer.faces.lifecycle] (default task-2) Exiting RenderResponsePhase
[0m[32m14:37:18,836 FINE  [jakarta.enterprise.resource.webcontainer.faces.timing] (default task-2)  [TIMING] - [19ms] : Execution time for phase (including any PhaseListeners) -> RENDER_RESPONSE 6
[0m[32m14:37:18,838 DEBUG [org.wildfly.clustering.marshalling.ByteBufferMarshalledValue] (default task-2) Marshalled size of java.util.concurrent.ConcurrentHashMap object = 1884 bytes
[0m[32m14:37:19,312 DEBUG [io.undertow.request] (default I/O-7) Matched default handler path /index.xhtml
[0m[32m14:37:19,313 DEBUG [org.wildfly.clustering.marshalling.ByteBufferMarshalledValue] (default task-2) Marshalled size of org.wildfly.clustering.server.infinispan.scheduler.CancelCommand object = 49 bytes
[0m[32m14:37:19,316 FINE  [jakarta.enterprise.resource.webcontainer.faces.lifecycle] (default task-2) execute(com.sun.faces.context.FacesContextImpl@6911ae2e)
[0m[32m14:37:19,316 FINE  [jakarta.enterprise.resource.webcontainer.faces.lifecycle] (default task-2) Entering RestoreViewPhase
[0m[32m14:37:19,317 FINE  [jakarta.enterprise.resource.webcontainer.faces.application] (default task-2) Created component with component type of 'jakarta.faces.ViewRoot'
[0m[32m14:37:19,317 FINE  [jakarta.enterprise.resource.webcontainer.faces.application] (default task-2) Created component with component type of 'jakarta.faces.ViewRoot'
[0m[32m14:37:19,317 FINE  [jakarta.enterprise.resource.webcontainer.faces.application] (default task-2) Created component with component type of 'jakarta.faces.ViewRoot'
[0m[32m14:37:19,317 FINE  [jakarta.enterprise.resource.webcontainer.faces.application] (default task-2) Created component with component type of 'jakarta.faces.ViewRoot'
[0m[32m14:37:19,317 FINE  [jakarta.enterprise.resource.webcontainer.faces.application] (default task-2) Created component with component type of 'jakarta.faces.ViewRoot'
[0m[32m14:37:19,317 FINE  [jakarta.enterprise.resource.webcontainer.faces.application] (default task-2) Created component with component type of 'jakarta.faces.ViewRoot'
[0m[32m14:37:19,317 FINE  [jakarta.enterprise.resource.webcontainer.faces.application] (default task-2) Created new view for /index.xhtml
[0m[32m14:37:19,318 FINE  [jakarta.enterprise.resource.webcontainer.faces.application] (default task-2) Locale for this view as determined by calculateLocale en_US
[0m[32m14:37:19,318 FINE  [jakarta.enterprise.resource.webcontainer.faces.application] (default task-2) Created component with component type of 'jakarta.faces.ViewRoot'
[0m[32m14:37:19,318 FINE  [jakarta.enterprise.resource.webcontainer.faces.application] (default task-2) RenderKitId for this view as determined by calculateRenderKitId HTML_BASIC
[0m[32m14:37:19,318 FINE  [jakarta.enterprise.resource.webcontainer.faces.application] (default task-2) Building View: /index.xhtml
[0m[32m14:37:19,318 FINE  [jakarta.enterprise.resource.webcontainer.faces.application] (default task-2) Created component with component type of 'jakarta.faces.Output'
[0m[32m14:37:19,318 FINE  [jakarta.enterprise.resource.webcontainer.faces.facelets.tag.component] (default task-2) /index.xhtml @6,11 <h:head> Component[2059540600_7ac2185f] Created: jakarta.faces.component.UIOutput
[0m[32m14:37:19,318 FINE  [jakarta.enterprise.resource.webcontainer.faces.application] (default task-2) Created component with component type of 'jakarta.faces.OutputBody'
[0m[32m14:37:19,318 FINE  [jakarta.enterprise.resource.webcontainer.faces.facelets.tag.component] (default task-2) /index.xhtml @10,11 <h:body> Component[2059540600_7ac21839] Created: jakarta.faces.component.html.HtmlBody
[0m[32m14:37:19,318 FINE  [jakarta.enterprise.resource.webcontainer.faces.application] (default task-2) Created component with component type of 'jakarta.faces.HtmlPanelGroup'
[0m[32m14:37:19,318 FINE  [jakarta.enterprise.resource.webcontainer.faces.facelets.tag.component] (default task-2) /index.xhtml @13,60 <h:panelGroup> Component[2059540600_7ac21823] Created: jakarta.faces.component.html.HtmlPanelGroup
[0m[32m14:37:19,318 FINE  [jakarta.enterprise.resource.webcontainer.faces.application] (default task-2) Created component with component type of 'jakarta.faces.HtmlOutputText'
[0m[32m14:37:19,318 FINE  [jakarta.enterprise.resource.webcontainer.faces.facelets.tag.component] (default task-2) /index.xhtml @15,61 <h:outputText> Component[2059540600_7ac2180d] Created: jakarta.faces.component.html.HtmlOutputText
[0m[32m14:37:19,319 FINE  [jakarta.enterprise.resource.webcontainer.faces.application] (default task-2) Created component with component type of 'jakarta.faces.HtmlPanelGroup'
[0m[32m14:37:19,319 FINE  [jakarta.enterprise.resource.webcontainer.faces.facelets.tag.component] (default task-2) /index.xhtml @17,60 <h:panelGroup> Component[2059540600_7ac218fa] Created: jakarta.faces.component.html.HtmlPanelGroup
[0m[32m14:37:19,319 FINE  [jakarta.enterprise.resource.webcontainer.faces.application] (default task-2) Created component with component type of 'jakarta.faces.HtmlOutputText'
[0m[32m14:37:19,319 FINE  [jakarta.enterprise.resource.webcontainer.faces.facelets.tag.component] (default task-2) /index.xhtml @19,60 <h:outputText> Component[2059540600_7ac218e4] Created: jakarta.faces.component.html.HtmlOutputText
[0m[32m14:37:19,319 FINE  [jakarta.enterprise.resource.webcontainer.faces.application] (default task-2) Created component with component type of 'jakarta.faces.HtmlPanelGroup'
[0m[32m14:37:19,319 FINE  [jakarta.enterprise.resource.webcontainer.faces.facelets.tag.component] (default task-2) /index.xhtml @21,61 <h:panelGroup> Component[2059540600_7ac218d1] Created: jakarta.faces.component.html.HtmlPanelGroup
[0m[32m14:37:19,319 FINE  [jakarta.enterprise.resource.webcontainer.faces.application] (default task-2) Created component with component type of 'jakarta.faces.HtmlOutputText'
[0m[32m14:37:19,319 FINE  [jakarta.enterprise.resource.webcontainer.faces.facelets.tag.component] (default task-2) /index.xhtml @23,59 <h:outputText> Component[2059540600_7ac218bb] Created: jakarta.faces.component.html.HtmlOutputText
[0m[32m14:37:19,319 FINE  [jakarta.enterprise.resource.webcontainer.faces.application] (default task-2) Created component with component type of 'jakarta.faces.HtmlForm'
[0m[32m14:37:19,319 FINE  [jakarta.enterprise.resource.webcontainer.faces.facelets.tag.component] (default task-2) /index.xhtml @26,11 <h:form> Component[2059540600_7ac218a8] Created: jakarta.faces.component.html.HtmlForm
[0m[32m14:37:19,319 FINE  [jakarta.enterprise.resource.webcontainer.faces.application] (default task-2) Created component with component type of 'jakarta.faces.HtmlPanelGroup'
[0m[32m14:37:19,319 FINE  [jakarta.enterprise.resource.webcontainer.faces.facelets.tag.component] (default task-2) /index.xhtml @27,62 <h:panelGroup> Component[2059540600_7ac21892] Created: jakarta.faces.component.html.HtmlPanelGroup
[0m[32m14:37:19,319 FINE  [jakarta.enterprise.resource.webcontainer.faces.application] (default task-2) Created component with component type of 'jakarta.faces.HtmlCommandButton'
[0m[32m14:37:19,319 FINE  [jakarta.enterprise.resource.webcontainer.faces.facelets.tag.component] (default task-2) /index.xhtml @29,119 <h:commandButton> Component[2059540600_7ac2197c] Created: jakarta.faces.component.html.HtmlCommandButton
[0m[32m14:37:19,320 FINE  [jakarta.enterprise.resource.webcontainer.faces.application] (default task-2) Created component with component type of 'jakarta.faces.HtmlCommandButton'
[0m[32m14:37:19,320 FINE  [jakarta.enterprise.resource.webcontainer.faces.facelets.tag.component] (default task-2) /index.xhtml @30,112 <h:commandButton> Component[2059540600_7ac21969] Created: jakarta.faces.component.html.HtmlCommandButton
[0m[32m14:37:19,320 FINE  [jakarta.enterprise.resource.webcontainer.faces.application] (default task-2) Created component with component type of 'jakarta.faces.HtmlPanelGroup'
[0m[32m14:37:19,320 FINE  [jakarta.enterprise.resource.webcontainer.faces.facelets.tag.component] (default task-2) /index.xhtml @33,34 <h:panelGroup> Component[2059540600_7ac21966] Created: jakarta.faces.component.html.HtmlPanelGroup
[0m[32m14:37:19,320 FINE  [jakarta.enterprise.resource.webcontainer.faces.application] (default task-2) Created component with component type of 'jakarta.faces.HtmlCommandButton'
[0m[32m14:37:19,320 FINE  [jakarta.enterprise.resource.webcontainer.faces.facelets.tag.component] (default task-2) /index.xhtml @35,124 <h:commandButton> Component[2059540600_7ac21940] Created: jakarta.faces.component.html.HtmlCommandButton
[0m[32m14:37:19,320 FINE  [jakarta.enterprise.resource.webcontainer.faces.application] (default task-2) Created component with component type of 'jakarta.faces.HtmlCommandButton'
[0m[32m14:37:19,320 FINE  [jakarta.enterprise.resource.webcontainer.faces.facelets.tag.component] (default task-2) /index.xhtml @36,117 <h:commandButton> Component[2059540600_7ac2193d] Created: jakarta.faces.component.html.HtmlCommandButton
[0m[32m14:37:19,320 FINE  [jakarta.enterprise.resource.webcontainer.faces.lifecycle] (default task-2) Postback: restored view for /index.xhtml
[0m[32m14:37:19,320 FINE  [jakarta.enterprise.resource.webcontainer.faces.lifecycle] (default task-2) Exiting RestoreViewPhase
[0m[32m14:37:19,321 FINE  [jakarta.enterprise.resource.webcontainer.faces.timing] (default task-2)  [TIMING] - [5ms] : Execution time for phase (including any PhaseListeners) -> RESTORE_VIEW 1
[0m[32m14:37:19,321 FINE  [jakarta.enterprise.resource.webcontainer.faces.lifecycle] (default task-2) Entering ApplyRequestValuesPhase
[0m[32m14:37:19,321 FINE  [jakarta.enterprise.resource.webcontainer.faces.renderkit] (default task-2) No decoding necessary since the component j_idt10 is not an instance or a sub class of UIInput
[0m[32m14:37:19,321 FINE  [jakarta.enterprise.resource.webcontainer.faces.renderkit] (default task-2) No decoding necessary since the component j_idt6 is not an instance or a sub class of UIInput
[0m[32m14:37:19,321 FINE  [jakarta.enterprise.resource.webcontainer.faces.renderkit] (default task-2) No decoding necessary since the component j_idt13 is not an instance or a sub class of UIInput
[0m[32m14:37:19,321 FINE  [jakarta.enterprise.resource.webcontainer.faces.renderkit] (default task-2) No decoding necessary since the component j_idt11 is not an instance or a sub class of UIInput
[0m[32m14:37:19,321 FINE  [jakarta.enterprise.resource.webcontainer.faces.renderkit] (default task-2) No decoding necessary since the component j_idt16 is not an instance or a sub class of UIInput
[0m[32m14:37:19,321 FINE  [jakarta.enterprise.resource.webcontainer.faces.renderkit] (default task-2) No decoding necessary since the component j_idt14 is not an instance or a sub class of UIInput
[0m[32m14:37:19,321 FINE  [jakarta.enterprise.resource.webcontainer.faces.renderkit] (default task-2) UIForm with client ID j_idt17, submitted
[0m[32m14:37:19,321 FINE  [jakarta.enterprise.resource.webcontainer.faces.renderkit] (default task-2) This command resulted in form submission  ActionEvent queued.
[0m[32m14:37:19,321 FINE  [jakarta.enterprise.resource.webcontainer.faces.renderkit] (default task-2) End decoding component j_idt20
[0m[32m14:37:19,321 FINE  [jakarta.enterprise.resource.webcontainer.faces.renderkit] (default task-2) No decoding necessary since the component j_idt18 is not an instance or a sub class of UIInput
[0m[32m14:37:19,321 FINE  [jakarta.enterprise.resource.webcontainer.faces.renderkit] (default task-2) No decoding necessary since the component j_idt23 is not an instance or a sub class of UIInput
[0m[32m14:37:19,321 FINE  [jakarta.enterprise.resource.webcontainer.faces.lifecycle] (default task-2) Exiting ApplyRequestValuesPhase
[0m[32m14:37:19,321 FINE  [jakarta.enterprise.resource.webcontainer.faces.timing] (default task-2)  [TIMING] - [0ms] : Execution time for phase (including any PhaseListeners) -> APPLY_REQUEST_VALUES 2
[0m[32m14:37:19,322 FINE  [jakarta.enterprise.resource.webcontainer.faces.lifecycle] (default task-2) Entering ProcessValidationsPhase
[0m[32m14:37:19,322 FINE  [jakarta.enterprise.resource.webcontainer.faces.lifecycle] (default task-2) Exiting ProcessValidationsPhase
[0m[32m14:37:19,322 FINE  [jakarta.enterprise.resource.webcontainer.faces.timing] (default task-2)  [TIMING] - [0ms] : Execution time for phase (including any PhaseListeners) -> PROCESS_VALIDATIONS 3
[0m[32m14:37:19,322 FINE  [jakarta.enterprise.resource.webcontainer.faces.lifecycle] (default task-2) Entering UpdateModelValuesPhase
[0m[32m14:37:19,322 FINE  [jakarta.enterprise.resource.webcontainer.faces.lifecycle] (default task-2) Exiting UpdateModelValuesPhase
[0m[32m14:37:19,322 FINE  [jakarta.enterprise.resource.webcontainer.faces.timing] (default task-2)  [TIMING] - [0ms] : Execution time for phase (including any PhaseListeners) -> UPDATE_MODEL_VALUES 4
[0m[32m14:37:19,322 FINE  [jakarta.enterprise.resource.webcontainer.faces.lifecycle] (default task-2) Entering InvokeApplicationsPhase
[0m[32m14:37:19,322 FINE  [jakarta.enterprise.resource.webcontainer.faces.application] (default task-2) processAction(j_idt20)
[0m[32m14:37:19,323 FINE  [jakarta.enterprise.resource.webcontainer.faces.application] (default task-2) Redirecting to path /index.xhtml for outcome index.xhtml?faces-redirect=trueand viewId /index.xhtml
[0m[32m14:37:19,324 DEBUG [org.wildfly.clustering.marshalling.ByteBufferMarshalledValue] (default task-2) Marshalled size of java.util.concurrent.ConcurrentHashMap object = 1978 bytes
[0m[32m14:37:19,338 DEBUG [org.wildfly.clustering.marshalling.ByteBufferMarshalledValue] (default task-2) Marshalled size of org.wildfly.clustering.server.infinispan.scheduler.ScheduleWithTransientMetaDataCommand object = 49 bytes
[0m[32m14:37:19,339 FINE  [jakarta.enterprise.resource.webcontainer.faces.application] (default task-2) Response complete for /index.xhtml
[0m[32m14:37:19,339 FINE  [jakarta.enterprise.resource.webcontainer.faces.lifecycle] (default task-2) Exiting InvokeApplicationsPhase
[0m[32m14:37:19,340 FINE  [jakarta.enterprise.resource.webcontainer.faces.timing] (default task-2)  [TIMING] - [18ms] : Execution time for phase (including any PhaseListeners) -> INVOKE_APPLICATION 5
[0m[32m14:37:19,340 FINE  [jakarta.enterprise.resource.webcontainer.faces.lifecycle] (default task-2) render(com.sun.faces.context.FacesContextImpl@6911ae2e)
[0m[32m14:37:19,340 DEBUG [org.wildfly.clustering.marshalling.ByteBufferMarshalledValue] (default task-2) Marshalled size of org.wildfly.clustering.server.infinispan.scheduler.CancelCommand object = 49 bytes
[0m[32m14:37:19,352 DEBUG [org.wildfly.clustering.marshalling.ByteBufferMarshalledValue] (default task-2) Marshalled size of java.util.concurrent.ConcurrentHashMap object = 1978 bytes
[0m[32m14:37:19,373 DEBUG [org.wildfly.clustering.marshalling.ByteBufferMarshalledValue] (default task-2) Marshalled size of org.wildfly.clustering.server.infinispan.scheduler.ScheduleWithTransientMetaDataCommand object = 49 bytes
[0m[32m14:37:19,379 DEBUG [org.wildfly.clustering.marshalling.ByteBufferMarshalledValue] (default task-2) Marshalled size of org.wildfly.clustering.server.infinispan.scheduler.CancelCommand object = 49 bytes
[0m[32m14:37:19,429 DEBUG [org.wildfly.clustering.marshalling.ByteBufferMarshalledValue] (default task-2) Marshalled size of java.util.concurrent.ConcurrentHashMap object = 1978 bytes
[0m[32m14:37:19,446 DEBUG [org.wildfly.clustering.marshalling.ByteBufferMarshalledValue] (default task-2) Marshalled size of org.wildfly.clustering.server.infinispan.scheduler.ScheduleWithTransientMetaDataCommand object = 49 bytes
[0m[32m14:37:19,470 DEBUG [io.undertow.request] (default I/O-7) Matched default handler path /.well-known/appspecific/com.chrome.devtools.json
[0m[32m14:37:19,471 DEBUG [org.wildfly.clustering.marshalling.ByteBufferMarshalledValue] (default task-2) Marshalled size of org.wildfly.clustering.server.infinispan.scheduler.CancelCommand object = 49 bytes
[0m[32m14:37:19,495 DEBUG [org.wildfly.clustering.marshalling.ByteBufferMarshalledValue] (default task-2) Marshalled size of org.wildfly.clustering.server.infinispan.scheduler.ScheduleWithTransientMetaDataCommand object = 49 bytes
[0m[32m14:37:20,842 DEBUG [io.undertow.request] (default I/O-13) Matched default handler path /index.xhtml
[0m[32m14:37:20,844 FINE  [jakarta.enterprise.resource.webcontainer.faces.lifecycle] (default task-2) execute(com.sun.faces.context.FacesContextImpl@70eadb1f)
[0m[32m14:37:20,844 FINE  [jakarta.enterprise.resource.webcontainer.faces.lifecycle] (default task-2) Entering RestoreViewPhase
[0m[32m14:37:20,844 FINE  [jakarta.enterprise.resource.webcontainer.faces.application] (default task-2) Created component with component type of 'jakarta.faces.ViewRoot'
[0m[32m14:37:20,844 FINE  [jakarta.enterprise.resource.webcontainer.faces.application] (default task-2) Created component with component type of 'jakarta.faces.ViewRoot'
[0m[32m14:37:20,844 FINE  [jakarta.enterprise.resource.webcontainer.faces.application] (default task-2) Created component with component type of 'jakarta.faces.ViewRoot'
[0m[32m14:37:20,844 FINE  [jakarta.enterprise.resource.webcontainer.faces.lifecycle] (default task-2) New request: creating a view for /index.xhtml
[0m[32m14:37:20,845 FINE  [jakarta.enterprise.resource.webcontainer.faces.application] (default task-2) Created component with component type of 'jakarta.faces.ViewRoot'
[0m[32m14:37:20,845 FINE  [jakarta.enterprise.resource.webcontainer.faces.application] (default task-2) Created new view for /index.xhtml
[0m[32m14:37:20,845 FINE  [jakarta.enterprise.resource.webcontainer.faces.application] (default task-2) Locale for this view as determined by calculateLocale en_US
[0m[32m14:37:20,845 FINE  [jakarta.enterprise.resource.webcontainer.faces.application] (default task-2) Created component with component type of 'jakarta.faces.ViewRoot'
[0m[32m14:37:20,845 FINE  [jakarta.enterprise.resource.webcontainer.faces.application] (default task-2) RenderKitId for this view as determined by calculateRenderKitId HTML_BASIC
[0m[32m14:37:20,845 FINE  [jakarta.enterprise.resource.webcontainer.faces.lifecycle] (default task-2) Exiting RestoreViewPhase
[0m[32m14:37:20,846 FINE  [jakarta.enterprise.resource.webcontainer.faces.timing] (default task-2)  [TIMING] - [2ms] : Execution time for phase (including any PhaseListeners) -> RESTORE_VIEW 1
[0m[32m14:37:20,846 FINE  [jakarta.enterprise.resource.webcontainer.faces.lifecycle] (default task-2) render(com.sun.faces.context.FacesContextImpl@70eadb1f)
[0m[32m14:37:20,846 FINE  [jakarta.enterprise.resource.webcontainer.faces.lifecycle] (default task-2) Entering RenderResponsePhase
[0m[32m14:37:20,846 FINE  [jakarta.enterprise.resource.webcontainer.faces.lifecycle] (default task-2) About to render view /index.xhtml
[0m[32m14:37:20,846 FINE  [jakarta.enterprise.resource.webcontainer.faces.application] (default task-2) Building View: /index.xhtml
[0m[32m14:37:20,846 FINE  [jakarta.enterprise.resource.webcontainer.faces.application] (default task-2) Created component with component type of 'jakarta.faces.Output'
[0m[32m14:37:20,846 FINE  [jakarta.enterprise.resource.webcontainer.faces.facelets.tag.component] (default task-2) /index.xhtml @6,11 <h:head> Component[2059540600_7ac2185f] Created: jakarta.faces.component.UIOutput
[0m[32m14:37:20,846 FINE  [jakarta.enterprise.resource.webcontainer.faces.application] (default task-2) Created component with component type of 'jakarta.faces.OutputBody'
[0m[32m14:37:20,846 FINE  [jakarta.enterprise.resource.webcontainer.faces.facelets.tag.component] (default task-2) /index.xhtml @10,11 <h:body> Component[2059540600_7ac21839] Created: jakarta.faces.component.html.HtmlBody
[0m[32m14:37:20,846 FINE  [jakarta.enterprise.resource.webcontainer.faces.application] (default task-2) Created component with component type of 'jakarta.faces.HtmlPanelGroup'
[0m[32m14:37:20,847 FINE  [jakarta.enterprise.resource.webcontainer.faces.facelets.tag.component] (default task-2) /index.xhtml @13,60 <h:panelGroup> Component[2059540600_7ac21823] Created: jakarta.faces.component.html.HtmlPanelGroup
[0m[32m14:37:20,847 FINE  [jakarta.enterprise.resource.webcontainer.faces.application] (default task-2) Created component with component type of 'jakarta.faces.HtmlOutputText'
[0m[32m14:37:20,847 FINE  [jakarta.enterprise.resource.webcontainer.faces.facelets.tag.component] (default task-2) /index.xhtml @15,61 <h:outputText> Component[2059540600_7ac2180d] Created: jakarta.faces.component.html.HtmlOutputText
[0m[32m14:37:20,847 FINE  [jakarta.enterprise.resource.webcontainer.faces.application] (default task-2) Created component with component type of 'jakarta.faces.HtmlPanelGroup'
[0m[32m14:37:20,847 FINE  [jakarta.enterprise.resource.webcontainer.faces.facelets.tag.component] (default task-2) /index.xhtml @17,60 <h:panelGroup> Component[2059540600_7ac218fa] Created: jakarta.faces.component.html.HtmlPanelGroup
[0m[32m14:37:20,847 FINE  [jakarta.enterprise.resource.webcontainer.faces.application] (default task-2) Created component with component type of 'jakarta.faces.HtmlOutputText'
[0m[32m14:37:20,847 FINE  [jakarta.enterprise.resource.webcontainer.faces.facelets.tag.component] (default task-2) /index.xhtml @19,60 <h:outputText> Component[2059540600_7ac218e4] Created: jakarta.faces.component.html.HtmlOutputText
[0m[32m14:37:20,847 FINE  [jakarta.enterprise.resource.webcontainer.faces.application] (default task-2) Created component with component type of 'jakarta.faces.HtmlPanelGroup'
[0m[32m14:37:20,847 FINE  [jakarta.enterprise.resource.webcontainer.faces.facelets.tag.component] (default task-2) /index.xhtml @21,61 <h:panelGroup> Component[2059540600_7ac218d1] Created: jakarta.faces.component.html.HtmlPanelGroup
[0m[32m14:37:20,847 FINE  [jakarta.enterprise.resource.webcontainer.faces.application] (default task-2) Created component with component type of 'jakarta.faces.HtmlOutputText'
[0m[32m14:37:20,847 FINE  [jakarta.enterprise.resource.webcontainer.faces.facelets.tag.component] (default task-2) /index.xhtml @23,59 <h:outputText> Component[2059540600_7ac218bb] Created: jakarta.faces.component.html.HtmlOutputText
[0m[32m14:37:20,847 FINE  [jakarta.enterprise.resource.webcontainer.faces.application] (default task-2) Created component with component type of 'jakarta.faces.HtmlForm'
[0m[32m14:37:20,847 FINE  [jakarta.enterprise.resource.webcontainer.faces.facelets.tag.component] (default task-2) /index.xhtml @26,11 <h:form> Component[2059540600_7ac218a8] Created: jakarta.faces.component.html.HtmlForm
[0m[32m14:37:20,847 FINE  [jakarta.enterprise.resource.webcontainer.faces.application] (default task-2) Created component with component type of 'jakarta.faces.HtmlPanelGroup'
[0m[32m14:37:20,848 FINE  [jakarta.enterprise.resource.webcontainer.faces.facelets.tag.component] (default task-2) /index.xhtml @27,62 <h:panelGroup> Component[2059540600_7ac21892] Created: jakarta.faces.component.html.HtmlPanelGroup
[0m[32m14:37:20,848 FINE  [jakarta.enterprise.resource.webcontainer.faces.application] (default task-2) Created component with component type of 'jakarta.faces.HtmlCommandButton'
[0m[32m14:37:20,848 FINE  [jakarta.enterprise.resource.webcontainer.faces.facelets.tag.component] (default task-2) /index.xhtml @29,119 <h:commandButton> Component[2059540600_7ac2197c] Created: jakarta.faces.component.html.HtmlCommandButton
[0m[32m14:37:20,848 FINE  [jakarta.enterprise.resource.webcontainer.faces.application] (default task-2) Created component with component type of 'jakarta.faces.HtmlCommandButton'
[0m[32m14:37:20,848 FINE  [jakarta.enterprise.resource.webcontainer.faces.facelets.tag.component] (default task-2) /index.xhtml @30,112 <h:commandButton> Component[2059540600_7ac21969] Created: jakarta.faces.component.html.HtmlCommandButton
[0m[32m14:37:20,848 FINE  [jakarta.enterprise.resource.webcontainer.faces.application] (default task-2) Created component with component type of 'jakarta.faces.HtmlPanelGroup'
[0m[32m14:37:20,848 FINE  [jakarta.enterprise.resource.webcontainer.faces.facelets.tag.component] (default task-2) /index.xhtml @33,34 <h:panelGroup> Component[2059540600_7ac21966] Created: jakarta.faces.component.html.HtmlPanelGroup
[0m[32m14:37:20,848 FINE  [jakarta.enterprise.resource.webcontainer.faces.application] (default task-2) Created component with component type of 'jakarta.faces.HtmlCommandButton'
[0m[32m14:37:20,848 FINE  [jakarta.enterprise.resource.webcontainer.faces.facelets.tag.component] (default task-2) /index.xhtml @35,124 <h:commandButton> Component[2059540600_7ac21940] Created: jakarta.faces.component.html.HtmlCommandButton
[0m[32m14:37:20,848 FINE  [jakarta.enterprise.resource.webcontainer.faces.application] (default task-2) Created component with component type of 'jakarta.faces.HtmlCommandButton'
[0m[32m14:37:20,848 FINE  [jakarta.enterprise.resource.webcontainer.faces.facelets.tag.component] (default task-2) /index.xhtml @36,117 <h:commandButton> Component[2059540600_7ac2193d] Created: jakarta.faces.component.html.HtmlCommandButton
[0m[32m14:37:20,848 FINE  [jakarta.enterprise.resource.webcontainer.faces.application] (default task-2) Rendering View: /index.xhtml
[0m[32m14:37:20,850 DEBUG [org.wildfly.clustering.marshalling.ByteBufferMarshalledValue] (default task-2) Marshalled size of java.util.concurrent.ConcurrentHashMap object = 588 bytes
[0m[32m14:37:20,895 FINE  [jakarta.enterprise.resource.webcontainer.faces.renderkit] (default task-2) component.getValue() returned j1lL6PND8dF0YzZa2GxpN3Z9chtm9mjYkTtzXNbH
[0m[32m14:37:20,895 FINE  [jakarta.enterprise.resource.webcontainer.faces.renderkit] (default task-2) Value to be rendered j1lL6PND8dF0YzZa2GxpN3Z9chtm9mjYkTtzXNbH
[0m[32m14:37:20,896 FINE  [jakarta.enterprise.resource.webcontainer.faces.renderkit] (default task-2) component.getValue() returned 80af7a46f92a
[0m[32m14:37:20,896 FINE  [jakarta.enterprise.resource.webcontainer.faces.renderkit] (default task-2) Value to be rendered 80af7a46f92a
[0m[32m14:37:20,896 FINE  [jakarta.enterprise.resource.webcontainer.faces.renderkit] (default task-2) component.getValue() returned 0
[0m[32m14:37:20,896 FINE  [jakarta.enterprise.resource.webcontainer.faces.application] (default task-2) Created converter of type 'jakarta.faces.convert.IntegerConverter'
[0m[32m14:37:20,897 FINE  [jakarta.enterprise.resource.webcontainer.faces.renderkit] (default task-2) Value to be rendered 0
[0m[32m14:37:20,897 FINE  [jakarta.enterprise.resource.webcontainer.faces.application] (default task-2) Begin writing marker for viewId /index.xhtml
[0m[32m14:37:20,897 FINE  [jakarta.enterprise.resource.webcontainer.faces.application] (default task-2) End writing marker for viewId /index.xhtml
[0m[32m14:37:20,898 FINE  [jakarta.faces.component] (default task-2) j_id1
[0m[32m14:37:20,898 FINE  [jakarta.enterprise.resource.webcontainer.faces.lifecycle] (default task-2) Exiting RenderResponsePhase
[0m[32m14:37:20,898 FINE  [jakarta.enterprise.resource.webcontainer.faces.timing] (default task-2)  [TIMING] - [52ms] : Execution time for phase (including any PhaseListeners) -> RENDER_RESPONSE 6
[0m[32m14:37:20,899 DEBUG [io.undertow.request.io] (default task-2) UT005013: An IOException occurred: java.net.SocketException: Connection reset
	at java.base/sun.nio.ch.SocketChannelImpl.throwConnectionReset(SocketChannelImpl.java:401)
	at java.base/sun.nio.ch.SocketChannelImpl.read(SocketChannelImpl.java:434)
	at org.jboss.xnio.nio@3.8.16.Final-redhat-00001//org.xnio.nio.NioSocketConduit.read(NioSocketConduit.java:289)
	at org.jboss.xnio@3.8.16.Final-redhat-00001//org.xnio.conduits.AbstractStreamSourceConduit.read(AbstractStreamSourceConduit.java:51)
	at io.undertow.core@2.3.23.SP3-redhat-00001//io.undertow.conduits.ReadTimeoutStreamSourceConduit.read(ReadTimeoutStreamSourceConduit.java:181)
	at org.jboss.xnio@3.8.16.Final-redhat-00001//org.xnio.conduits.AbstractStreamSourceConduit.read(AbstractStreamSourceConduit.java:51)
	at io.undertow.core@2.3.23.SP3-redhat-00001//io.undertow.conduits.BytesReceivedStreamSourceConduit.read(BytesReceivedStreamSourceConduit.java:67)
	at org.jboss.xnio@3.8.16.Final-redhat-00001//org.xnio.conduits.ConduitStreamSourceChannel.read(ConduitStreamSourceChannel.java:127)
	at io.undertow.core@2.3.23.SP3-redhat-00001//io.undertow.util.ConnectionUtils.doDrain(ConnectionUtils.java:96)
	at io.undertow.core@2.3.23.SP3-redhat-00001//io.undertow.util.ConnectionUtils.cleanClose(ConnectionUtils.java:74)
	at io.undertow.core@2.3.23.SP3-redhat-00001//io.undertow.server.protocol.http.HttpReadListener.exchangeComplete(HttpReadListener.java:374)
	at io.undertow.core@2.3.23.SP3-redhat-00001//io.undertow.server.protocol.http.HttpServerConnection.exchangeComplete(HttpServerConnection.java:244)
	at io.undertow.core@2.3.23.SP3-redhat-00001//io.undertow.server.HttpServerExchange$ExchangeCompleteNextListener.proceed(HttpServerExchange.java:2062)
	at io.undertow.core@2.3.23.SP3-redhat-00001//io.undertow.server.ConnectorStatisticsImpl$1.exchangeEvent(ConnectorStatisticsImpl.java:75)
	at io.undertow.core@2.3.23.SP3-redhat-00001//io.undertow.server.HttpServerExchange$ExchangeCompleteNextListener.proceed(HttpServerExchange.java:2060)
	at io.undertow.core@2.3.23.SP3-redhat-00001//io.undertow.server.handlers.MetricsHandler$2.exchangeEvent(MetricsHandler.java:60)
	at io.undertow.core@2.3.23.SP3-redhat-00001//io.undertow.server.HttpServerExchange.invokeExchangeCompleteListeners(HttpServerExchange.java:1436)
	at io.undertow.core@2.3.23.SP3-redhat-00001//io.undertow.server.HttpServerExchange.terminateResponse(HttpServerExchange.java:1723)
	at io.undertow.core@2.3.23.SP3-redhat-00001//io.undertow.server.Connectors.terminateResponse(Connectors.java:198)
	at io.undertow.core@2.3.23.SP3-redhat-00001//io.undertow.server.protocol.http.ServerFixedLengthStreamSinkConduit.channelFinished(ServerFixedLengthStreamSinkConduit.java:58)
	at io.undertow.core@2.3.23.SP3-redhat-00001//io.undertow.conduits.AbstractFixedLengthStreamSinkConduit.exitFlush(AbstractFixedLengthStreamSinkConduit.java:316)
	at io.undertow.core@2.3.23.SP3-redhat-00001//io.undertow.conduits.AbstractFixedLengthStreamSinkConduit.flush(AbstractFixedLengthStreamSinkConduit.java:234)
	at org.jboss.xnio@3.8.16.Final-redhat-00001//org.xnio.conduits.ConduitStreamSinkChannel.flush(ConduitStreamSinkChannel.java:162)
	at io.undertow.core@2.3.23.SP3-redhat-00001//io.undertow.channels.DetachableStreamSinkChannel.flush(DetachableStreamSinkChannel.java:119)
	at org.jboss.xnio@3.8.16.Final-redhat-00001//org.xnio.channels.Channels.flushBlocking(Channels.java:63)
	at io.undertow.servlet@2.3.23.SP3-redhat-00001//io.undertow.servlet.spec.ServletOutputStreamImpl.close(ServletOutputStreamImpl.java:654)
	at io.undertow.servlet@2.3.23.SP3-redhat-00001//io.undertow.servlet.spec.ServletPrintWriter.close(ServletPrintWriter.java:130)
	at io.undertow.servlet@2.3.23.SP3-redhat-00001//io.undertow.servlet.spec.ServletPrintWriterDelegate.close(ServletPrintWriterDelegate.java:79)
	at io.undertow.servlet@2.3.23.SP3-redhat-00001//io.undertow.servlet.spec.HttpServletResponseImpl.closeStreamAndWriter(HttpServletResponseImpl.java:505)
	at io.undertow.servlet@2.3.23.SP3-redhat-00001//io.undertow.servlet.spec.HttpServletResponseImpl.responseDone(HttpServletResponseImpl.java:606)
	at io.undertow.servlet@2.3.23.SP3-redhat-00001//io.undertow.servlet.handlers.ServletInitialHandler.handleFirstRequest(ServletInitialHandler.java:330)
	at io.undertow.servlet@2.3.23.SP3-redhat-00001//io.undertow.servlet.handlers.ServletInitialHandler$1.call(ServletInitialHandler.java:130)
	at io.undertow.servlet@2.3.23.SP3-redhat-00001//io.undertow.servlet.handlers.ServletInitialHandler$1.call(ServletInitialHandler.java:127)
	at io.undertow.servlet@2.3.23.SP3-redhat-00001//io.undertow.servlet.core.ServletRequestContextThreadSetupAction$1.call(ServletRequestContextThreadSetupAction.java:48)
	at io.undertow.servlet@2.3.23.SP3-redhat-00001//io.undertow.servlet.core.ContextClassLoaderSetupAction$1.call(ContextClassLoaderSetupAction.java:43)
	at org.wildfly.extension.undertow@8.1.1.GA-redhat-00012//org.wildfly.extension.undertow.deployment.UndertowDeploymentInfoService$UndertowThreadSetupAction.lambda$create$0(UndertowDeploymentInfoService.java:1421)
	at org.wildfly.extension.undertow@8.1.1.GA-redhat-00012//org.wildfly.extension.undertow.deployment.UndertowDeploymentInfoService$UndertowThreadSetupAction.lambda$create$0(UndertowDeploymentInfoService.java:1421)
	at org.wildfly.extension.undertow@8.1.1.GA-redhat-00012//org.wildfly.extension.undertow.deployment.UndertowDeploymentInfoService$UndertowThreadSetupAction.lambda$create$0(UndertowDeploymentInfoService.java:1421)
	at org.wildfly.extension.undertow@8.1.1.GA-redhat-00012//org.wildfly.extension.undertow.deployment.UndertowDeploymentInfoService$UndertowThreadSetupAction.lambda$create$0(UndertowDeploymentInfoService.java:1421)
	at io.undertow.servlet@2.3.23.SP3-redhat-00001//io.undertow.servlet.handlers.ServletInitialHandler.dispatchRequest(ServletInitialHandler.java:251)
	at io.undertow.servlet@2.3.23.SP3-redhat-00001//io.undertow.servlet.handlers.ServletInitialHandler.lambda$new$1(ServletInitialHandler.java:99)
	at io.undertow.core@2.3.23.SP3-redhat-00001//io.undertow.server.Connectors.executeRootHandler(Connectors.java:418)
	at io.undertow.core@2.3.23.SP3-redhat-00001//io.undertow.server.HttpServerExchange$1.run(HttpServerExchange.java:938)
	at org.jboss.threads@2.5.0.redhat-00001//org.jboss.threads.ContextClassLoaderSavingRunnable.run(ContextClassLoaderSavingRunnable.java:35)
	at org.jboss.threads@2.5.0.redhat-00001//org.jboss.threads.EnhancedQueueExecutor.safeRun(EnhancedQueueExecutor.java:2024)
	at org.jboss.threads@2.5.0.redhat-00001//org.jboss.threads.EnhancedQueueExecutor$ThreadBody.doRunTask(EnhancedQueueExecutor.java:1520)
	at org.jboss.threads@2.5.0.redhat-00001//org.jboss.threads.EnhancedQueueExecutor$ThreadBody.run(EnhancedQueueExecutor.java:1411)
	at org.jboss.xnio@3.8.16.Final-redhat-00001//org.xnio.XnioWorker$WorkerThreadFactory$1$1.run(XnioWorker.java:1282)
	at java.base/java.lang.Thread.run(Thread.java:1583)

[0m[32m14:37:20,900 DEBUG [org.wildfly.clustering.marshalling.ByteBufferMarshalledValue] (default task-2) Marshalled size of java.util.concurrent.ConcurrentHashMap object = 1884 bytes
[0m[32m14:37:22,900 DEBUG [io.undertow.request] (default I/O-14) Matched default handler path /index.xhtml
[0m[32m14:37:22,902 FINE  [jakarta.enterprise.resource.webcontainer.faces.lifecycle] (default task-2) execute(com.sun.faces.context.FacesContextImpl@2016aafe)
[0m[32m14:37:22,902 FINE  [jakarta.enterprise.resource.webcontainer.faces.lifecycle] (default task-2) Entering RestoreViewPhase
[0m[32m14:37:22,902 FINE  [jakarta.enterprise.resource.webcontainer.faces.application] (default task-2) Created component with component type of 'jakarta.faces.ViewRoot'
[0m[32m14:37:22,902 FINE  [jakarta.enterprise.resource.webcontainer.faces.application] (default task-2) Created component with component type of 'jakarta.faces.ViewRoot'
[0m[32m14:37:22,902 FINE  [jakarta.enterprise.resource.webcontainer.faces.application] (default task-2) Created component with component type of 'jakarta.faces.ViewRoot'
[0m[32m14:37:22,902 FINE  [jakarta.enterprise.resource.webcontainer.faces.lifecycle] (default task-2) New request: creating a view for /index.xhtml
[0m[32m14:37:22,902 FINE  [jakarta.enterprise.resource.webcontainer.faces.application] (default task-2) Created component with component type of 'jakarta.faces.ViewRoot'
[0m[32m14:37:22,903 FINE  [jakarta.enterprise.resource.webcontainer.faces.application] (default task-2) Created new view for /index.xhtml
[0m[32m14:37:22,903 FINE  [jakarta.enterprise.resource.webcontainer.faces.application] (default task-2) Locale for this view as determined by calculateLocale en_US
[0m[32m14:37:22,903 FINE  [jakarta.enterprise.resource.webcontainer.faces.application] (default task-2) Created component with component type of 'jakarta.faces.ViewRoot'
[0m[32m14:37:22,903 FINE  [jakarta.enterprise.resource.webcontainer.faces.application] (default task-2) RenderKitId for this view as determined by calculateRenderKitId HTML_BASIC
[0m[32m14:37:22,904 FINE  [jakarta.enterprise.resource.webcontainer.faces.lifecycle] (default task-2) Exiting RestoreViewPhase
[0m[32m14:37:22,904 FINE  [jakarta.enterprise.resource.webcontainer.faces.timing] (default task-2)  [TIMING] - [2ms] : Execution time for phase (including any PhaseListeners) -> RESTORE_VIEW 1
[0m[32m14:37:22,904 FINE  [jakarta.enterprise.resource.webcontainer.faces.lifecycle] (default task-2) render(com.sun.faces.context.FacesContextImpl@2016aafe)
[0m[32m14:37:22,904 FINE  [jakarta.enterprise.resource.webcontainer.faces.lifecycle] (default task-2) Entering RenderResponsePhase
[0m[32m14:37:22,904 FINE  [jakarta.enterprise.resource.webcontainer.faces.lifecycle] (default task-2) About to render view /index.xhtml
[0m[32m14:37:22,904 FINE  [jakarta.enterprise.resource.webcontainer.faces.application] (default task-2) Building View: /index.xhtml
[0m[32m14:37:22,904 FINE  [jakarta.enterprise.resource.webcontainer.faces.application] (default task-2) Created component with component type of 'jakarta.faces.Output'
[0m[32m14:37:22,904 FINE  [jakarta.enterprise.resource.webcontainer.faces.facelets.tag.component] (default task-2) /index.xhtml @6,11 <h:head> Component[2059540600_7ac2185f] Created: jakarta.faces.component.UIOutput
[0m[32m14:37:22,905 FINE  [jakarta.enterprise.resource.webcontainer.faces.application] (default task-2) Created component with component type of 'jakarta.faces.OutputBody'
[0m[32m14:37:22,905 FINE  [jakarta.enterprise.resource.webcontainer.faces.facelets.tag.component] (default task-2) /index.xhtml @10,11 <h:body> Component[2059540600_7ac21839] Created: jakarta.faces.component.html.HtmlBody
[0m[32m14:37:22,905 FINE  [jakarta.enterprise.resource.webcontainer.faces.application] (default task-2) Created component with component type of 'jakarta.faces.HtmlPanelGroup'
[0m[32m14:37:22,905 FINE  [jakarta.enterprise.resource.webcontainer.faces.facelets.tag.component] (default task-2) /index.xhtml @13,60 <h:panelGroup> Component[2059540600_7ac21823] Created: jakarta.faces.component.html.HtmlPanelGroup
[0m[32m14:37:22,905 FINE  [jakarta.enterprise.resource.webcontainer.faces.application] (default task-2) Created component with component type of 'jakarta.faces.HtmlOutputText'
[0m[32m14:37:22,905 FINE  [jakarta.enterprise.resource.webcontainer.faces.facelets.tag.component] (default task-2) /index.xhtml @15,61 <h:outputText> Component[2059540600_7ac2180d] Created: jakarta.faces.component.html.HtmlOutputText
[0m[32m14:37:22,905 FINE  [jakarta.enterprise.resource.webcontainer.faces.application] (default task-2) Created component with component type of 'jakarta.faces.HtmlPanelGroup'
[0m[32m14:37:22,905 FINE  [jakarta.enterprise.resource.webcontainer.faces.facelets.tag.component] (default task-2) /index.xhtml @17,60 <h:panelGroup> Component[2059540600_7ac218fa] Created: jakarta.faces.component.html.HtmlPanelGroup
[0m[32m14:37:22,905 FINE  [jakarta.enterprise.resource.webcontainer.faces.application] (default task-2) Created component with component type of 'jakarta.faces.HtmlOutputText'
[0m[32m14:37:22,905 FINE  [jakarta.enterprise.resource.webcontainer.faces.facelets.tag.component] (default task-2) /index.xhtml @19,60 <h:outputText> Component[2059540600_7ac218e4] Created: jakarta.faces.component.html.HtmlOutputText
[0m[32m14:37:22,905 FINE  [jakarta.enterprise.resource.webcontainer.faces.application] (default task-2) Created component with component type of 'jakarta.faces.HtmlPanelGroup'
[0m[32m14:37:22,905 FINE  [jakarta.enterprise.resource.webcontainer.faces.facelets.tag.component] (default task-2) /index.xhtml @21,61 <h:panelGroup> Component[2059540600_7ac218d1] Created: jakarta.faces.component.html.HtmlPanelGroup
[0m[32m14:37:22,905 FINE  [jakarta.enterprise.resource.webcontainer.faces.application] (default task-2) Created component with component type of 'jakarta.faces.HtmlOutputText'
[0m[32m14:37:22,905 FINE  [jakarta.enterprise.resource.webcontainer.faces.facelets.tag.component] (default task-2) /index.xhtml @23,59 <h:outputText> Component[2059540600_7ac218bb] Created: jakarta.faces.component.html.HtmlOutputText
[0m[32m14:37:22,906 FINE  [jakarta.enterprise.resource.webcontainer.faces.application] (default task-2) Created component with component type of 'jakarta.faces.HtmlForm'
[0m[32m14:37:22,906 FINE  [jakarta.enterprise.resource.webcontainer.faces.facelets.tag.component] (default task-2) /index.xhtml @26,11 <h:form> Component[2059540600_7ac218a8] Created: jakarta.faces.component.html.HtmlForm
[0m[32m14:37:22,906 FINE  [jakarta.enterprise.resource.webcontainer.faces.application] (default task-2) Created component with component type of 'jakarta.faces.HtmlPanelGroup'
[0m[32m14:37:22,906 FINE  [jakarta.enterprise.resource.webcontainer.faces.facelets.tag.component] (default task-2) /index.xhtml @27,62 <h:panelGroup> Component[2059540600_7ac21892] Created: jakarta.faces.component.html.HtmlPanelGroup
[0m[32m14:37:22,906 FINE  [jakarta.enterprise.resource.webcontainer.faces.application] (default task-2) Created component with component type of 'jakarta.faces.HtmlCommandButton'
[0m[32m14:37:22,906 FINE  [jakarta.enterprise.resource.webcontainer.faces.facelets.tag.component] (default task-2) /index.xhtml @29,119 <h:commandButton> Component[2059540600_7ac2197c] Created: jakarta.faces.component.html.HtmlCommandButton
[0m[32m14:37:22,906 FINE  [jakarta.enterprise.resource.webcontainer.faces.application] (default task-2) Created component with component type of 'jakarta.faces.HtmlCommandButton'
[0m[32m14:37:22,906 FINE  [jakarta.enterprise.resource.webcontainer.faces.facelets.tag.component] (default task-2) /index.xhtml @30,112 <h:commandButton> Component[2059540600_7ac21969] Created: jakarta.faces.component.html.HtmlCommandButton
[0m[32m14:37:22,906 FINE  [jakarta.enterprise.resource.webcontainer.faces.application] (default task-2) Created component with component type of 'jakarta.faces.HtmlPanelGroup'
[0m[32m14:37:22,906 FINE  [jakarta.enterprise.resource.webcontainer.faces.facelets.tag.component] (default task-2) /index.xhtml @33,34 <h:panelGroup> Component[2059540600_7ac21966] Created: jakarta.faces.component.html.HtmlPanelGroup
[0m[32m14:37:22,906 FINE  [jakarta.enterprise.resource.webcontainer.faces.application] (default task-2) Created component with component type of 'jakarta.faces.HtmlCommandButton'
[0m[32m14:37:22,906 FINE  [jakarta.enterprise.resource.webcontainer.faces.facelets.tag.component] (default task-2) /index.xhtml @35,124 <h:commandButton> Component[2059540600_7ac21940] Created: jakarta.faces.component.html.HtmlCommandButton
[0m[32m14:37:22,906 FINE  [jakarta.enterprise.resource.webcontainer.faces.application] (default task-2) Created component with component type of 'jakarta.faces.HtmlCommandButton'
[0m[32m14:37:22,906 FINE  [jakarta.enterprise.resource.webcontainer.faces.facelets.tag.component] (default task-2) /index.xhtml @36,117 <h:commandButton> Component[2059540600_7ac2193d] Created: jakarta.faces.component.html.HtmlCommandButton
[0m[32m14:37:22,907 FINE  [jakarta.enterprise.resource.webcontainer.faces.application] (default task-2) Rendering View: /index.xhtml
[0m[32m14:37:22,909 DEBUG [org.wildfly.clustering.marshalling.ByteBufferMarshalledValue] (default task-2) Marshalled size of java.util.concurrent.ConcurrentHashMap object = 588 bytes
[0m[32m14:37:22,912 FINE  [jakarta.enterprise.resource.webcontainer.faces.renderkit] (default task-2) component.getValue() returned OAFE-LP6b6OAedIYUnTb6LW4h9DWjpmE_ct_brkJ
[0m[32m14:37:22,912 FINE  [jakarta.enterprise.resource.webcontainer.faces.renderkit] (default task-2) Value to be rendered OAFE-LP6b6OAedIYUnTb6LW4h9DWjpmE_ct_brkJ
[0m[32m14:37:22,912 FINE  [jakarta.enterprise.resource.webcontainer.faces.renderkit] (default task-2) component.getValue() returned 80af7a46f92a
[0m[32m14:37:22,912 FINE  [jakarta.enterprise.resource.webcontainer.faces.renderkit] (default task-2) Value to be rendered 80af7a46f92a
[0m[32m14:37:22,913 FINE  [jakarta.enterprise.resource.webcontainer.faces.renderkit] (default task-2) component.getValue() returned 0
[0m[32m14:37:22,913 FINE  [jakarta.enterprise.resource.webcontainer.faces.application] (default task-2) Created converter of type 'jakarta.faces.convert.IntegerConverter'
[0m[32m14:37:22,913 FINE  [jakarta.enterprise.resource.webcontainer.faces.renderkit] (default task-2) Value to be rendered 0
[0m[32m14:37:22,914 FINE  [jakarta.enterprise.resource.webcontainer.faces.application] (default task-2) Begin writing marker for viewId /index.xhtml
[0m[32m14:37:22,914 FINE  [jakarta.enterprise.resource.webcontainer.faces.application] (default task-2) End writing marker for viewId /index.xhtml
[0m[32m14:37:22,915 FINE  [jakarta.faces.component] (default task-2) j_id1
[0m[32m14:37:22,916 FINE  [jakarta.enterprise.resource.webcontainer.faces.lifecycle] (default task-2) Exiting RenderResponsePhase
[0m[32m14:37:22,916 FINE  [jakarta.enterprise.resource.webcontainer.faces.timing] (default task-2)  [TIMING] - [12ms] : Execution time for phase (including any PhaseListeners) -> RENDER_RESPONSE 6
[0m[32m14:37:22,917 DEBUG [io.undertow.request.io] (default task-2) UT005013: An IOException occurred: java.net.SocketException: Connection reset
	at java.base/sun.nio.ch.SocketChannelImpl.throwConnectionReset(SocketChannelImpl.java:401)
	at java.base/sun.nio.ch.SocketChannelImpl.read(SocketChannelImpl.java:434)
	at org.jboss.xnio.nio@3.8.16.Final-redhat-00001//org.xnio.nio.NioSocketConduit.read(NioSocketConduit.java:289)
	at org.jboss.xnio@3.8.16.Final-redhat-00001//org.xnio.conduits.AbstractStreamSourceConduit.read(AbstractStreamSourceConduit.java:51)
	at io.undertow.core@2.3.23.SP3-redhat-00001//io.undertow.conduits.ReadTimeoutStreamSourceConduit.read(ReadTimeoutStreamSourceConduit.java:181)
	at org.jboss.xnio@3.8.16.Final-redhat-00001//org.xnio.conduits.AbstractStreamSourceConduit.read(AbstractStreamSourceConduit.java:51)
	at io.undertow.core@2.3.23.SP3-redhat-00001//io.undertow.conduits.BytesReceivedStreamSourceConduit.read(BytesReceivedStreamSourceConduit.java:67)
	at org.jboss.xnio@3.8.16.Final-redhat-00001//org.xnio.conduits.ConduitStreamSourceChannel.read(ConduitStreamSourceChannel.java:127)
	at io.undertow.core@2.3.23.SP3-redhat-00001//io.undertow.util.ConnectionUtils.doDrain(ConnectionUtils.java:96)
	at io.undertow.core@2.3.23.SP3-redhat-00001//io.undertow.util.ConnectionUtils.cleanClose(ConnectionUtils.java:74)
	at io.undertow.core@2.3.23.SP3-redhat-00001//io.undertow.server.protocol.http.HttpReadListener.exchangeComplete(HttpReadListener.java:374)
	at io.undertow.core@2.3.23.SP3-redhat-00001//io.undertow.server.protocol.http.HttpServerConnection.exchangeComplete(HttpServerConnection.java:244)
	at io.undertow.core@2.3.23.SP3-redhat-00001//io.undertow.server.HttpServerExchange$ExchangeCompleteNextListener.proceed(HttpServerExchange.java:2062)
	at io.undertow.core@2.3.23.SP3-redhat-00001//io.undertow.server.ConnectorStatisticsImpl$1.exchangeEvent(ConnectorStatisticsImpl.java:75)
	at io.undertow.core@2.3.23.SP3-redhat-00001//io.undertow.server.HttpServerExchange$ExchangeCompleteNextListener.proceed(HttpServerExchange.java:2060)
	at io.undertow.core@2.3.23.SP3-redhat-00001//io.undertow.server.handlers.MetricsHandler$2.exchangeEvent(MetricsHandler.java:60)
	at io.undertow.core@2.3.23.SP3-redhat-00001//io.undertow.server.HttpServerExchange.invokeExchangeCompleteListeners(HttpServerExchange.java:1436)
	at io.undertow.core@2.3.23.SP3-redhat-00001//io.undertow.server.HttpServerExchange.terminateResponse(HttpServerExchange.java:1723)
	at io.undertow.core@2.3.23.SP3-redhat-00001//io.undertow.server.Connectors.terminateResponse(Connectors.java:198)
	at io.undertow.core@2.3.23.SP3-redhat-00001//io.undertow.server.protocol.http.ServerFixedLengthStreamSinkConduit.channelFinished(ServerFixedLengthStreamSinkConduit.java:58)
	at io.undertow.core@2.3.23.SP3-redhat-00001//io.undertow.conduits.AbstractFixedLengthStreamSinkConduit.exitFlush(AbstractFixedLengthStreamSinkConduit.java:316)
	at io.undertow.core@2.3.23.SP3-redhat-00001//io.undertow.conduits.AbstractFixedLengthStreamSinkConduit.flush(AbstractFixedLengthStreamSinkConduit.java:234)
	at org.jboss.xnio@3.8.16.Final-redhat-00001//org.xnio.conduits.ConduitStreamSinkChannel.flush(ConduitStreamSinkChannel.java:162)
	at io.undertow.core@2.3.23.SP3-redhat-00001//io.undertow.channels.DetachableStreamSinkChannel.flush(DetachableStreamSinkChannel.java:119)
	at org.jboss.xnio@3.8.16.Final-redhat-00001//org.xnio.channels.Channels.flushBlocking(Channels.java:63)
	at io.undertow.servlet@2.3.23.SP3-redhat-00001//io.undertow.servlet.spec.ServletOutputStreamImpl.close(ServletOutputStreamImpl.java:654)
	at io.undertow.servlet@2.3.23.SP3-redhat-00001//io.undertow.servlet.spec.ServletPrintWriter.close(ServletPrintWriter.java:130)
	at io.undertow.servlet@2.3.23.SP3-redhat-00001//io.undertow.servlet.spec.ServletPrintWriterDelegate.close(ServletPrintWriterDelegate.java:79)
	at io.undertow.servlet@2.3.23.SP3-redhat-00001//io.undertow.servlet.spec.HttpServletResponseImpl.closeStreamAndWriter(HttpServletResponseImpl.java:505)
	at io.undertow.servlet@2.3.23.SP3-redhat-00001//io.undertow.servlet.spec.HttpServletResponseImpl.responseDone(HttpServletResponseImpl.java:606)
	at io.undertow.servlet@2.3.23.SP3-redhat-00001//io.undertow.servlet.handlers.ServletInitialHandler.handleFirstRequest(ServletInitialHandler.java:330)
	at io.undertow.servlet@2.3.23.SP3-redhat-00001//io.undertow.servlet.handlers.ServletInitialHandler$1.call(ServletInitialHandler.java:130)
	at io.undertow.servlet@2.3.23.SP3-redhat-00001//io.undertow.servlet.handlers.ServletInitialHandler$1.call(ServletInitialHandler.java:127)
	at io.undertow.servlet@2.3.23.SP3-redhat-00001//io.undertow.servlet.core.ServletRequestContextThreadSetupAction$1.call(ServletRequestContextThreadSetupAction.java:48)
	at io.undertow.servlet@2.3.23.SP3-redhat-00001//io.undertow.servlet.core.ContextClassLoaderSetupAction$1.call(ContextClassLoaderSetupAction.java:43)
	at org.wildfly.extension.undertow@8.1.1.GA-redhat-00012//org.wildfly.extension.undertow.deployment.UndertowDeploymentInfoService$UndertowThreadSetupAction.lambda$create$0(UndertowDeploymentInfoService.java:1421)
	at org.wildfly.extension.undertow@8.1.1.GA-redhat-00012//org.wildfly.extension.undertow.deployment.UndertowDeploymentInfoService$UndertowThreadSetupAction.lambda$create$0(UndertowDeploymentInfoService.java:1421)
	at org.wildfly.extension.undertow@8.1.1.GA-redhat-00012//org.wildfly.extension.undertow.deployment.UndertowDeploymentInfoService$UndertowThreadSetupAction.lambda$create$0(UndertowDeploymentInfoService.java:1421)
	at org.wildfly.extension.undertow@8.1.1.GA-redhat-00012//org.wildfly.extension.undertow.deployment.UndertowDeploymentInfoService$UndertowThreadSetupAction.lambda$create$0(UndertowDeploymentInfoService.java:1421)
	at io.undertow.servlet@2.3.23.SP3-redhat-00001//io.undertow.servlet.handlers.ServletInitialHandler.dispatchRequest(ServletInitialHandler.java:251)
	at io.undertow.servlet@2.3.23.SP3-redhat-00001//io.undertow.servlet.handlers.ServletInitialHandler.lambda$new$1(ServletInitialHandler.java:99)
	at io.undertow.core@2.3.23.SP3-redhat-00001//io.undertow.server.Connectors.executeRootHandler(Connectors.java:418)
	at io.undertow.core@2.3.23.SP3-redhat-00001//io.undertow.server.HttpServerExchange$1.run(HttpServerExchange.java:938)
	at org.jboss.threads@2.5.0.redhat-00001//org.jboss.threads.ContextClassLoaderSavingRunnable.run(ContextClassLoaderSavingRunnable.java:35)
	at org.jboss.threads@2.5.0.redhat-00001//org.jboss.threads.EnhancedQueueExecutor.safeRun(EnhancedQueueExecutor.java:2024)
	at org.jboss.threads@2.5.0.redhat-00001//org.jboss.threads.EnhancedQueueExecutor$ThreadBody.doRunTask(EnhancedQueueExecutor.java:1520)
	at org.jboss.threads@2.5.0.redhat-00001//org.jboss.threads.EnhancedQueueExecutor$ThreadBody.run(EnhancedQueueExecutor.java:1411)
	at org.jboss.xnio@3.8.16.Final-redhat-00001//org.xnio.XnioWorker$WorkerThreadFactory$1$1.run(XnioWorker.java:1282)
	at java.base/java.lang.Thread.run(Thread.java:1583)

[0m[32m14:37:22,919 DEBUG [org.wildfly.clustering.marshalling.ByteBufferMarshalledValue] (default task-2) Marshalled size of java.util.concurrent.ConcurrentHashMap object = 1884 bytes
[0m[32m14:37:24,919 DEBUG [io.undertow.request] (default I/O-15) Matched default handler path /index.xhtml
[0m[32m14:37:24,920 FINE  [jakarta.enterprise.resource.webcontainer.faces.lifecycle] (default task-2) execute(com.sun.faces.context.FacesContextImpl@250449bb)
[0m[32m14:37:24,920 FINE  [jakarta.enterprise.resource.webcontainer.faces.lifecycle] (default task-2) Entering RestoreViewPhase
[0m[32m14:37:24,920 FINE  [jakarta.enterprise.resource.webcontainer.faces.application] (default task-2) Created component with component type of 'jakarta.faces.ViewRoot'
[0m[32m14:37:24,921 FINE  [jakarta.enterprise.resource.webcontainer.faces.application] (default task-2) Created component with component type of 'jakarta.faces.ViewRoot'
[0m[32m14:37:24,921 FINE  [jakarta.enterprise.resource.webcontainer.faces.application] (default task-2) Created component with component type of 'jakarta.faces.ViewRoot'
[0m[32m14:37:24,921 FINE  [jakarta.enterprise.resource.webcontainer.faces.lifecycle] (default task-2) New request: creating a view for /index.xhtml
[0m[32m14:37:24,921 FINE  [jakarta.enterprise.resource.webcontainer.faces.application] (default task-2) Created component with component type of 'jakarta.faces.ViewRoot'
[0m[32m14:37:24,921 FINE  [jakarta.enterprise.resource.webcontainer.faces.application] (default task-2) Created new view for /index.xhtml
[0m[32m14:37:24,921 FINE  [jakarta.enterprise.resource.webcontainer.faces.application] (default task-2) Locale for this view as determined by calculateLocale en_US
[0m[32m14:37:24,921 FINE  [jakarta.enterprise.resource.webcontainer.faces.application] (default task-2) Created component with component type of 'jakarta.faces.ViewRoot'
[0m[32m14:37:24,921 FINE  [jakarta.enterprise.resource.webcontainer.faces.application] (default task-2) RenderKitId for this view as determined by calculateRenderKitId HTML_BASIC
[0m[32m14:37:24,922 FINE  [jakarta.enterprise.resource.webcontainer.faces.lifecycle] (default task-2) Exiting RestoreViewPhase
[0m[32m14:37:24,922 FINE  [jakarta.enterprise.resource.webcontainer.faces.timing] (default task-2)  [TIMING] - [2ms] : Execution time for phase (including any PhaseListeners) -> RESTORE_VIEW 1
[0m[32m14:37:24,922 FINE  [jakarta.enterprise.resource.webcontainer.faces.lifecycle] (default task-2) render(com.sun.faces.context.FacesContextImpl@250449bb)
[0m[32m14:37:24,922 FINE  [jakarta.enterprise.resource.webcontainer.faces.lifecycle] (default task-2) Entering RenderResponsePhase
[0m[32m14:37:24,922 FINE  [jakarta.enterprise.resource.webcontainer.faces.lifecycle] (default task-2) About to render view /index.xhtml
[0m[32m14:37:24,922 FINE  [jakarta.enterprise.resource.webcontainer.faces.application] (default task-2) Building View: /index.xhtml
[0m[32m14:37:24,923 FINE  [jakarta.enterprise.resource.webcontainer.faces.application] (default task-2) Created component with component type of 'jakarta.faces.Output'
[0m[32m14:37:24,923 FINE  [jakarta.enterprise.resource.webcontainer.faces.facelets.tag.component] (default task-2) /index.xhtml @6,11 <h:head> Component[2059540600_7ac2185f] Created: jakarta.faces.component.UIOutput
[0m[32m14:37:24,923 FINE  [jakarta.enterprise.resource.webcontainer.faces.application] (default task-2) Created component with component type of 'jakarta.faces.OutputBody'
[0m[32m14:37:24,923 FINE  [jakarta.enterprise.resource.webcontainer.faces.facelets.tag.component] (default task-2) /index.xhtml @10,11 <h:body> Component[2059540600_7ac21839] Created: jakarta.faces.component.html.HtmlBody
[0m[32m14:37:24,923 FINE  [jakarta.enterprise.resource.webcontainer.faces.application] (default task-2) Created component with component type of 'jakarta.faces.HtmlPanelGroup'
[0m[32m14:37:24,923 FINE  [jakarta.enterprise.resource.webcontainer.faces.facelets.tag.component] (default task-2) /index.xhtml @13,60 <h:panelGroup> Component[2059540600_7ac21823] Created: jakarta.faces.component.html.HtmlPanelGroup
[0m[32m14:37:24,923 FINE  [jakarta.enterprise.resource.webcontainer.faces.application] (default task-2) Created component with component type of 'jakarta.faces.HtmlOutputText'
[0m[32m14:37:24,923 FINE  [jakarta.enterprise.resource.webcontainer.faces.facelets.tag.component] (default task-2) /index.xhtml @15,61 <h:outputText> Component[2059540600_7ac2180d] Created: jakarta.faces.component.html.HtmlOutputText
[0m[32m14:37:24,924 FINE  [jakarta.enterprise.resource.webcontainer.faces.application] (default task-2) Created component with component type of 'jakarta.faces.HtmlPanelGroup'
[0m[32m14:37:24,924 FINE  [jakarta.enterprise.resource.webcontainer.faces.facelets.tag.component] (default task-2) /index.xhtml @17,60 <h:panelGroup> Component[2059540600_7ac218fa] Created: jakarta.faces.component.html.HtmlPanelGroup
[0m[32m14:37:24,924 FINE  [jakarta.enterprise.resource.webcontainer.faces.application] (default task-2) Created component with component type of 'jakarta.faces.HtmlOutputText'
[0m[32m14:37:24,924 FINE  [jakarta.enterprise.resource.webcontainer.faces.facelets.tag.component] (default task-2) /index.xhtml @19,60 <h:outputText> Component[2059540600_7ac218e4] Created: jakarta.faces.component.html.HtmlOutputText
[0m[32m14:37:24,924 FINE  [jakarta.enterprise.resource.webcontainer.faces.application] (default task-2) Created component with component type of 'jakarta.faces.HtmlPanelGroup'
[0m[32m14:37:24,924 FINE  [jakarta.enterprise.resource.webcontainer.faces.facelets.tag.component] (default task-2) /index.xhtml @21,61 <h:panelGroup> Component[2059540600_7ac218d1] Created: jakarta.faces.component.html.HtmlPanelGroup
[0m[32m14:37:24,924 FINE  [jakarta.enterprise.resource.webcontainer.faces.application] (default task-2) Created component with component type of 'jakarta.faces.HtmlOutputText'
[0m[32m14:37:24,924 FINE  [jakarta.enterprise.resource.webcontainer.faces.facelets.tag.component] (default task-2) /index.xhtml @23,59 <h:outputText> Component[2059540600_7ac218bb] Created: jakarta.faces.component.html.HtmlOutputText
[0m[32m14:37:24,924 FINE  [jakarta.enterprise.resource.webcontainer.faces.application] (default task-2) Created component with component type of 'jakarta.faces.HtmlForm'
[0m[32m14:37:24,924 FINE  [jakarta.enterprise.resource.webcontainer.faces.facelets.tag.component] (default task-2) /index.xhtml @26,11 <h:form> Component[2059540600_7ac218a8] Created: jakarta.faces.component.html.HtmlForm
[0m[32m14:37:24,924 FINE  [jakarta.enterprise.resource.webcontainer.faces.application] (default task-2) Created component with component type of 'jakarta.faces.HtmlPanelGroup'
[0m[32m14:37:24,924 FINE  [jakarta.enterprise.resource.webcontainer.faces.facelets.tag.component] (default task-2) /index.xhtml @27,62 <h:panelGroup> Component[2059540600_7ac21892] Created: jakarta.faces.component.html.HtmlPanelGroup
[0m[32m14:37:24,925 FINE  [jakarta.enterprise.resource.webcontainer.faces.application] (default task-2) Created component with component type of 'jakarta.faces.HtmlCommandButton'
[0m[32m14:37:24,925 FINE  [jakarta.enterprise.resource.webcontainer.faces.facelets.tag.component] (default task-2) /index.xhtml @29,119 <h:commandButton> Component[2059540600_7ac2197c] Created: jakarta.faces.component.html.HtmlCommandButton
[0m[32m14:37:24,925 FINE  [jakarta.enterprise.resource.webcontainer.faces.application] (default task-2) Created component with component type of 'jakarta.faces.HtmlCommandButton'
[0m[32m14:37:24,925 FINE  [jakarta.enterprise.resource.webcontainer.faces.facelets.tag.component] (default task-2) /index.xhtml @30,112 <h:commandButton> Component[2059540600_7ac21969] Created: jakarta.faces.component.html.HtmlCommandButton
[0m[32m14:37:24,925 FINE  [jakarta.enterprise.resource.webcontainer.faces.application] (default task-2) Created component with component type of 'jakarta.faces.HtmlPanelGroup'
[0m[32m14:37:24,925 FINE  [jakarta.enterprise.resource.webcontainer.faces.facelets.tag.component] (default task-2) /index.xhtml @33,34 <h:panelGroup> Component[2059540600_7ac21966] Created: jakarta.faces.component.html.HtmlPanelGroup
[0m[32m14:37:24,925 FINE  [jakarta.enterprise.resource.webcontainer.faces.application] (default task-2) Created component with component type of 'jakarta.faces.HtmlCommandButton'
[0m[32m14:37:24,925 FINE  [jakarta.enterprise.resource.webcontainer.faces.facelets.tag.component] (default task-2) /index.xhtml @35,124 <h:commandButton> Component[2059540600_7ac21940] Created: jakarta.faces.component.html.HtmlCommandButton
[0m[32m14:37:24,925 FINE  [jakarta.enterprise.resource.webcontainer.faces.application] (default task-2) Created component with component type of 'jakarta.faces.HtmlCommandButton'
[0m[32m14:37:24,925 FINE  [jakarta.enterprise.resource.webcontainer.faces.facelets.tag.component] (default task-2) /index.xhtml @36,117 <h:commandButton> Component[2059540600_7ac2193d] Created: jakarta.faces.component.html.HtmlCommandButton
[0m[32m14:37:24,925 FINE  [jakarta.enterprise.resource.webcontainer.faces.application] (default task-2) Rendering View: /index.xhtml
[0m[32m14:37:24,927 DEBUG [org.wildfly.clustering.marshalling.ByteBufferMarshalledValue] (default task-2) Marshalled size of java.util.concurrent.ConcurrentHashMap object = 588 bytes
[0m[32m14:37:24,975 FINE  [jakarta.enterprise.resource.webcontainer.faces.renderkit] (default task-2) component.getValue() returned Dt3PrwA-x-2VVG8Hmw2t6SD21mIOmbMzuRXDidgf
[0m[32m14:37:24,975 FINE  [jakarta.enterprise.resource.webcontainer.faces.renderkit] (default task-2) Value to be rendered Dt3PrwA-x-2VVG8Hmw2t6SD21mIOmbMzuRXDidgf
[0m[32m14:37:24,976 FINE  [jakarta.enterprise.resource.webcontainer.faces.renderkit] (default task-2) component.getValue() returned 80af7a46f92a
[0m[32m14:37:24,976 FINE  [jakarta.enterprise.resource.webcontainer.faces.renderkit] (default task-2) Value to be rendered 80af7a46f92a
[0m[32m14:37:24,976 FINE  [jakarta.enterprise.resource.webcontainer.faces.renderkit] (default task-2) component.getValue() returned 0
[0m[32m14:37:24,977 FINE  [jakarta.enterprise.resource.webcontainer.faces.application] (default task-2) Created converter of type 'jakarta.faces.convert.IntegerConverter'
[0m[32m14:37:24,977 FINE  [jakarta.enterprise.resource.webcontainer.faces.renderkit] (default task-2) Value to be rendered 0
[0m[32m14:37:24,978 FINE  [jakarta.enterprise.resource.webcontainer.faces.application] (default task-2) Begin writing marker for viewId /index.xhtml
[0m[32m14:37:24,979 FINE  [jakarta.enterprise.resource.webcontainer.faces.application] (default task-2) End writing marker for viewId /index.xhtml
[0m[32m14:37:24,979 FINE  [jakarta.faces.component] (default task-2) j_id1
[0m[32m14:37:24,979 FINE  [jakarta.enterprise.resource.webcontainer.faces.lifecycle] (default task-2) Exiting RenderResponsePhase
[0m[32m14:37:24,980 FINE  [jakarta.enterprise.resource.webcontainer.faces.timing] (default task-2)  [TIMING] - [58ms] : Execution time for phase (including any PhaseListeners) -> RENDER_RESPONSE 6
[0m[32m14:37:24,982 DEBUG [io.undertow.request.io] (default task-2) UT005013: An IOException occurred: java.net.SocketException: Connection reset
	at java.base/sun.nio.ch.SocketChannelImpl.throwConnectionReset(SocketChannelImpl.java:401)
	at java.base/sun.nio.ch.SocketChannelImpl.read(SocketChannelImpl.java:434)
	at org.jboss.xnio.nio@3.8.16.Final-redhat-00001//org.xnio.nio.NioSocketConduit.read(NioSocketConduit.java:289)
	at org.jboss.xnio@3.8.16.Final-redhat-00001//org.xnio.conduits.AbstractStreamSourceConduit.read(AbstractStreamSourceConduit.java:51)
	at io.undertow.core@2.3.23.SP3-redhat-00001//io.undertow.conduits.ReadTimeoutStreamSourceConduit.read(ReadTimeoutStreamSourceConduit.java:181)
	at org.jboss.xnio@3.8.16.Final-redhat-00001//org.xnio.conduits.AbstractStreamSourceConduit.read(AbstractStreamSourceConduit.java:51)
	at io.undertow.core@2.3.23.SP3-redhat-00001//io.undertow.conduits.BytesReceivedStreamSourceConduit.read(BytesReceivedStreamSourceConduit.java:67)
	at org.jboss.xnio@3.8.16.Final-redhat-00001//org.xnio.conduits.ConduitStreamSourceChannel.read(ConduitStreamSourceChannel.java:127)
	at io.undertow.core@2.3.23.SP3-redhat-00001//io.undertow.util.ConnectionUtils.doDrain(ConnectionUtils.java:96)
	at io.undertow.core@2.3.23.SP3-redhat-00001//io.undertow.util.ConnectionUtils.cleanClose(ConnectionUtils.java:74)
	at io.undertow.core@2.3.23.SP3-redhat-00001//io.undertow.server.protocol.http.HttpReadListener.exchangeComplete(HttpReadListener.java:374)
	at io.undertow.core@2.3.23.SP3-redhat-00001//io.undertow.server.protocol.http.HttpServerConnection.exchangeComplete(HttpServerConnection.java:244)
	at io.undertow.core@2.3.23.SP3-redhat-00001//io.undertow.server.HttpServerExchange$ExchangeCompleteNextListener.proceed(HttpServerExchange.java:2062)
	at io.undertow.core@2.3.23.SP3-redhat-00001//io.undertow.server.ConnectorStatisticsImpl$1.exchangeEvent(ConnectorStatisticsImpl.java:75)
	at io.undertow.core@2.3.23.SP3-redhat-00001//io.undertow.server.HttpServerExchange$ExchangeCompleteNextListener.proceed(HttpServerExchange.java:2060)
	at io.undertow.core@2.3.23.SP3-redhat-00001//io.undertow.server.handlers.MetricsHandler$2.exchangeEvent(MetricsHandler.java:60)
	at io.undertow.core@2.3.23.SP3-redhat-00001//io.undertow.server.HttpServerExchange.invokeExchangeCompleteListeners(HttpServerExchange.java:1436)
	at io.undertow.core@2.3.23.SP3-redhat-00001//io.undertow.server.HttpServerExchange.terminateResponse(HttpServerExchange.java:1723)
	at io.undertow.core@2.3.23.SP3-redhat-00001//io.undertow.server.Connectors.terminateResponse(Connectors.java:198)
	at io.undertow.core@2.3.23.SP3-redhat-00001//io.undertow.server.protocol.http.ServerFixedLengthStreamSinkConduit.channelFinished(ServerFixedLengthStreamSinkConduit.java:58)
	at io.undertow.core@2.3.23.SP3-redhat-00001//io.undertow.conduits.AbstractFixedLengthStreamSinkConduit.exitFlush(AbstractFixedLengthStreamSinkConduit.java:316)
	at io.undertow.core@2.3.23.SP3-redhat-00001//io.undertow.conduits.AbstractFixedLengthStreamSinkConduit.flush(AbstractFixedLengthStreamSinkConduit.java:234)
	at org.jboss.xnio@3.8.16.Final-redhat-00001//org.xnio.conduits.ConduitStreamSinkChannel.flush(ConduitStreamSinkChannel.java:162)
	at io.undertow.core@2.3.23.SP3-redhat-00001//io.undertow.channels.DetachableStreamSinkChannel.flush(DetachableStreamSinkChannel.java:119)
	at org.jboss.xnio@3.8.16.Final-redhat-00001//org.xnio.channels.Channels.flushBlocking(Channels.java:63)
	at io.undertow.servlet@2.3.23.SP3-redhat-00001//io.undertow.servlet.spec.ServletOutputStreamImpl.close(ServletOutputStreamImpl.java:654)
	at io.undertow.servlet@2.3.23.SP3-redhat-00001//io.undertow.servlet.spec.ServletPrintWriter.close(ServletPrintWriter.java:130)
	at io.undertow.servlet@2.3.23.SP3-redhat-00001//io.undertow.servlet.spec.ServletPrintWriterDelegate.close(ServletPrintWriterDelegate.java:79)
	at io.undertow.servlet@2.3.23.SP3-redhat-00001//io.undertow.servlet.spec.HttpServletResponseImpl.closeStreamAndWriter(HttpServletResponseImpl.java:505)
	at io.undertow.servlet@2.3.23.SP3-redhat-00001//io.undertow.servlet.spec.HttpServletResponseImpl.responseDone(HttpServletResponseImpl.java:606)
	at io.undertow.servlet@2.3.23.SP3-redhat-00001//io.undertow.servlet.handlers.ServletInitialHandler.handleFirstRequest(ServletInitialHandler.java:330)
	at io.undertow.servlet@2.3.23.SP3-redhat-00001//io.undertow.servlet.handlers.ServletInitialHandler$1.call(ServletInitialHandler.java:130)
	at io.undertow.servlet@2.3.23.SP3-redhat-00001//io.undertow.servlet.handlers.ServletInitialHandler$1.call(ServletInitialHandler.java:127)
	at io.undertow.servlet@2.3.23.SP3-redhat-00001//io.undertow.servlet.core.ServletRequestContextThreadSetupAction$1.call(ServletRequestContextThreadSetupAction.java:48)
	at io.undertow.servlet@2.3.23.SP3-redhat-00001//io.undertow.servlet.core.ContextClassLoaderSetupAction$1.call(ContextClassLoaderSetupAction.java:43)
	at org.wildfly.extension.undertow@8.1.1.GA-redhat-00012//org.wildfly.extension.undertow.deployment.UndertowDeploymentInfoService$UndertowThreadSetupAction.lambda$create$0(UndertowDeploymentInfoService.java:1421)
	at org.wildfly.extension.undertow@8.1.1.GA-redhat-00012//org.wildfly.extension.undertow.deployment.UndertowDeploymentInfoService$UndertowThreadSetupAction.lambda$create$0(UndertowDeploymentInfoService.java:1421)
	at org.wildfly.extension.undertow@8.1.1.GA-redhat-00012//org.wildfly.extension.undertow.deployment.UndertowDeploymentInfoService$UndertowThreadSetupAction.lambda$create$0(UndertowDeploymentInfoService.java:1421)
	at org.wildfly.extension.undertow@8.1.1.GA-redhat-00012//org.wildfly.extension.undertow.deployment.UndertowDeploymentInfoService$UndertowThreadSetupAction.lambda$create$0(UndertowDeploymentInfoService.java:1421)
	at io.undertow.servlet@2.3.23.SP3-redhat-00001//io.undertow.servlet.handlers.ServletInitialHandler.dispatchRequest(ServletInitialHandler.java:251)
	at io.undertow.servlet@2.3.23.SP3-redhat-00001//io.undertow.servlet.handlers.ServletInitialHandler.lambda$new$1(ServletInitialHandler.java:99)
	at io.undertow.core@2.3.23.SP3-redhat-00001//io.undertow.server.Connectors.executeRootHandler(Connectors.java:418)
	at io.undertow.core@2.3.23.SP3-redhat-00001//io.undertow.server.HttpServerExchange$1.run(HttpServerExchange.java:938)
	at org.jboss.threads@2.5.0.redhat-00001//org.jboss.threads.ContextClassLoaderSavingRunnable.run(ContextClassLoaderSavingRunnable.java:35)
	at org.jboss.threads@2.5.0.redhat-00001//org.jboss.threads.EnhancedQueueExecutor.safeRun(EnhancedQueueExecutor.java:2024)
	at org.jboss.threads@2.5.0.redhat-00001//org.jboss.threads.EnhancedQueueExecutor$ThreadBody.doRunTask(EnhancedQueueExecutor.java:1520)
	at org.jboss.threads@2.5.0.redhat-00001//org.jboss.threads.EnhancedQueueExecutor$ThreadBody.run(EnhancedQueueExecutor.java:1411)
	at org.jboss.xnio@3.8.16.Final-redhat-00001//org.xnio.XnioWorker$WorkerThreadFactory$1$1.run(XnioWorker.java:1282)
	at java.base/java.lang.Thread.run(Thread.java:1583)

[0m[32m14:37:24,985 DEBUG [org.wildfly.clustering.marshalling.ByteBufferMarshalledValue] (default task-2) Marshalled size of java.util.concurrent.ConcurrentHashMap object = 1884 bytes
[0m[32m14:37:26,985 DEBUG [io.undertow.request] (default I/O-13) Matched default handler path /index.xhtml
[0m[32m14:37:26,987 FINE  [jakarta.enterprise.resource.webcontainer.faces.lifecycle] (default task-2) execute(com.sun.faces.context.FacesContextImpl@4c96d3e)
[0m[32m14:37:26,987 FINE  [jakarta.enterprise.resource.webcontainer.faces.lifecycle] (default task-2) Entering RestoreViewPhase
[0m[32m14:37:26,987 FINE  [jakarta.enterprise.resource.webcontainer.faces.application] (default task-2) Created component with component type of 'jakarta.faces.ViewRoot'
[0m[32m14:37:26,987 FINE  [jakarta.enterprise.resource.webcontainer.faces.application] (default task-2) Created component with component type of 'jakarta.faces.ViewRoot'
[0m[32m14:37:26,988 FINE  [jakarta.enterprise.resource.webcontainer.faces.application] (default task-2) Created component with component type of 'jakarta.faces.ViewRoot'
[0m[32m14:37:26,988 FINE  [jakarta.enterprise.resource.webcontainer.faces.lifecycle] (default task-2) New request: creating a view for /index.xhtml
[0m[32m14:37:26,988 FINE  [jakarta.enterprise.resource.webcontainer.faces.application] (default task-2) Created component with component type of 'jakarta.faces.ViewRoot'
[0m[32m14:37:26,988 FINE  [jakarta.enterprise.resource.webcontainer.faces.application] (default task-2) Created new view for /index.xhtml
[0m[32m14:37:26,988 FINE  [jakarta.enterprise.resource.webcontainer.faces.application] (default task-2) Locale for this view as determined by calculateLocale en_US
[0m[32m14:37:26,988 FINE  [jakarta.enterprise.resource.webcontainer.faces.application] (default task-2) Created component with component type of 'jakarta.faces.ViewRoot'
[0m[32m14:37:26,988 FINE  [jakarta.enterprise.resource.webcontainer.faces.application] (default task-2) RenderKitId for this view as determined by calculateRenderKitId HTML_BASIC
[0m[32m14:37:26,990 FINE  [jakarta.enterprise.resource.webcontainer.faces.lifecycle] (default task-2) Exiting RestoreViewPhase
[0m[32m14:37:26,990 FINE  [jakarta.enterprise.resource.webcontainer.faces.timing] (default task-2)  [TIMING] - [3ms] : Execution time for phase (including any PhaseListeners) -> RESTORE_VIEW 1
[0m[32m14:37:26,990 FINE  [jakarta.enterprise.resource.webcontainer.faces.lifecycle] (default task-2) render(com.sun.faces.context.FacesContextImpl@4c96d3e)
[0m[32m14:37:26,990 FINE  [jakarta.enterprise.resource.webcontainer.faces.lifecycle] (default task-2) Entering RenderResponsePhase
[0m[32m14:37:26,990 FINE  [jakarta.enterprise.resource.webcontainer.faces.lifecycle] (default task-2) About to render view /index.xhtml
[0m[32m14:37:26,990 FINE  [jakarta.enterprise.resource.webcontainer.faces.application] (default task-2) Building View: /index.xhtml
[0m[32m14:37:26,991 FINE  [jakarta.enterprise.resource.webcontainer.faces.application] (default task-2) Created component with component type of 'jakarta.faces.Output'
[0m[32m14:37:26,991 FINE  [jakarta.enterprise.resource.webcontainer.faces.facelets.tag.component] (default task-2) /index.xhtml @6,11 <h:head> Component[2059540600_7ac2185f] Created: jakarta.faces.component.UIOutput
[0m[32m14:37:26,991 FINE  [jakarta.enterprise.resource.webcontainer.faces.application] (default task-2) Created component with component type of 'jakarta.faces.OutputBody'
[0m[32m14:37:26,991 FINE  [jakarta.enterprise.resource.webcontainer.faces.facelets.tag.component] (default task-2) /index.xhtml @10,11 <h:body> Component[2059540600_7ac21839] Created: jakarta.faces.component.html.HtmlBody
[0m[32m14:37:26,991 FINE  [jakarta.enterprise.resource.webcontainer.faces.application] (default task-2) Created component with component type of 'jakarta.faces.HtmlPanelGroup'
[0m[32m14:37:26,991 FINE  [jakarta.enterprise.resource.webcontainer.faces.facelets.tag.component] (default task-2) /index.xhtml @13,60 <h:panelGroup> Component[2059540600_7ac21823] Created: jakarta.faces.component.html.HtmlPanelGroup
[0m[32m14:37:26,992 FINE  [jakarta.enterprise.resource.webcontainer.faces.application] (default task-2) Created component with component type of 'jakarta.faces.HtmlOutputText'
[0m[32m14:37:26,992 FINE  [jakarta.enterprise.resource.webcontainer.faces.facelets.tag.component] (default task-2) /index.xhtml @15,61 <h:outputText> Component[2059540600_7ac2180d] Created: jakarta.faces.component.html.HtmlOutputText
[0m[32m14:37:26,992 FINE  [jakarta.enterprise.resource.webcontainer.faces.application] (default task-2) Created component with component type of 'jakarta.faces.HtmlPanelGroup'
[0m[32m14:37:26,992 FINE  [jakarta.enterprise.resource.webcontainer.faces.facelets.tag.component] (default task-2) /index.xhtml @17,60 <h:panelGroup> Component[2059540600_7ac218fa] Created: jakarta.faces.component.html.HtmlPanelGroup
[0m[32m14:37:26,992 FINE  [jakarta.enterprise.resource.webcontainer.faces.application] (default task-2) Created component with component type of 'jakarta.faces.HtmlOutputText'
[0m[32m14:37:26,992 FINE  [jakarta.enterprise.resource.webcontainer.faces.facelets.tag.component] (default task-2) /index.xhtml @19,60 <h:outputText> Component[2059540600_7ac218e4] Created: jakarta.faces.component.html.HtmlOutputText
[0m[32m14:37:26,992 FINE  [jakarta.enterprise.resource.webcontainer.faces.application] (default task-2) Created component with component type of 'jakarta.faces.HtmlPanelGroup'
[0m[32m14:37:26,992 FINE  [jakarta.enterprise.resource.webcontainer.faces.facelets.tag.component] (default task-2) /index.xhtml @21,61 <h:panelGroup> Component[2059540600_7ac218d1] Created: jakarta.faces.component.html.HtmlPanelGroup
[0m[32m14:37:26,992 FINE  [jakarta.enterprise.resource.webcontainer.faces.application] (default task-2) Created component with component type of 'jakarta.faces.HtmlOutputText'
[0m[32m14:37:26,992 FINE  [jakarta.enterprise.resource.webcontainer.faces.facelets.tag.component] (default task-2) /index.xhtml @23,59 <h:outputText> Component[2059540600_7ac218bb] Created: jakarta.faces.component.html.HtmlOutputText
[0m[32m14:37:26,993 FINE  [jakarta.enterprise.resource.webcontainer.faces.application] (default task-2) Created component with component type of 'jakarta.faces.HtmlForm'
[0m[32m14:37:26,993 FINE  [jakarta.enterprise.resource.webcontainer.faces.facelets.tag.component] (default task-2) /index.xhtml @26,11 <h:form> Component[2059540600_7ac218a8] Created: jakarta.faces.component.html.HtmlForm
[0m[32m14:37:26,993 FINE  [jakarta.enterprise.resource.webcontainer.faces.application] (default task-2) Created component with component type of 'jakarta.faces.HtmlPanelGroup'
[0m[32m14:37:26,993 FINE  [jakarta.enterprise.resource.webcontainer.faces.facelets.tag.component] (default task-2) /index.xhtml @27,62 <h:panelGroup> Component[2059540600_7ac21892] Created: jakarta.faces.component.html.HtmlPanelGroup
[0m[32m14:37:26,993 FINE  [jakarta.enterprise.resource.webcontainer.faces.application] (default task-2) Created component with component type of 'jakarta.faces.HtmlCommandButton'
[0m[32m14:37:26,993 FINE  [jakarta.enterprise.resource.webcontainer.faces.facelets.tag.component] (default task-2) /index.xhtml @29,119 <h:commandButton> Component[2059540600_7ac2197c] Created: jakarta.faces.component.html.HtmlCommandButton
[0m[32m14:37:26,993 FINE  [jakarta.enterprise.resource.webcontainer.faces.application] (default task-2) Created component with component type of 'jakarta.faces.HtmlCommandButton'
[0m[32m14:37:26,994 FINE  [jakarta.enterprise.resource.webcontainer.faces.facelets.tag.component] (default task-2) /index.xhtml @30,112 <h:commandButton> Component[2059540600_7ac21969] Created: jakarta.faces.component.html.HtmlCommandButton
[0m[32m14:37:26,994 FINE  [jakarta.enterprise.resource.webcontainer.faces.application] (default task-2) Created component with component type of 'jakarta.faces.HtmlPanelGroup'
[0m[32m14:37:26,994 FINE  [jakarta.enterprise.resource.webcontainer.faces.facelets.tag.component] (default task-2) /index.xhtml @33,34 <h:panelGroup> Component[2059540600_7ac21966] Created: jakarta.faces.component.html.HtmlPanelGroup
[0m[32m14:37:26,994 FINE  [jakarta.enterprise.resource.webcontainer.faces.application] (default task-2) Created component with component type of 'jakarta.faces.HtmlCommandButton'
[0m[32m14:37:26,994 FINE  [jakarta.enterprise.resource.webcontainer.faces.facelets.tag.component] (default task-2) /index.xhtml @35,124 <h:commandButton> Component[2059540600_7ac21940] Created: jakarta.faces.component.html.HtmlCommandButton
[0m[32m14:37:26,994 FINE  [jakarta.enterprise.resource.webcontainer.faces.application] (default task-2) Created component with component type of 'jakarta.faces.HtmlCommandButton'
[0m[32m14:37:26,994 FINE  [jakarta.enterprise.resource.webcontainer.faces.facelets.tag.component] (default task-2) /index.xhtml @36,117 <h:commandButton> Component[2059540600_7ac2193d] Created: jakarta.faces.component.html.HtmlCommandButton
[0m[32m14:37:26,994 FINE  [jakarta.enterprise.resource.webcontainer.faces.application] (default task-2) Rendering View: /index.xhtml
[0m[32m14:37:27,002 DEBUG [org.wildfly.clustering.marshalling.ByteBufferMarshalledValue] (default task-2) Marshalled size of java.util.concurrent.ConcurrentHashMap object = 588 bytes
[0m[32m14:37:27,033 FINE  [jakarta.enterprise.resource.webcontainer.faces.renderkit] (default task-2) component.getValue() returned RLpXr2pJrQvVFTO_FRUGMq-Xuh4cdFTIrKzVQLvG
[0m[32m14:37:27,034 FINE  [jakarta.enterprise.resource.webcontainer.faces.renderkit] (default task-2) Value to be rendered RLpXr2pJrQvVFTO_FRUGMq-Xuh4cdFTIrKzVQLvG
[0m[32m14:37:27,034 FINE  [jakarta.enterprise.resource.webcontainer.faces.renderkit] (default task-2) component.getValue() returned 80af7a46f92a
[0m[32m14:37:27,034 FINE  [jakarta.enterprise.resource.webcontainer.faces.renderkit] (default task-2) Value to be rendered 80af7a46f92a
[0m[32m14:37:27,034 FINE  [jakarta.enterprise.resource.webcontainer.faces.renderkit] (default task-2) component.getValue() returned 0
[0m[32m14:37:27,035 FINE  [jakarta.enterprise.resource.webcontainer.faces.application] (default task-2) Created converter of type 'jakarta.faces.convert.IntegerConverter'
[0m[32m14:37:27,035 FINE  [jakarta.enterprise.resource.webcontainer.faces.renderkit] (default task-2) Value to be rendered 0
[0m[32m14:37:27,036 FINE  [jakarta.enterprise.resource.webcontainer.faces.application] (default task-2) Begin writing marker for viewId /index.xhtml
[0m[32m14:37:27,036 FINE  [jakarta.enterprise.resource.webcontainer.faces.application] (default task-2) End writing marker for viewId /index.xhtml
[0m[32m14:37:27,037 FINE  [jakarta.faces.component] (default task-2) j_id1
[0m[32m14:37:27,037 FINE  [jakarta.enterprise.resource.webcontainer.faces.lifecycle] (default task-2) Exiting RenderResponsePhase
[0m[32m14:37:27,037 FINE  [jakarta.enterprise.resource.webcontainer.faces.timing] (default task-2)  [TIMING] - [47ms] : Execution time for phase (including any PhaseListeners) -> RENDER_RESPONSE 6
[0m[32m14:37:27,038 DEBUG [io.undertow.request.io] (default I/O-13) UT005013: An IOException occurred: java.net.SocketException: Connection reset
	at java.base/sun.nio.ch.SocketChannelImpl.throwConnectionReset(SocketChannelImpl.java:401)
	at java.base/sun.nio.ch.SocketChannelImpl.read(SocketChannelImpl.java:434)
	at org.jboss.xnio.nio@3.8.16.Final-redhat-00001//org.xnio.nio.NioSocketConduit.read(NioSocketConduit.java:289)
	at org.jboss.xnio@3.8.16.Final-redhat-00001//org.xnio.conduits.AbstractStreamSourceConduit.read(AbstractStreamSourceConduit.java:51)
	at io.undertow.core@2.3.23.SP3-redhat-00001//io.undertow.conduits.ReadTimeoutStreamSourceConduit.read(ReadTimeoutStreamSourceConduit.java:181)
	at org.jboss.xnio@3.8.16.Final-redhat-00001//org.xnio.conduits.AbstractStreamSourceConduit.read(AbstractStreamSourceConduit.java:51)
	at io.undertow.core@2.3.23.SP3-redhat-00001//io.undertow.conduits.BytesReceivedStreamSourceConduit.read(BytesReceivedStreamSourceConduit.java:67)
	at org.jboss.xnio@3.8.16.Final-redhat-00001//org.xnio.conduits.ConduitStreamSourceChannel.read(ConduitStreamSourceChannel.java:127)
	at io.undertow.core@2.3.23.SP3-redhat-00001//io.undertow.util.ConnectionUtils$4.handleEvent(ConnectionUtils.java:110)
	at io.undertow.core@2.3.23.SP3-redhat-00001//io.undertow.util.ConnectionUtils$4.handleEvent(ConnectionUtils.java:106)
	at org.jboss.xnio@3.8.16.Final-redhat-00001//org.xnio.ChannelListeners.invokeChannelListener(ChannelListeners.java:92)
	at org.jboss.xnio@3.8.16.Final-redhat-00001//org.xnio.conduits.ReadReadyHandler$ChannelListenerHandler.readReady(ReadReadyHandler.java:66)
	at io.undertow.core@2.3.23.SP3-redhat-00001//io.undertow.conduits.ReadTimeoutStreamSourceConduit$2.readReady(ReadTimeoutStreamSourceConduit.java:106)
	at org.jboss.xnio.nio@3.8.16.Final-redhat-00001//org.xnio.nio.NioSocketConduit.handleReady(NioSocketConduit.java:89)
	at org.jboss.xnio.nio@3.8.16.Final-redhat-00001//org.xnio.nio.WorkerThread.run(WorkerThread.java:603)

[0m[32m14:37:27,039 DEBUG [org.wildfly.clustering.marshalling.ByteBufferMarshalledValue] (default task-2) Marshalled size of java.util.concurrent.ConcurrentHashMap object = 1884 bytes
[0m[32m14:37:29,041 DEBUG [io.undertow.request] (default I/O-9) Matched default handler path /index.xhtml
[0m[32m14:37:29,043 FINE  [jakarta.enterprise.resource.webcontainer.faces.lifecycle] (default task-2) execute(com.sun.faces.context.FacesContextImpl@333d620d)
[0m[32m14:37:29,043 FINE  [jakarta.enterprise.resource.webcontainer.faces.lifecycle] (default task-2) Entering RestoreViewPhase
[0m[32m14:37:29,044 FINE  [jakarta.enterprise.resource.webcontainer.faces.application] (default task-2) Created component with component type of 'jakarta.faces.ViewRoot'
[0m[32m14:37:29,044 FINE  [jakarta.enterprise.resource.webcontainer.faces.application] (default task-2) Created component with component type of 'jakarta.faces.ViewRoot'
[0m[32m14:37:29,044 FINE  [jakarta.enterprise.resource.webcontainer.faces.application] (default task-2) Created component with component type of 'jakarta.faces.ViewRoot'
[0m[32m14:37:29,044 FINE  [jakarta.enterprise.resource.webcontainer.faces.lifecycle] (default task-2) New request: creating a view for /index.xhtml
[0m[32m14:37:29,044 FINE  [jakarta.enterprise.resource.webcontainer.faces.application] (default task-2) Created component with component type of 'jakarta.faces.ViewRoot'
[0m[32m14:37:29,045 FINE  [jakarta.enterprise.resource.webcontainer.faces.application] (default task-2) Created new view for /index.xhtml
[0m[32m14:37:29,045 FINE  [jakarta.enterprise.resource.webcontainer.faces.application] (default task-2) Locale for this view as determined by calculateLocale en_US
[0m[32m14:37:29,045 FINE  [jakarta.enterprise.resource.webcontainer.faces.application] (default task-2) Created component with component type of 'jakarta.faces.ViewRoot'
[0m[32m14:37:29,045 FINE  [jakarta.enterprise.resource.webcontainer.faces.application] (default task-2) RenderKitId for this view as determined by calculateRenderKitId HTML_BASIC
[0m[32m14:37:29,046 FINE  [jakarta.enterprise.resource.webcontainer.faces.lifecycle] (default task-2) Exiting RestoreViewPhase
[0m[32m14:37:29,046 FINE  [jakarta.enterprise.resource.webcontainer.faces.timing] (default task-2)  [TIMING] - [3ms] : Execution time for phase (including any PhaseListeners) -> RESTORE_VIEW 1
[0m[32m14:37:29,046 FINE  [jakarta.enterprise.resource.webcontainer.faces.lifecycle] (default task-2) render(com.sun.faces.context.FacesContextImpl@333d620d)
[0m[32m14:37:29,047 FINE  [jakarta.enterprise.resource.webcontainer.faces.lifecycle] (default task-2) Entering RenderResponsePhase
[0m[32m14:37:29,047 FINE  [jakarta.enterprise.resource.webcontainer.faces.lifecycle] (default task-2) About to render view /index.xhtml
[0m[32m14:37:29,047 FINE  [jakarta.enterprise.resource.webcontainer.faces.application] (default task-2) Building View: /index.xhtml
[0m[32m14:37:29,047 FINE  [jakarta.enterprise.resource.webcontainer.faces.application] (default task-2) Created component with component type of 'jakarta.faces.Output'
[0m[32m14:37:29,048 FINE  [jakarta.enterprise.resource.webcontainer.faces.facelets.tag.component] (default task-2) /index.xhtml @6,11 <h:head> Component[2059540600_7ac2185f] Created: jakarta.faces.component.UIOutput
[0m[32m14:37:29,048 FINE  [jakarta.enterprise.resource.webcontainer.faces.application] (default task-2) Created component with component type of 'jakarta.faces.OutputBody'
[0m[32m14:37:29,048 FINE  [jakarta.enterprise.resource.webcontainer.faces.facelets.tag.component] (default task-2) /index.xhtml @10,11 <h:body> Component[2059540600_7ac21839] Created: jakarta.faces.component.html.HtmlBody
[0m[32m14:37:29,048 FINE  [jakarta.enterprise.resource.webcontainer.faces.application] (default task-2) Created component with component type of 'jakarta.faces.HtmlPanelGroup'
[0m[32m14:37:29,048 FINE  [jakarta.enterprise.resource.webcontainer.faces.facelets.tag.component] (default task-2) /index.xhtml @13,60 <h:panelGroup> Component[2059540600_7ac21823] Created: jakarta.faces.component.html.HtmlPanelGroup
[0m[32m14:37:29,049 FINE  [jakarta.enterprise.resource.webcontainer.faces.application] (default task-2) Created component with component type of 'jakarta.faces.HtmlOutputText'
[0m[32m14:37:29,049 FINE  [jakarta.enterprise.resource.webcontainer.faces.facelets.tag.component] (default task-2) /index.xhtml @15,61 <h:outputText> Component[2059540600_7ac2180d] Created: jakarta.faces.component.html.HtmlOutputText
[0m[32m14:37:29,049 FINE  [jakarta.enterprise.resource.webcontainer.faces.application] (default task-2) Created component with component type of 'jakarta.faces.HtmlPanelGroup'
[0m[32m14:37:29,049 FINE  [jakarta.enterprise.resource.webcontainer.faces.facelets.tag.component] (default task-2) /index.xhtml @17,60 <h:panelGroup> Component[2059540600_7ac218fa] Created: jakarta.faces.component.html.HtmlPanelGroup
[0m[32m14:37:29,049 FINE  [jakarta.enterprise.resource.webcontainer.faces.application] (default task-2) Created component with component type of 'jakarta.faces.HtmlOutputText'
[0m[32m14:37:29,049 FINE  [jakarta.enterprise.resource.webcontainer.faces.facelets.tag.component] (default task-2) /index.xhtml @19,60 <h:outputText> Component[2059540600_7ac218e4] Created: jakarta.faces.component.html.HtmlOutputText
[0m[32m14:37:29,050 FINE  [jakarta.enterprise.resource.webcontainer.faces.application] (default task-2) Created component with component type of 'jakarta.faces.HtmlPanelGroup'
[0m[32m14:37:29,050 FINE  [jakarta.enterprise.resource.webcontainer.faces.facelets.tag.component] (default task-2) /index.xhtml @21,61 <h:panelGroup> Component[2059540600_7ac218d1] Created: jakarta.faces.component.html.HtmlPanelGroup
[0m[32m14:37:29,050 FINE  [jakarta.enterprise.resource.webcontainer.faces.application] (default task-2) Created component with component type of 'jakarta.faces.HtmlOutputText'
[0m[32m14:37:29,050 FINE  [jakarta.enterprise.resource.webcontainer.faces.facelets.tag.component] (default task-2) /index.xhtml @23,59 <h:outputText> Component[2059540600_7ac218bb] Created: jakarta.faces.component.html.HtmlOutputText
[0m[32m14:37:29,050 FINE  [jakarta.enterprise.resource.webcontainer.faces.application] (default task-2) Created component with component type of 'jakarta.faces.HtmlForm'
[0m[32m14:37:29,050 FINE  [jakarta.enterprise.resource.webcontainer.faces.facelets.tag.component] (default task-2) /index.xhtml @26,11 <h:form> Component[2059540600_7ac218a8] Created: jakarta.faces.component.html.HtmlForm
[0m[32m14:37:29,050 FINE  [jakarta.enterprise.resource.webcontainer.faces.application] (default task-2) Created component with component type of 'jakarta.faces.HtmlPanelGroup'
[0m[32m14:37:29,051 FINE  [jakarta.enterprise.resource.webcontainer.faces.facelets.tag.component] (default task-2) /index.xhtml @27,62 <h:panelGroup> Component[2059540600_7ac21892] Created: jakarta.faces.component.html.HtmlPanelGroup
[0m[32m14:37:29,051 FINE  [jakarta.enterprise.resource.webcontainer.faces.application] (default task-2) Created component with component type of 'jakarta.faces.HtmlCommandButton'
[0m[32m14:37:29,051 FINE  [jakarta.enterprise.resource.webcontainer.faces.facelets.tag.component] (default task-2) /index.xhtml @29,119 <h:commandButton> Component[2059540600_7ac2197c] Created: jakarta.faces.component.html.HtmlCommandButton
[0m[32m14:37:29,051 FINE  [jakarta.enterprise.resource.webcontainer.faces.application] (default task-2) Created component with component type of 'jakarta.faces.HtmlCommandButton'
[0m[32m14:37:29,051 FINE  [jakarta.enterprise.resource.webcontainer.faces.facelets.tag.component] (default task-2) /index.xhtml @30,112 <h:commandButton> Component[2059540600_7ac21969] Created: jakarta.faces.component.html.HtmlCommandButton
[0m[32m14:37:29,052 FINE  [jakarta.enterprise.resource.webcontainer.faces.application] (default task-2) Created component with component type of 'jakarta.faces.HtmlPanelGroup'
[0m[32m14:37:29,052 FINE  [jakarta.enterprise.resource.webcontainer.faces.facelets.tag.component] (default task-2) /index.xhtml @33,34 <h:panelGroup> Component[2059540600_7ac21966] Created: jakarta.faces.component.html.HtmlPanelGroup
[0m[32m14:37:29,052 FINE  [jakarta.enterprise.resource.webcontainer.faces.application] (default task-2) Created component with component type of 'jakarta.faces.HtmlCommandButton'
[0m[32m14:37:29,052 FINE  [jakarta.enterprise.resource.webcontainer.faces.facelets.tag.component] (default task-2) /index.xhtml @35,124 <h:commandButton> Component[2059540600_7ac21940] Created: jakarta.faces.component.html.HtmlCommandButton
[0m[32m14:37:29,053 FINE  [jakarta.enterprise.resource.webcontainer.faces.application] (default task-2) Created component with component type of 'jakarta.faces.HtmlCommandButton'
[0m[32m14:37:29,053 FINE  [jakarta.enterprise.resource.webcontainer.faces.facelets.tag.component] (default task-2) /index.xhtml @36,117 <h:commandButton> Component[2059540600_7ac2193d] Created: jakarta.faces.component.html.HtmlCommandButton
[0m[32m14:37:29,053 FINE  [jakarta.enterprise.resource.webcontainer.faces.application] (default task-2) Rendering View: /index.xhtml
[0m[32m14:37:29,060 DEBUG [org.wildfly.clustering.marshalling.ByteBufferMarshalledValue] (default task-2) Marshalled size of java.util.concurrent.ConcurrentHashMap object = 588 bytes
[0m[32m14:37:29,065 FINE  [jakarta.enterprise.resource.webcontainer.faces.renderkit] (default task-2) component.getValue() returned GvXelfviAa0ll6lnzq7JqfywdUrh5YkcnE3V9taj
[0m[32m14:37:29,066 FINE  [jakarta.enterprise.resource.webcontainer.faces.renderkit] (default task-2) Value to be rendered GvXelfviAa0ll6lnzq7JqfywdUrh5YkcnE3V9taj
[0m[32m14:37:29,066 FINE  [jakarta.enterprise.resource.webcontainer.faces.renderkit] (default task-2) component.getValue() returned 80af7a46f92a
[0m[32m14:37:29,067 FINE  [jakarta.enterprise.resource.webcontainer.faces.renderkit] (default task-2) Value to be rendered 80af7a46f92a
[0m[32m14:37:29,069 FINE  [jakarta.enterprise.resource.webcontainer.faces.renderkit] (default task-2) component.getValue() returned 0
[0m[32m14:37:29,070 FINE  [jakarta.enterprise.resource.webcontainer.faces.application] (default task-2) Created converter of type 'jakarta.faces.convert.IntegerConverter'
[0m[32m14:37:29,071 FINE  [jakarta.enterprise.resource.webcontainer.faces.renderkit] (default task-2) Value to be rendered 0
[0m[32m14:37:29,073 FINE  [jakarta.enterprise.resource.webcontainer.faces.application] (default task-2) Begin writing marker for viewId /index.xhtml
[0m[32m14:37:29,074 FINE  [jakarta.enterprise.resource.webcontainer.faces.application] (default task-2) End writing marker for viewId /index.xhtml
[0m[32m14:37:29,075 FINE  [jakarta.faces.component] (default task-2) j_id1
[0m[32m14:37:29,075 FINE  [jakarta.enterprise.resource.webcontainer.faces.lifecycle] (default task-2) Exiting RenderResponsePhase
[0m[32m14:37:29,075 FINE  [jakarta.enterprise.resource.webcontainer.faces.timing] (default task-2)  [TIMING] - [28ms] : Execution time for phase (including any PhaseListeners) -> RENDER_RESPONSE 6
[0m[32m14:37:29,079 DEBUG [io.undertow.request.io] (default I/O-9) UT005013: An IOException occurred: java.net.SocketException: Connection reset
	at java.base/sun.nio.ch.SocketChannelImpl.throwConnectionReset(SocketChannelImpl.java:401)
	at java.base/sun.nio.ch.SocketChannelImpl.read(SocketChannelImpl.java:434)
	at org.jboss.xnio.nio@3.8.16.Final-redhat-00001//org.xnio.nio.NioSocketConduit.read(NioSocketConduit.java:289)
	at org.jboss.xnio@3.8.16.Final-redhat-00001//org.xnio.conduits.AbstractStreamSourceConduit.read(AbstractStreamSourceConduit.java:51)
	at io.undertow.core@2.3.23.SP3-redhat-00001//io.undertow.conduits.ReadTimeoutStreamSourceConduit.read(ReadTimeoutStreamSourceConduit.java:181)
	at org.jboss.xnio@3.8.16.Final-redhat-00001//org.xnio.conduits.AbstractStreamSourceConduit.read(AbstractStreamSourceConduit.java:51)
	at io.undertow.core@2.3.23.SP3-redhat-00001//io.undertow.conduits.BytesReceivedStreamSourceConduit.read(BytesReceivedStreamSourceConduit.java:67)
	at org.jboss.xnio@3.8.16.Final-redhat-00001//org.xnio.conduits.ConduitStreamSourceChannel.read(ConduitStreamSourceChannel.java:127)
	at io.undertow.core@2.3.23.SP3-redhat-00001//io.undertow.util.ConnectionUtils$4.handleEvent(ConnectionUtils.java:110)
	at io.undertow.core@2.3.23.SP3-redhat-00001//io.undertow.util.ConnectionUtils$4.handleEvent(ConnectionUtils.java:106)
	at org.jboss.xnio@3.8.16.Final-redhat-00001//org.xnio.ChannelListeners.invokeChannelListener(ChannelListeners.java:92)
	at org.jboss.xnio@3.8.16.Final-redhat-00001//org.xnio.conduits.ReadReadyHandler$ChannelListenerHandler.readReady(ReadReadyHandler.java:66)
	at io.undertow.core@2.3.23.SP3-redhat-00001//io.undertow.conduits.ReadTimeoutStreamSourceConduit$2.readReady(ReadTimeoutStreamSourceConduit.java:106)
	at org.jboss.xnio.nio@3.8.16.Final-redhat-00001//org.xnio.nio.NioSocketConduit.handleReady(NioSocketConduit.java:89)
	at org.jboss.xnio.nio@3.8.16.Final-redhat-00001//org.xnio.nio.WorkerThread.run(WorkerThread.java:603)

[0m[32m14:37:29,080 DEBUG [org.wildfly.clustering.marshalling.ByteBufferMarshalledValue] (default task-2) Marshalled size of java.util.concurrent.ConcurrentHashMap object = 1884 bytes
[0m[32m14:37:31,081 DEBUG [io.undertow.request] (default I/O-8) Matched default handler path /index.xhtml
[0m[32m14:37:31,083 FINE  [jakarta.enterprise.resource.webcontainer.faces.lifecycle] (default task-2) execute(com.sun.faces.context.FacesContextImpl@2779253c)
[0m[32m14:37:31,083 FINE  [jakarta.enterprise.resource.webcontainer.faces.lifecycle] (default task-2) Entering RestoreViewPhase
[0m[32m14:37:31,083 FINE  [jakarta.enterprise.resource.webcontainer.faces.application] (default task-2) Created component with component type of 'jakarta.faces.ViewRoot'
[0m[32m14:37:31,084 FINE  [jakarta.enterprise.resource.webcontainer.faces.application] (default task-2) Created component with component type of 'jakarta.faces.ViewRoot'
[0m[32m14:37:31,084 FINE  [jakarta.enterprise.resource.webcontainer.faces.application] (default task-2) Created component with component type of 'jakarta.faces.ViewRoot'
[0m[32m14:37:31,084 FINE  [jakarta.enterprise.resource.webcontainer.faces.lifecycle] (default task-2) New request: creating a view for /index.xhtml
[0m[32m14:37:31,084 FINE  [jakarta.enterprise.resource.webcontainer.faces.application] (default task-2) Created component with component type of 'jakarta.faces.ViewRoot'
[0m[32m14:37:31,084 FINE  [jakarta.enterprise.resource.webcontainer.faces.application] (default task-2) Created new view for /index.xhtml
[0m[32m14:37:31,084 FINE  [jakarta.enterprise.resource.webcontainer.faces.application] (default task-2) Locale for this view as determined by calculateLocale en_US
[0m[32m14:37:31,084 FINE  [jakarta.enterprise.resource.webcontainer.faces.application] (default task-2) Created component with component type of 'jakarta.faces.ViewRoot'
[0m[32m14:37:31,084 FINE  [jakarta.enterprise.resource.webcontainer.faces.application] (default task-2) RenderKitId for this view as determined by calculateRenderKitId HTML_BASIC
[0m[32m14:37:31,086 FINE  [jakarta.enterprise.resource.webcontainer.faces.lifecycle] (default task-2) Exiting RestoreViewPhase
[0m[32m14:37:31,086 FINE  [jakarta.enterprise.resource.webcontainer.faces.timing] (default task-2)  [TIMING] - [3ms] : Execution time for phase (including any PhaseListeners) -> RESTORE_VIEW 1
[0m[32m14:37:31,086 FINE  [jakarta.enterprise.resource.webcontainer.faces.lifecycle] (default task-2) render(com.sun.faces.context.FacesContextImpl@2779253c)
[0m[32m14:37:31,086 FINE  [jakarta.enterprise.resource.webcontainer.faces.lifecycle] (default task-2) Entering RenderResponsePhase
[0m[32m14:37:31,086 FINE  [jakarta.enterprise.resource.webcontainer.faces.lifecycle] (default task-2) About to render view /index.xhtml
[0m[32m14:37:31,087 FINE  [jakarta.enterprise.resource.webcontainer.faces.application] (default task-2) Building View: /index.xhtml
[0m[32m14:37:31,088 FINE  [jakarta.enterprise.resource.webcontainer.faces.application] (default task-2) Created component with component type of 'jakarta.faces.Output'
[0m[32m14:37:31,088 FINE  [jakarta.enterprise.resource.webcontainer.faces.facelets.tag.component] (default task-2) /index.xhtml @6,11 <h:head> Component[2059540600_7ac2185f] Created: jakarta.faces.component.UIOutput
[0m[32m14:37:31,088 FINE  [jakarta.enterprise.resource.webcontainer.faces.application] (default task-2) Created component with component type of 'jakarta.faces.OutputBody'
[0m[32m14:37:31,088 FINE  [jakarta.enterprise.resource.webcontainer.faces.facelets.tag.component] (default task-2) /index.xhtml @10,11 <h:body> Component[2059540600_7ac21839] Created: jakarta.faces.component.html.HtmlBody
[0m[32m14:37:31,088 FINE  [jakarta.enterprise.resource.webcontainer.faces.application] (default task-2) Created component with component type of 'jakarta.faces.HtmlPanelGroup'
[0m[32m14:37:31,088 FINE  [jakarta.enterprise.resource.webcontainer.faces.facelets.tag.component] (default task-2) /index.xhtml @13,60 <h:panelGroup> Component[2059540600_7ac21823] Created: jakarta.faces.component.html.HtmlPanelGroup
[0m[32m14:37:31,089 FINE  [jakarta.enterprise.resource.webcontainer.faces.application] (default task-2) Created component with component type of 'jakarta.faces.HtmlOutputText'
[0m[32m14:37:31,089 FINE  [jakarta.enterprise.resource.webcontainer.faces.facelets.tag.component] (default task-2) /index.xhtml @15,61 <h:outputText> Component[2059540600_7ac2180d] Created: jakarta.faces.component.html.HtmlOutputText
[0m[32m14:37:31,089 FINE  [jakarta.enterprise.resource.webcontainer.faces.application] (default task-2) Created component with component type of 'jakarta.faces.HtmlPanelGroup'
[0m[32m14:37:31,089 FINE  [jakarta.enterprise.resource.webcontainer.faces.facelets.tag.component] (default task-2) /index.xhtml @17,60 <h:panelGroup> Component[2059540600_7ac218fa] Created: jakarta.faces.component.html.HtmlPanelGroup
[0m[32m14:37:31,089 FINE  [jakarta.enterprise.resource.webcontainer.faces.application] (default task-2) Created component with component type of 'jakarta.faces.HtmlOutputText'
[0m[32m14:37:31,090 FINE  [jakarta.enterprise.resource.webcontainer.faces.facelets.tag.component] (default task-2) /index.xhtml @19,60 <h:outputText> Component[2059540600_7ac218e4] Created: jakarta.faces.component.html.HtmlOutputText
[0m[32m14:37:31,090 FINE  [jakarta.enterprise.resource.webcontainer.faces.application] (default task-2) Created component with component type of 'jakarta.faces.HtmlPanelGroup'
[0m[32m14:37:31,090 FINE  [jakarta.enterprise.resource.webcontainer.faces.facelets.tag.component] (default task-2) /index.xhtml @21,61 <h:panelGroup> Component[2059540600_7ac218d1] Created: jakarta.faces.component.html.HtmlPanelGroup
[0m[32m14:37:31,090 FINE  [jakarta.enterprise.resource.webcontainer.faces.application] (default task-2) Created component with component type of 'jakarta.faces.HtmlOutputText'
[0m[32m14:37:31,090 FINE  [jakarta.enterprise.resource.webcontainer.faces.facelets.tag.component] (default task-2) /index.xhtml @23,59 <h:outputText> Component[2059540600_7ac218bb] Created: jakarta.faces.component.html.HtmlOutputText
[0m[32m14:37:31,090 FINE  [jakarta.enterprise.resource.webcontainer.faces.application] (default task-2) Created component with component type of 'jakarta.faces.HtmlForm'
[0m[32m14:37:31,090 FINE  [jakarta.enterprise.resource.webcontainer.faces.facelets.tag.component] (default task-2) /index.xhtml @26,11 <h:form> Component[2059540600_7ac218a8] Created: jakarta.faces.component.html.HtmlForm
[0m[32m14:37:31,090 FINE  [jakarta.enterprise.resource.webcontainer.faces.application] (default task-2) Created component with component type of 'jakarta.faces.HtmlPanelGroup'
[0m[32m14:37:31,090 FINE  [jakarta.enterprise.resource.webcontainer.faces.facelets.tag.component] (default task-2) /index.xhtml @27,62 <h:panelGroup> Component[2059540600_7ac21892] Created: jakarta.faces.component.html.HtmlPanelGroup
[0m[32m14:37:31,091 FINE  [jakarta.enterprise.resource.webcontainer.faces.application] (default task-2) Created component with component type of 'jakarta.faces.HtmlCommandButton'
[0m[32m14:37:31,091 FINE  [jakarta.enterprise.resource.webcontainer.faces.facelets.tag.component] (default task-2) /index.xhtml @29,119 <h:commandButton> Component[2059540600_7ac2197c] Created: jakarta.faces.component.html.HtmlCommandButton
[0m[32m14:37:31,091 FINE  [jakarta.enterprise.resource.webcontainer.faces.application] (default task-2) Created component with component type of 'jakarta.faces.HtmlCommandButton'
[0m[32m14:37:31,091 FINE  [jakarta.enterprise.resource.webcontainer.faces.facelets.tag.component] (default task-2) /index.xhtml @30,112 <h:commandButton> Component[2059540600_7ac21969] Created: jakarta.faces.component.html.HtmlCommandButton
[0m[32m14:37:31,091 FINE  [jakarta.enterprise.resource.webcontainer.faces.application] (default task-2) Created component with component type of 'jakarta.faces.HtmlPanelGroup'
[0m[32m14:37:31,091 FINE  [jakarta.enterprise.resource.webcontainer.faces.facelets.tag.component] (default task-2) /index.xhtml @33,34 <h:panelGroup> Component[2059540600_7ac21966] Created: jakarta.faces.component.html.HtmlPanelGroup
[0m[32m14:37:31,091 FINE  [jakarta.enterprise.resource.webcontainer.faces.application] (default task-2) Created component with component type of 'jakarta.faces.HtmlCommandButton'
[0m[32m14:37:31,092 FINE  [jakarta.enterprise.resource.webcontainer.faces.facelets.tag.component] (default task-2) /index.xhtml @35,124 <h:commandButton> Component[2059540600_7ac21940] Created: jakarta.faces.component.html.HtmlCommandButton
[0m[32m14:37:31,092 FINE  [jakarta.enterprise.resource.webcontainer.faces.application] (default task-2) Created component with component type of 'jakarta.faces.HtmlCommandButton'
[0m[32m14:37:31,092 FINE  [jakarta.enterprise.resource.webcontainer.faces.facelets.tag.component] (default task-2) /index.xhtml @36,117 <h:commandButton> Component[2059540600_7ac2193d] Created: jakarta.faces.component.html.HtmlCommandButton
[0m[32m14:37:31,092 FINE  [jakarta.enterprise.resource.webcontainer.faces.application] (default task-2) Rendering View: /index.xhtml
[0m[32m14:37:31,098 DEBUG [org.wildfly.clustering.marshalling.ByteBufferMarshalledValue] (default task-2) Marshalled size of java.util.concurrent.ConcurrentHashMap object = 588 bytes
[0m[32m14:37:31,104 FINE  [jakarta.enterprise.resource.webcontainer.faces.renderkit] (default task-2) component.getValue() returned Y2KAnsAb92INnemwjnwxvr9xyhC3wOER5Xo28Oaz
[0m[32m14:37:31,104 FINE  [jakarta.enterprise.resource.webcontainer.faces.renderkit] (default task-2) Value to be rendered Y2KAnsAb92INnemwjnwxvr9xyhC3wOER5Xo28Oaz
[0m[32m14:37:31,105 FINE  [jakarta.enterprise.resource.webcontainer.faces.renderkit] (default task-2) component.getValue() returned 80af7a46f92a
[0m[32m14:37:31,105 FINE  [jakarta.enterprise.resource.webcontainer.faces.renderkit] (default task-2) Value to be rendered 80af7a46f92a
[0m[32m14:37:31,105 FINE  [jakarta.enterprise.resource.webcontainer.faces.renderkit] (default task-2) component.getValue() returned 0
[0m[32m14:37:31,106 FINE  [jakarta.enterprise.resource.webcontainer.faces.application] (default task-2) Created converter of type 'jakarta.faces.convert.IntegerConverter'
[0m[32m14:37:31,106 FINE  [jakarta.enterprise.resource.webcontainer.faces.renderkit] (default task-2) Value to be rendered 0
[0m[32m14:37:31,108 FINE  [jakarta.enterprise.resource.webcontainer.faces.application] (default task-2) Begin writing marker for viewId /index.xhtml
[0m[32m14:37:31,108 FINE  [jakarta.enterprise.resource.webcontainer.faces.application] (default task-2) End writing marker for viewId /index.xhtml
[0m[32m14:37:31,109 FINE  [jakarta.faces.component] (default task-2) j_id1
[0m[32m14:37:31,109 FINE  [jakarta.enterprise.resource.webcontainer.faces.lifecycle] (default task-2) Exiting RenderResponsePhase
[0m[32m14:37:31,112 FINE  [jakarta.enterprise.resource.webcontainer.faces.timing] (default task-2)  [TIMING] - [23ms] : Execution time for phase (including any PhaseListeners) -> RENDER_RESPONSE 6
[0m[32m14:37:31,119 DEBUG [org.wildfly.clustering.marshalling.ByteBufferMarshalledValue] (default task-2) Marshalled size of java.util.concurrent.ConcurrentHashMap object = 1884 bytes
[0m[32m14:37:33,122 DEBUG [io.undertow.request] (default I/O-8) Matched default handler path /index.xhtml
[0m[32m14:37:33,123 FINE  [jakarta.enterprise.resource.webcontainer.faces.lifecycle] (default task-2) execute(com.sun.faces.context.FacesContextImpl@7065504e)
[0m[32m14:37:33,123 FINE  [jakarta.enterprise.resource.webcontainer.faces.lifecycle] (default task-2) Entering RestoreViewPhase
[0m[32m14:37:33,124 FINE  [jakarta.enterprise.resource.webcontainer.faces.application] (default task-2) Created component with component type of 'jakarta.faces.ViewRoot'
[0m[32m14:37:33,124 FINE  [jakarta.enterprise.resource.webcontainer.faces.application] (default task-2) Created component with component type of 'jakarta.faces.ViewRoot'
[0m[32m14:37:33,124 FINE  [jakarta.enterprise.resource.webcontainer.faces.application] (default task-2) Created component with component type of 'jakarta.faces.ViewRoot'
[0m[32m14:37:33,124 FINE  [jakarta.enterprise.resource.webcontainer.faces.lifecycle] (default task-2) New request: creating a view for /index.xhtml
[0m[32m14:37:33,124 FINE  [jakarta.enterprise.resource.webcontainer.faces.application] (default task-2) Created component with component type of 'jakarta.faces.ViewRoot'
[0m[32m14:37:33,124 FINE  [jakarta.enterprise.resource.webcontainer.faces.application] (default task-2) Created new view for /index.xhtml
[0m[32m14:37:33,125 FINE  [jakarta.enterprise.resource.webcontainer.faces.application] (default task-2) Locale for this view as determined by calculateLocale en_US
[0m[32m14:37:33,125 FINE  [jakarta.enterprise.resource.webcontainer.faces.application] (default task-2) Created component with component type of 'jakarta.faces.ViewRoot'
[0m[32m14:37:33,125 FINE  [jakarta.enterprise.resource.webcontainer.faces.application] (default task-2) RenderKitId for this view as determined by calculateRenderKitId HTML_BASIC
[0m[32m14:37:33,126 FINE  [jakarta.enterprise.resource.webcontainer.faces.lifecycle] (default task-2) Exiting RestoreViewPhase
[0m[32m14:37:33,126 FINE  [jakarta.enterprise.resource.webcontainer.faces.timing] (default task-2)  [TIMING] - [3ms] : Execution time for phase (including any PhaseListeners) -> RESTORE_VIEW 1
[0m[32m14:37:33,126 FINE  [jakarta.enterprise.resource.webcontainer.faces.lifecycle] (default task-2) render(com.sun.faces.context.FacesContextImpl@7065504e)
[0m[32m14:37:33,126 FINE  [jakarta.enterprise.resource.webcontainer.faces.lifecycle] (default task-2) Entering RenderResponsePhase
[0m[32m14:37:33,126 FINE  [jakarta.enterprise.resource.webcontainer.faces.lifecycle] (default task-2) About to render view /index.xhtml
[0m[32m14:37:33,127 FINE  [jakarta.enterprise.resource.webcontainer.faces.application] (default task-2) Building View: /index.xhtml
[0m[32m14:37:33,127 FINE  [jakarta.enterprise.resource.webcontainer.faces.application] (default task-2) Created component with component type of 'jakarta.faces.Output'
[0m[32m14:37:33,128 FINE  [jakarta.enterprise.resource.webcontainer.faces.facelets.tag.component] (default task-2) /index.xhtml @6,11 <h:head> Component[2059540600_7ac2185f] Created: jakarta.faces.component.UIOutput
[0m[32m14:37:33,128 FINE  [jakarta.enterprise.resource.webcontainer.faces.application] (default task-2) Created component with component type of 'jakarta.faces.OutputBody'
[0m[32m14:37:33,128 FINE  [jakarta.enterprise.resource.webcontainer.faces.facelets.tag.component] (default task-2) /index.xhtml @10,11 <h:body> Component[2059540600_7ac21839] Created: jakarta.faces.component.html.HtmlBody
[0m[32m14:37:33,128 FINE  [jakarta.enterprise.resource.webcontainer.faces.application] (default task-2) Created component with component type of 'jakarta.faces.HtmlPanelGroup'
[0m[32m14:37:33,128 FINE  [jakarta.enterprise.resource.webcontainer.faces.facelets.tag.component] (default task-2) /index.xhtml @13,60 <h:panelGroup> Component[2059540600_7ac21823] Created: jakarta.faces.component.html.HtmlPanelGroup
[0m[32m14:37:33,128 FINE  [jakarta.enterprise.resource.webcontainer.faces.application] (default task-2) Created component with component type of 'jakarta.faces.HtmlOutputText'
[0m[32m14:37:33,129 FINE  [jakarta.enterprise.resource.webcontainer.faces.facelets.tag.component] (default task-2) /index.xhtml @15,61 <h:outputText> Component[2059540600_7ac2180d] Created: jakarta.faces.component.html.HtmlOutputText
[0m[32m14:37:33,129 FINE  [jakarta.enterprise.resource.webcontainer.faces.application] (default task-2) Created component with component type of 'jakarta.faces.HtmlPanelGroup'
[0m[32m14:37:33,129 FINE  [jakarta.enterprise.resource.webcontainer.faces.facelets.tag.component] (default task-2) /index.xhtml @17,60 <h:panelGroup> Component[2059540600_7ac218fa] Created: jakarta.faces.component.html.HtmlPanelGroup
[0m[32m14:37:33,129 FINE  [jakarta.enterprise.resource.webcontainer.faces.application] (default task-2) Created component with component type of 'jakarta.faces.HtmlOutputText'
[0m[32m14:37:33,129 FINE  [jakarta.enterprise.resource.webcontainer.faces.facelets.tag.component] (default task-2) /index.xhtml @19,60 <h:outputText> Component[2059540600_7ac218e4] Created: jakarta.faces.component.html.HtmlOutputText
[0m[32m14:37:33,129 FINE  [jakarta.enterprise.resource.webcontainer.faces.application] (default task-2) Created component with component type of 'jakarta.faces.HtmlPanelGroup'
[0m[32m14:37:33,130 FINE  [jakarta.enterprise.resource.webcontainer.faces.facelets.tag.component] (default task-2) /index.xhtml @21,61 <h:panelGroup> Component[2059540600_7ac218d1] Created: jakarta.faces.component.html.HtmlPanelGroup
[0m[32m14:37:33,130 FINE  [jakarta.enterprise.resource.webcontainer.faces.application] (default task-2) Created component with component type of 'jakarta.faces.HtmlOutputText'
[0m[32m14:37:33,130 FINE  [jakarta.enterprise.resource.webcontainer.faces.facelets.tag.component] (default task-2) /index.xhtml @23,59 <h:outputText> Component[2059540600_7ac218bb] Created: jakarta.faces.component.html.HtmlOutputText
[0m[32m14:37:33,130 FINE  [jakarta.enterprise.resource.webcontainer.faces.application] (default task-2) Created component with component type of 'jakarta.faces.HtmlForm'
[0m[32m14:37:33,131 FINE  [jakarta.enterprise.resource.webcontainer.faces.facelets.tag.component] (default task-2) /index.xhtml @26,11 <h:form> Component[2059540600_7ac218a8] Created: jakarta.faces.component.html.HtmlForm
[0m[32m14:37:33,131 FINE  [jakarta.enterprise.resource.webcontainer.faces.application] (default task-2) Created component with component type of 'jakarta.faces.HtmlPanelGroup'
[0m[32m14:37:33,131 FINE  [jakarta.enterprise.resource.webcontainer.faces.facelets.tag.component] (default task-2) /index.xhtml @27,62 <h:panelGroup> Component[2059540600_7ac21892] Created: jakarta.faces.component.html.HtmlPanelGroup
[0m[32m14:37:33,132 FINE  [jakarta.enterprise.resource.webcontainer.faces.application] (default task-2) Created component with component type of 'jakarta.faces.HtmlCommandButton'
[0m[32m14:37:33,132 FINE  [jakarta.enterprise.resource.webcontainer.faces.facelets.tag.component] (default task-2) /index.xhtml @29,119 <h:commandButton> Component[2059540600_7ac2197c] Created: jakarta.faces.component.html.HtmlCommandButton
[0m[32m14:37:33,132 FINE  [jakarta.enterprise.resource.webcontainer.faces.application] (default task-2) Created component with component type of 'jakarta.faces.HtmlCommandButton'
[0m[32m14:37:33,132 FINE  [jakarta.enterprise.resource.webcontainer.faces.facelets.tag.component] (default task-2) /index.xhtml @30,112 <h:commandButton> Component[2059540600_7ac21969] Created: jakarta.faces.component.html.HtmlCommandButton
[0m[32m14:37:33,132 FINE  [jakarta.enterprise.resource.webcontainer.faces.application] (default task-2) Created component with component type of 'jakarta.faces.HtmlPanelGroup'
[0m[32m14:37:33,133 FINE  [jakarta.enterprise.resource.webcontainer.faces.facelets.tag.component] (default task-2) /index.xhtml @33,34 <h:panelGroup> Component[2059540600_7ac21966] Created: jakarta.faces.component.html.HtmlPanelGroup
[0m[32m14:37:33,134 FINE  [jakarta.enterprise.resource.webcontainer.faces.application] (default task-2) Created component with component type of 'jakarta.faces.HtmlCommandButton'
[0m[32m14:37:33,134 FINE  [jakarta.enterprise.resource.webcontainer.faces.facelets.tag.component] (default task-2) /index.xhtml @35,124 <h:commandButton> Component[2059540600_7ac21940] Created: jakarta.faces.component.html.HtmlCommandButton
[0m[32m14:37:33,135 FINE  [jakarta.enterprise.resource.webcontainer.faces.application] (default task-2) Created component with component type of 'jakarta.faces.HtmlCommandButton'
[0m[32m14:37:33,135 FINE  [jakarta.enterprise.resource.webcontainer.faces.facelets.tag.component] (default task-2) /index.xhtml @36,117 <h:commandButton> Component[2059540600_7ac2193d] Created: jakarta.faces.component.html.HtmlCommandButton
[0m[32m14:37:33,136 FINE  [jakarta.enterprise.resource.webcontainer.faces.application] (default task-2) Rendering View: /index.xhtml
[0m[32m14:37:33,141 DEBUG [org.wildfly.clustering.marshalling.ByteBufferMarshalledValue] (default task-2) Marshalled size of java.util.concurrent.ConcurrentHashMap object = 588 bytes
[0m[32m14:37:33,146 FINE  [jakarta.enterprise.resource.webcontainer.faces.renderkit] (default task-2) component.getValue() returned 9OrtPrqqjytbdtznxgUeAPpMfZDLV2al2IY1FQdm
[0m[32m14:37:33,146 FINE  [jakarta.enterprise.resource.webcontainer.faces.renderkit] (default task-2) Value to be rendered 9OrtPrqqjytbdtznxgUeAPpMfZDLV2al2IY1FQdm
[0m[32m14:37:33,147 FINE  [jakarta.enterprise.resource.webcontainer.faces.renderkit] (default task-2) component.getValue() returned 80af7a46f92a
[0m[32m14:37:33,147 FINE  [jakarta.enterprise.resource.webcontainer.faces.renderkit] (default task-2) Value to be rendered 80af7a46f92a
[0m[32m14:37:33,148 FINE  [jakarta.enterprise.resource.webcontainer.faces.renderkit] (default task-2) component.getValue() returned 0
[0m[32m14:37:33,148 FINE  [jakarta.enterprise.resource.webcontainer.faces.application] (default task-2) Created converter of type 'jakarta.faces.convert.IntegerConverter'
[0m[32m14:37:33,148 FINE  [jakarta.enterprise.resource.webcontainer.faces.renderkit] (default task-2) Value to be rendered 0
[0m[32m14:37:33,150 FINE  [jakarta.enterprise.resource.webcontainer.faces.application] (default task-2) Begin writing marker for viewId /index.xhtml
[0m[32m14:37:33,150 FINE  [jakarta.enterprise.resource.webcontainer.faces.application] (default task-2) End writing marker for viewId /index.xhtml
[0m[32m14:37:33,151 FINE  [jakarta.faces.component] (default task-2) j_id1
[0m[32m14:37:33,151 FINE  [jakarta.enterprise.resource.webcontainer.faces.lifecycle] (default task-2) Exiting RenderResponsePhase
[0m[32m14:37:33,151 FINE  [jakarta.enterprise.resource.webcontainer.faces.timing] (default task-2)  [TIMING] - [25ms] : Execution time for phase (including any PhaseListeners) -> RENDER_RESPONSE 6
[0m[32m14:37:33,154 DEBUG [org.wildfly.clustering.marshalling.ByteBufferMarshalledValue] (default task-2) Marshalled size of java.util.concurrent.ConcurrentHashMap object = 1884 bytes
[0m[32m14:37:33,155 DEBUG [io.undertow.request.io] (default I/O-8) UT005013: An IOException occurred: java.net.SocketException: Connection reset
	at java.base/sun.nio.ch.SocketChannelImpl.throwConnectionReset(SocketChannelImpl.java:401)
	at java.base/sun.nio.ch.SocketChannelImpl.read(SocketChannelImpl.java:434)
	at org.jboss.xnio.nio@3.8.16.Final-redhat-00001//org.xnio.nio.NioSocketConduit.read(NioSocketConduit.java:289)
	at org.jboss.xnio@3.8.16.Final-redhat-00001//org.xnio.conduits.AbstractStreamSourceConduit.read(AbstractStreamSourceConduit.java:51)
	at io.undertow.core@2.3.23.SP3-redhat-00001//io.undertow.conduits.ReadTimeoutStreamSourceConduit.read(ReadTimeoutStreamSourceConduit.java:181)
	at org.jboss.xnio@3.8.16.Final-redhat-00001//org.xnio.conduits.AbstractStreamSourceConduit.read(AbstractStreamSourceConduit.java:51)
	at io.undertow.core@2.3.23.SP3-redhat-00001//io.undertow.conduits.BytesReceivedStreamSourceConduit.read(BytesReceivedStreamSourceConduit.java:67)
	at org.jboss.xnio@3.8.16.Final-redhat-00001//org.xnio.conduits.ConduitStreamSourceChannel.read(ConduitStreamSourceChannel.java:127)
	at io.undertow.core@2.3.23.SP3-redhat-00001//io.undertow.util.ConnectionUtils$4.handleEvent(ConnectionUtils.java:110)
	at io.undertow.core@2.3.23.SP3-redhat-00001//io.undertow.util.ConnectionUtils$4.handleEvent(ConnectionUtils.java:106)
	at org.jboss.xnio@3.8.16.Final-redhat-00001//org.xnio.ChannelListeners.invokeChannelListener(ChannelListeners.java:92)
	at org.jboss.xnio@3.8.16.Final-redhat-00001//org.xnio.conduits.ReadReadyHandler$ChannelListenerHandler.readReady(ReadReadyHandler.java:66)
	at io.undertow.core@2.3.23.SP3-redhat-00001//io.undertow.conduits.ReadTimeoutStreamSourceConduit$2.readReady(ReadTimeoutStreamSourceConduit.java:106)
	at org.jboss.xnio.nio@3.8.16.Final-redhat-00001//org.xnio.nio.NioSocketConduit.handleReady(NioSocketConduit.java:89)
	at org.jboss.xnio.nio@3.8.16.Final-redhat-00001//org.xnio.nio.WorkerThread.run(WorkerThread.java:603)

[0m[32m14:37:34,014 DEBUG [org.jgroups.protocols.dns.DNS_PING] (thread-12,ee,80af7a46f92a) 80af7a46f92a: entries collected from DNS (in 2 ms): [172.21.0.4:0, 172.21.0.3:0]
[0m[32m14:37:34,014 DEBUG [org.jgroups.protocols.dns.DNS_PING] (thread-12,ee,80af7a46f92a) 80af7a46f92a: sending discovery requests to hosts [172.21.0.4:0, 172.21.0.3:0] on ports [7600 .. 7600]
[0m[32m14:37:35,156 DEBUG [io.undertow.request] (default I/O-1) Matched default handler path /index.xhtml
[0m[32m14:37:35,158 FINE  [jakarta.enterprise.resource.webcontainer.faces.lifecycle] (default task-2) execute(com.sun.faces.context.FacesContextImpl@14f55bae)
[0m[32m14:37:35,158 FINE  [jakarta.enterprise.resource.webcontainer.faces.lifecycle] (default task-2) Entering RestoreViewPhase
[0m[32m14:37:35,158 FINE  [jakarta.enterprise.resource.webcontainer.faces.application] (default task-2) Created component with component type of 'jakarta.faces.ViewRoot'
[0m[32m14:37:35,158 FINE  [jakarta.enterprise.resource.webcontainer.faces.application] (default task-2) Created component with component type of 'jakarta.faces.ViewRoot'
[0m[32m14:37:35,158 FINE  [jakarta.enterprise.resource.webcontainer.faces.application] (default task-2) Created component with component type of 'jakarta.faces.ViewRoot'
[0m[32m14:37:35,158 FINE  [jakarta.enterprise.resource.webcontainer.faces.lifecycle] (default task-2) New request: creating a view for /index.xhtml
[0m[32m14:37:35,159 FINE  [jakarta.enterprise.resource.webcontainer.faces.application] (default task-2) Created component with component type of 'jakarta.faces.ViewRoot'
[0m[32m14:37:35,159 FINE  [jakarta.enterprise.resource.webcontainer.faces.application] (default task-2) Created new view for /index.xhtml
[0m[32m14:37:35,159 FINE  [jakarta.enterprise.resource.webcontainer.faces.application] (default task-2) Locale for this view as determined by calculateLocale en_US
[0m[32m14:37:35,159 FINE  [jakarta.enterprise.resource.webcontainer.faces.application] (default task-2) Created component with component type of 'jakarta.faces.ViewRoot'
[0m[32m14:37:35,159 FINE  [jakarta.enterprise.resource.webcontainer.faces.application] (default task-2) RenderKitId for this view as determined by calculateRenderKitId HTML_BASIC
[0m[32m14:37:35,160 FINE  [jakarta.enterprise.resource.webcontainer.faces.lifecycle] (default task-2) Exiting RestoreViewPhase
[0m[32m14:37:35,161 FINE  [jakarta.enterprise.resource.webcontainer.faces.timing] (default task-2)  [TIMING] - [3ms] : Execution time for phase (including any PhaseListeners) -> RESTORE_VIEW 1
[0m[32m14:37:35,161 FINE  [jakarta.enterprise.resource.webcontainer.faces.lifecycle] (default task-2) render(com.sun.faces.context.FacesContextImpl@14f55bae)
[0m[32m14:37:35,161 FINE  [jakarta.enterprise.resource.webcontainer.faces.lifecycle] (default task-2) Entering RenderResponsePhase
[0m[32m14:37:35,161 FINE  [jakarta.enterprise.resource.webcontainer.faces.lifecycle] (default task-2) About to render view /index.xhtml
[0m[32m14:37:35,161 FINE  [jakarta.enterprise.resource.webcontainer.faces.application] (default task-2) Building View: /index.xhtml
[0m[32m14:37:35,162 FINE  [jakarta.enterprise.resource.webcontainer.faces.application] (default task-2) Created component with component type of 'jakarta.faces.Output'
[0m[32m14:37:35,162 FINE  [jakarta.enterprise.resource.webcontainer.faces.facelets.tag.component] (default task-2) /index.xhtml @6,11 <h:head> Component[2059540600_7ac2185f] Created: jakarta.faces.component.UIOutput
[0m[32m14:37:35,162 FINE  [jakarta.enterprise.resource.webcontainer.faces.application] (default task-2) Created component with component type of 'jakarta.faces.OutputBody'
[0m[32m14:37:35,162 FINE  [jakarta.enterprise.resource.webcontainer.faces.facelets.tag.component] (default task-2) /index.xhtml @10,11 <h:body> Component[2059540600_7ac21839] Created: jakarta.faces.component.html.HtmlBody
[0m[32m14:37:35,163 FINE  [jakarta.enterprise.resource.webcontainer.faces.application] (default task-2) Created component with component type of 'jakarta.faces.HtmlPanelGroup'
[0m[32m14:37:35,163 FINE  [jakarta.enterprise.resource.webcontainer.faces.facelets.tag.component] (default task-2) /index.xhtml @13,60 <h:panelGroup> Component[2059540600_7ac21823] Created: jakarta.faces.component.html.HtmlPanelGroup
[0m[32m14:37:35,163 FINE  [jakarta.enterprise.resource.webcontainer.faces.application] (default task-2) Created component with component type of 'jakarta.faces.HtmlOutputText'
[0m[32m14:37:35,163 FINE  [jakarta.enterprise.resource.webcontainer.faces.facelets.tag.component] (default task-2) /index.xhtml @15,61 <h:outputText> Component[2059540600_7ac2180d] Created: jakarta.faces.component.html.HtmlOutputText
[0m[32m14:37:35,163 FINE  [jakarta.enterprise.resource.webcontainer.faces.application] (default task-2) Created component with component type of 'jakarta.faces.HtmlPanelGroup'
[0m[32m14:37:35,163 FINE  [jakarta.enterprise.resource.webcontainer.faces.facelets.tag.component] (default task-2) /index.xhtml @17,60 <h:panelGroup> Component[2059540600_7ac218fa] Created: jakarta.faces.component.html.HtmlPanelGroup
[0m[32m14:37:35,164 FINE  [jakarta.enterprise.resource.webcontainer.faces.application] (default task-2) Created component with component type of 'jakarta.faces.HtmlOutputText'
[0m[32m14:37:35,164 FINE  [jakarta.enterprise.resource.webcontainer.faces.facelets.tag.component] (default task-2) /index.xhtml @19,60 <h:outputText> Component[2059540600_7ac218e4] Created: jakarta.faces.component.html.HtmlOutputText
[0m[32m14:37:35,164 FINE  [jakarta.enterprise.resource.webcontainer.faces.application] (default task-2) Created component with component type of 'jakarta.faces.HtmlPanelGroup'
[0m[32m14:37:35,164 FINE  [jakarta.enterprise.resource.webcontainer.faces.facelets.tag.component] (default task-2) /index.xhtml @21,61 <h:panelGroup> Component[2059540600_7ac218d1] Created: jakarta.faces.component.html.HtmlPanelGroup
[0m[32m14:37:35,164 FINE  [jakarta.enterprise.resource.webcontainer.faces.application] (default task-2) Created component with component type of 'jakarta.faces.HtmlOutputText'
[0m[32m14:37:35,164 FINE  [jakarta.enterprise.resource.webcontainer.faces.facelets.tag.component] (default task-2) /index.xhtml @23,59 <h:outputText> Component[2059540600_7ac218bb] Created: jakarta.faces.component.html.HtmlOutputText
[0m[32m14:37:35,164 FINE  [jakarta.enterprise.resource.webcontainer.faces.application] (default task-2) Created component with component type of 'jakarta.faces.HtmlForm'
[0m[32m14:37:35,165 FINE  [jakarta.enterprise.resource.webcontainer.faces.facelets.tag.component] (default task-2) /index.xhtml @26,11 <h:form> Component[2059540600_7ac218a8] Created: jakarta.faces.component.html.HtmlForm
[0m[32m14:37:35,165 FINE  [jakarta.enterprise.resource.webcontainer.faces.application] (default task-2) Created component with component type of 'jakarta.faces.HtmlPanelGroup'
[0m[32m14:37:35,165 FINE  [jakarta.enterprise.resource.webcontainer.faces.facelets.tag.component] (default task-2) /index.xhtml @27,62 <h:panelGroup> Component[2059540600_7ac21892] Created: jakarta.faces.component.html.HtmlPanelGroup
[0m[32m14:37:35,165 FINE  [jakarta.enterprise.resource.webcontainer.faces.application] (default task-2) Created component with component type of 'jakarta.faces.HtmlCommandButton'
[0m[32m14:37:35,165 FINE  [jakarta.enterprise.resource.webcontainer.faces.facelets.tag.component] (default task-2) /index.xhtml @29,119 <h:commandButton> Component[2059540600_7ac2197c] Created: jakarta.faces.component.html.HtmlCommandButton
[0m[32m14:37:35,165 FINE  [jakarta.enterprise.resource.webcontainer.faces.application] (default task-2) Created component with component type of 'jakarta.faces.HtmlCommandButton'
[0m[32m14:37:35,165 FINE  [jakarta.enterprise.resource.webcontainer.faces.facelets.tag.component] (default task-2) /index.xhtml @30,112 <h:commandButton> Component[2059540600_7ac21969] Created: jakarta.faces.component.html.HtmlCommandButton
[0m[32m14:37:35,166 FINE  [jakarta.enterprise.resource.webcontainer.faces.application] (default task-2) Created component with component type of 'jakarta.faces.HtmlPanelGroup'
[0m[32m14:37:35,166 FINE  [jakarta.enterprise.resource.webcontainer.faces.facelets.tag.component] (default task-2) /index.xhtml @33,34 <h:panelGroup> Component[2059540600_7ac21966] Created: jakarta.faces.component.html.HtmlPanelGroup
[0m[32m14:37:35,166 FINE  [jakarta.enterprise.resource.webcontainer.faces.application] (default task-2) Created component with component type of 'jakarta.faces.HtmlCommandButton'
[0m[32m14:37:35,166 FINE  [jakarta.enterprise.resource.webcontainer.faces.facelets.tag.component] (default task-2) /index.xhtml @35,124 <h:commandButton> Component[2059540600_7ac21940] Created: jakarta.faces.component.html.HtmlCommandButton
[0m[32m14:37:35,166 FINE  [jakarta.enterprise.resource.webcontainer.faces.application] (default task-2) Created component with component type of 'jakarta.faces.HtmlCommandButton'
[0m[32m14:37:35,166 FINE  [jakarta.enterprise.resource.webcontainer.faces.facelets.tag.component] (default task-2) /index.xhtml @36,117 <h:commandButton> Component[2059540600_7ac2193d] Created: jakarta.faces.component.html.HtmlCommandButton
[0m[32m14:37:35,167 FINE  [jakarta.enterprise.resource.webcontainer.faces.application] (default task-2) Rendering View: /index.xhtml
[0m[32m14:37:35,173 DEBUG [org.wildfly.clustering.marshalling.ByteBufferMarshalledValue] (default task-2) Marshalled size of java.util.concurrent.ConcurrentHashMap object = 588 bytes
[0m[32m14:37:35,225 FINE  [jakarta.enterprise.resource.webcontainer.faces.renderkit] (default task-2) component.getValue() returned IpK6d9W0G-OVBy0-OA3ditI0NDbu5K9FKVqCIxAr
[0m[32m14:37:35,225 FINE  [jakarta.enterprise.resource.webcontainer.faces.renderkit] (default task-2) Value to be rendered IpK6d9W0G-OVBy0-OA3ditI0NDbu5K9FKVqCIxAr
[0m[32m14:37:35,225 FINE  [jakarta.enterprise.resource.webcontainer.faces.renderkit] (default task-2) component.getValue() returned 80af7a46f92a
[0m[32m14:37:35,225 FINE  [jakarta.enterprise.resource.webcontainer.faces.renderkit] (default task-2) Value to be rendered 80af7a46f92a
[0m[32m14:37:35,226 FINE  [jakarta.enterprise.resource.webcontainer.faces.renderkit] (default task-2) component.getValue() returned 0
[0m[32m14:37:35,226 FINE  [jakarta.enterprise.resource.webcontainer.faces.application] (default task-2) Created converter of type 'jakarta.faces.convert.IntegerConverter'
[0m[32m14:37:35,226 FINE  [jakarta.enterprise.resource.webcontainer.faces.renderkit] (default task-2) Value to be rendered 0
[0m[32m14:37:35,227 FINE  [jakarta.enterprise.resource.webcontainer.faces.application] (default task-2) Begin writing marker for viewId /index.xhtml
[0m[32m14:37:35,228 FINE  [jakarta.enterprise.resource.webcontainer.faces.application] (default task-2) End writing marker for viewId /index.xhtml
[0m[32m14:37:35,228 FINE  [jakarta.faces.component] (default task-2) j_id1
[0m[32m14:37:35,228 FINE  [jakarta.enterprise.resource.webcontainer.faces.lifecycle] (default task-2) Exiting RenderResponsePhase
[0m[32m14:37:35,228 FINE  [jakarta.enterprise.resource.webcontainer.faces.timing] (default task-2)  [TIMING] - [67ms] : Execution time for phase (including any PhaseListeners) -> RENDER_RESPONSE 6
[0m[32m14:37:35,230 DEBUG [io.undertow.request.io] (default task-2) UT005013: An IOException occurred: java.net.SocketException: Connection reset
	at java.base/sun.nio.ch.SocketChannelImpl.throwConnectionReset(SocketChannelImpl.java:401)
	at java.base/sun.nio.ch.SocketChannelImpl.read(SocketChannelImpl.java:434)
	at org.jboss.xnio.nio@3.8.16.Final-redhat-00001//org.xnio.nio.NioSocketConduit.read(NioSocketConduit.java:289)
	at org.jboss.xnio@3.8.16.Final-redhat-00001//org.xnio.conduits.AbstractStreamSourceConduit.read(AbstractStreamSourceConduit.java:51)
	at io.undertow.core@2.3.23.SP3-redhat-00001//io.undertow.conduits.ReadTimeoutStreamSourceConduit.read(ReadTimeoutStreamSourceConduit.java:181)
	at org.jboss.xnio@3.8.16.Final-redhat-00001//org.xnio.conduits.AbstractStreamSourceConduit.read(AbstractStreamSourceConduit.java:51)
	at io.undertow.core@2.3.23.SP3-redhat-00001//io.undertow.conduits.BytesReceivedStreamSourceConduit.read(BytesReceivedStreamSourceConduit.java:67)
	at org.jboss.xnio@3.8.16.Final-redhat-00001//org.xnio.conduits.ConduitStreamSourceChannel.read(ConduitStreamSourceChannel.java:127)
	at io.undertow.core@2.3.23.SP3-redhat-00001//io.undertow.util.ConnectionUtils.doDrain(ConnectionUtils.java:96)
	at io.undertow.core@2.3.23.SP3-redhat-00001//io.undertow.util.ConnectionUtils.cleanClose(ConnectionUtils.java:74)
	at io.undertow.core@2.3.23.SP3-redhat-00001//io.undertow.server.protocol.http.HttpReadListener.exchangeComplete(HttpReadListener.java:374)
	at io.undertow.core@2.3.23.SP3-redhat-00001//io.undertow.server.protocol.http.HttpServerConnection.exchangeComplete(HttpServerConnection.java:244)
	at io.undertow.core@2.3.23.SP3-redhat-00001//io.undertow.server.HttpServerExchange$ExchangeCompleteNextListener.proceed(HttpServerExchange.java:2062)
	at io.undertow.core@2.3.23.SP3-redhat-00001//io.undertow.server.ConnectorStatisticsImpl$1.exchangeEvent(ConnectorStatisticsImpl.java:75)
	at io.undertow.core@2.3.23.SP3-redhat-00001//io.undertow.server.HttpServerExchange$ExchangeCompleteNextListener.proceed(HttpServerExchange.java:2060)
	at io.undertow.core@2.3.23.SP3-redhat-00001//io.undertow.server.handlers.MetricsHandler$2.exchangeEvent(MetricsHandler.java:60)
	at io.undertow.core@2.3.23.SP3-redhat-00001//io.undertow.server.HttpServerExchange.invokeExchangeCompleteListeners(HttpServerExchange.java:1436)
	at io.undertow.core@2.3.23.SP3-redhat-00001//io.undertow.server.HttpServerExchange.terminateResponse(HttpServerExchange.java:1723)
	at io.undertow.core@2.3.23.SP3-redhat-00001//io.undertow.server.Connectors.terminateResponse(Connectors.java:198)
	at io.undertow.core@2.3.23.SP3-redhat-00001//io.undertow.server.protocol.http.ServerFixedLengthStreamSinkConduit.channelFinished(ServerFixedLengthStreamSinkConduit.java:58)
	at io.undertow.core@2.3.23.SP3-redhat-00001//io.undertow.conduits.AbstractFixedLengthStreamSinkConduit.exitFlush(AbstractFixedLengthStreamSinkConduit.java:316)
	at io.undertow.core@2.3.23.SP3-redhat-00001//io.undertow.conduits.AbstractFixedLengthStreamSinkConduit.flush(AbstractFixedLengthStreamSinkConduit.java:234)
	at org.jboss.xnio@3.8.16.Final-redhat-00001//org.xnio.conduits.ConduitStreamSinkChannel.flush(ConduitStreamSinkChannel.java:162)
	at io.undertow.core@2.3.23.SP3-redhat-00001//io.undertow.channels.DetachableStreamSinkChannel.flush(DetachableStreamSinkChannel.java:119)
	at org.jboss.xnio@3.8.16.Final-redhat-00001//org.xnio.channels.Channels.flushBlocking(Channels.java:63)
	at io.undertow.servlet@2.3.23.SP3-redhat-00001//io.undertow.servlet.spec.ServletOutputStreamImpl.close(ServletOutputStreamImpl.java:654)
	at io.undertow.servlet@2.3.23.SP3-redhat-00001//io.undertow.servlet.spec.ServletPrintWriter.close(ServletPrintWriter.java:130)
	at io.undertow.servlet@2.3.23.SP3-redhat-00001//io.undertow.servlet.spec.ServletPrintWriterDelegate.close(ServletPrintWriterDelegate.java:79)
	at io.undertow.servlet@2.3.23.SP3-redhat-00001//io.undertow.servlet.spec.HttpServletResponseImpl.closeStreamAndWriter(HttpServletResponseImpl.java:505)
	at io.undertow.servlet@2.3.23.SP3-redhat-00001//io.undertow.servlet.spec.HttpServletResponseImpl.responseDone(HttpServletResponseImpl.java:606)
	at io.undertow.servlet@2.3.23.SP3-redhat-00001//io.undertow.servlet.handlers.ServletInitialHandler.handleFirstRequest(ServletInitialHandler.java:330)
	at io.undertow.servlet@2.3.23.SP3-redhat-00001//io.undertow.servlet.handlers.ServletInitialHandler$1.call(ServletInitialHandler.java:130)
	at io.undertow.servlet@2.3.23.SP3-redhat-00001//io.undertow.servlet.handlers.ServletInitialHandler$1.call(ServletInitialHandler.java:127)
	at io.undertow.servlet@2.3.23.SP3-redhat-00001//io.undertow.servlet.core.ServletRequestContextThreadSetupAction$1.call(ServletRequestContextThreadSetupAction.java:48)
	at io.undertow.servlet@2.3.23.SP3-redhat-00001//io.undertow.servlet.core.ContextClassLoaderSetupAction$1.call(ContextClassLoaderSetupAction.java:43)
	at org.wildfly.extension.undertow@8.1.1.GA-redhat-00012//org.wildfly.extension.undertow.deployment.UndertowDeploymentInfoService$UndertowThreadSetupAction.lambda$create$0(UndertowDeploymentInfoService.java:1421)
	at org.wildfly.extension.undertow@8.1.1.GA-redhat-00012//org.wildfly.extension.undertow.deployment.UndertowDeploymentInfoService$UndertowThreadSetupAction.lambda$create$0(UndertowDeploymentInfoService.java:1421)
	at org.wildfly.extension.undertow@8.1.1.GA-redhat-00012//org.wildfly.extension.undertow.deployment.UndertowDeploymentInfoService$UndertowThreadSetupAction.lambda$create$0(UndertowDeploymentInfoService.java:1421)
	at org.wildfly.extension.undertow@8.1.1.GA-redhat-00012//org.wildfly.extension.undertow.deployment.UndertowDeploymentInfoService$UndertowThreadSetupAction.lambda$create$0(UndertowDeploymentInfoService.java:1421)
	at io.undertow.servlet@2.3.23.SP3-redhat-00001//io.undertow.servlet.handlers.ServletInitialHandler.dispatchRequest(ServletInitialHandler.java:251)
	at io.undertow.servlet@2.3.23.SP3-redhat-00001//io.undertow.servlet.handlers.ServletInitialHandler.lambda$new$1(ServletInitialHandler.java:99)
	at io.undertow.core@2.3.23.SP3-redhat-00001//io.undertow.server.Connectors.executeRootHandler(Connectors.java:418)
	at io.undertow.core@2.3.23.SP3-redhat-00001//io.undertow.server.HttpServerExchange$1.run(HttpServerExchange.java:938)
	at org.jboss.threads@2.5.0.redhat-00001//org.jboss.threads.ContextClassLoaderSavingRunnable.run(ContextClassLoaderSavingRunnable.java:35)
	at org.jboss.threads@2.5.0.redhat-00001//org.jboss.threads.EnhancedQueueExecutor.safeRun(EnhancedQueueExecutor.java:2024)
	at org.jboss.threads@2.5.0.redhat-00001//org.jboss.threads.EnhancedQueueExecutor$ThreadBody.doRunTask(EnhancedQueueExecutor.java:1520)
	at org.jboss.threads@2.5.0.redhat-00001//org.jboss.threads.EnhancedQueueExecutor$ThreadBody.run(EnhancedQueueExecutor.java:1411)
	at org.jboss.xnio@3.8.16.Final-redhat-00001//org.xnio.XnioWorker$WorkerThreadFactory$1$1.run(XnioWorker.java:1282)
	at java.base/java.lang.Thread.run(Thread.java:1583)

[0m[32m14:37:35,231 DEBUG [org.wildfly.clustering.marshalling.ByteBufferMarshalledValue] (default task-2) Marshalled size of java.util.concurrent.ConcurrentHashMap object = 1884 bytes
[0m[32m14:37:37,232 DEBUG [io.undertow.request] (default I/O-4) Matched default handler path /index.xhtml
[0m[32m14:37:37,234 FINE  [jakarta.enterprise.resource.webcontainer.faces.lifecycle] (default task-2) execute(com.sun.faces.context.FacesContextImpl@756208ed)
[0m[32m14:37:37,234 FINE  [jakarta.enterprise.resource.webcontainer.faces.lifecycle] (default task-2) Entering RestoreViewPhase
[0m[32m14:37:37,234 FINE  [jakarta.enterprise.resource.webcontainer.faces.application] (default task-2) Created component with component type of 'jakarta.faces.ViewRoot'
[0m[32m14:37:37,235 FINE  [jakarta.enterprise.resource.webcontainer.faces.application] (default task-2) Created component with component type of 'jakarta.faces.ViewRoot'
[0m[32m14:37:37,235 FINE  [jakarta.enterprise.resource.webcontainer.faces.application] (default task-2) Created component with component type of 'jakarta.faces.ViewRoot'
[0m[32m14:37:37,235 FINE  [jakarta.enterprise.resource.webcontainer.faces.lifecycle] (default task-2) New request: creating a view for /index.xhtml
[0m[32m14:37:37,235 FINE  [jakarta.enterprise.resource.webcontainer.faces.application] (default task-2) Created component with component type of 'jakarta.faces.ViewRoot'
[0m[32m14:37:37,235 FINE  [jakarta.enterprise.resource.webcontainer.faces.application] (default task-2) Created new view for /index.xhtml
[0m[32m14:37:37,235 FINE  [jakarta.enterprise.resource.webcontainer.faces.application] (default task-2) Locale for this view as determined by calculateLocale en_US
[0m[32m14:37:37,235 FINE  [jakarta.enterprise.resource.webcontainer.faces.application] (default task-2) Created component with component type of 'jakarta.faces.ViewRoot'
[0m[32m14:37:37,235 FINE  [jakarta.enterprise.resource.webcontainer.faces.application] (default task-2) RenderKitId for this view as determined by calculateRenderKitId HTML_BASIC
[0m[32m14:37:37,236 FINE  [jakarta.enterprise.resource.webcontainer.faces.lifecycle] (default task-2) Exiting RestoreViewPhase
[0m[32m14:37:37,236 FINE  [jakarta.enterprise.resource.webcontainer.faces.timing] (default task-2)  [TIMING] - [2ms] : Execution time for phase (including any PhaseListeners) -> RESTORE_VIEW 1
[0m[32m14:37:37,236 FINE  [jakarta.enterprise.resource.webcontainer.faces.lifecycle] (default task-2) render(com.sun.faces.context.FacesContextImpl@756208ed)
[0m[32m14:37:37,236 FINE  [jakarta.enterprise.resource.webcontainer.faces.lifecycle] (default task-2) Entering RenderResponsePhase
[0m[32m14:37:37,236 FINE  [jakarta.enterprise.resource.webcontainer.faces.lifecycle] (default task-2) About to render view /index.xhtml
[0m[32m14:37:37,236 FINE  [jakarta.enterprise.resource.webcontainer.faces.application] (default task-2) Building View: /index.xhtml
[0m[32m14:37:37,237 FINE  [jakarta.enterprise.resource.webcontainer.faces.application] (default task-2) Created component with component type of 'jakarta.faces.Output'
[0m[32m14:37:37,237 FINE  [jakarta.enterprise.resource.webcontainer.faces.facelets.tag.component] (default task-2) /index.xhtml @6,11 <h:head> Component[2059540600_7ac2185f] Created: jakarta.faces.component.UIOutput
[0m[32m14:37:37,237 FINE  [jakarta.enterprise.resource.webcontainer.faces.application] (default task-2) Created component with component type of 'jakarta.faces.OutputBody'
[0m[32m14:37:37,237 FINE  [jakarta.enterprise.resource.webcontainer.faces.facelets.tag.component] (default task-2) /index.xhtml @10,11 <h:body> Component[2059540600_7ac21839] Created: jakarta.faces.component.html.HtmlBody
[0m[32m14:37:37,237 FINE  [jakarta.enterprise.resource.webcontainer.faces.application] (default task-2) Created component with component type of 'jakarta.faces.HtmlPanelGroup'
[0m[32m14:37:37,237 FINE  [jakarta.enterprise.resource.webcontainer.faces.facelets.tag.component] (default task-2) /index.xhtml @13,60 <h:panelGroup> Component[2059540600_7ac21823] Created: jakarta.faces.component.html.HtmlPanelGroup
[0m[32m14:37:37,237 FINE  [jakarta.enterprise.resource.webcontainer.faces.application] (default task-2) Created component with component type of 'jakarta.faces.HtmlOutputText'
[0m[32m14:37:37,237 FINE  [jakarta.enterprise.resource.webcontainer.faces.facelets.tag.component] (default task-2) /index.xhtml @15,61 <h:outputText> Component[2059540600_7ac2180d] Created: jakarta.faces.component.html.HtmlOutputText
[0m[32m14:37:37,237 FINE  [jakarta.enterprise.resource.webcontainer.faces.application] (default task-2) Created component with component type of 'jakarta.faces.HtmlPanelGroup'
[0m[32m14:37:37,237 FINE  [jakarta.enterprise.resource.webcontainer.faces.facelets.tag.component] (default task-2) /index.xhtml @17,60 <h:panelGroup> Component[2059540600_7ac218fa] Created: jakarta.faces.component.html.HtmlPanelGroup
[0m[32m14:37:37,238 FINE  [jakarta.enterprise.resource.webcontainer.faces.application] (default task-2) Created component with component type of 'jakarta.faces.HtmlOutputText'
[0m[32m14:37:37,238 FINE  [jakarta.enterprise.resource.webcontainer.faces.facelets.tag.component] (default task-2) /index.xhtml @19,60 <h:outputText> Component[2059540600_7ac218e4] Created: jakarta.faces.component.html.HtmlOutputText
[0m[32m14:37:37,238 FINE  [jakarta.enterprise.resource.webcontainer.faces.application] (default task-2) Created component with component type of 'jakarta.faces.HtmlPanelGroup'
[0m[32m14:37:37,238 FINE  [jakarta.enterprise.resource.webcontainer.faces.facelets.tag.component] (default task-2) /index.xhtml @21,61 <h:panelGroup> Component[2059540600_7ac218d1] Created: jakarta.faces.component.html.HtmlPanelGroup
[0m[32m14:37:37,238 FINE  [jakarta.enterprise.resource.webcontainer.faces.application] (default task-2) Created component with component type of 'jakarta.faces.HtmlOutputText'
[0m[32m14:37:37,238 FINE  [jakarta.enterprise.resource.webcontainer.faces.facelets.tag.component] (default task-2) /index.xhtml @23,59 <h:outputText> Component[2059540600_7ac218bb] Created: jakarta.faces.component.html.HtmlOutputText
[0m[32m14:37:37,238 FINE  [jakarta.enterprise.resource.webcontainer.faces.application] (default task-2) Created component with component type of 'jakarta.faces.HtmlForm'
[0m[32m14:37:37,238 FINE  [jakarta.enterprise.resource.webcontainer.faces.facelets.tag.component] (default task-2) /index.xhtml @26,11 <h:form> Component[2059540600_7ac218a8] Created: jakarta.faces.component.html.HtmlForm
[0m[32m14:37:37,238 FINE  [jakarta.enterprise.resource.webcontainer.faces.application] (default task-2) Created component with component type of 'jakarta.faces.HtmlPanelGroup'
[0m[32m14:37:37,238 FINE  [jakarta.enterprise.resource.webcontainer.faces.facelets.tag.component] (default task-2) /index.xhtml @27,62 <h:panelGroup> Component[2059540600_7ac21892] Created: jakarta.faces.component.html.HtmlPanelGroup
[0m[32m14:37:37,238 FINE  [jakarta.enterprise.resource.webcontainer.faces.application] (default task-2) Created component with component type of 'jakarta.faces.HtmlCommandButton'
[0m[32m14:37:37,238 FINE  [jakarta.enterprise.resource.webcontainer.faces.facelets.tag.component] (default task-2) /index.xhtml @29,119 <h:commandButton> Component[2059540600_7ac2197c] Created: jakarta.faces.component.html.HtmlCommandButton
[0m[32m14:37:37,238 FINE  [jakarta.enterprise.resource.webcontainer.faces.application] (default task-2) Created component with component type of 'jakarta.faces.HtmlCommandButton'
[0m[32m14:37:37,238 FINE  [jakarta.enterprise.resource.webcontainer.faces.facelets.tag.component] (default task-2) /index.xhtml @30,112 <h:commandButton> Component[2059540600_7ac21969] Created: jakarta.faces.component.html.HtmlCommandButton
[0m[32m14:37:37,239 FINE  [jakarta.enterprise.resource.webcontainer.faces.application] (default task-2) Created component with component type of 'jakarta.faces.HtmlPanelGroup'
[0m[32m14:37:37,239 FINE  [jakarta.enterprise.resource.webcontainer.faces.facelets.tag.component] (default task-2) /index.xhtml @33,34 <h:panelGroup> Component[2059540600_7ac21966] Created: jakarta.faces.component.html.HtmlPanelGroup
[0m[32m14:37:37,239 FINE  [jakarta.enterprise.resource.webcontainer.faces.application] (default task-2) Created component with component type of 'jakarta.faces.HtmlCommandButton'
[0m[32m14:37:37,239 FINE  [jakarta.enterprise.resource.webcontainer.faces.facelets.tag.component] (default task-2) /index.xhtml @35,124 <h:commandButton> Component[2059540600_7ac21940] Created: jakarta.faces.component.html.HtmlCommandButton
[0m[32m14:37:37,239 FINE  [jakarta.enterprise.resource.webcontainer.faces.application] (default task-2) Created component with component type of 'jakarta.faces.HtmlCommandButton'
[0m[32m14:37:37,239 FINE  [jakarta.enterprise.resource.webcontainer.faces.facelets.tag.component] (default task-2) /index.xhtml @36,117 <h:commandButton> Component[2059540600_7ac2193d] Created: jakarta.faces.component.html.HtmlCommandButton
[0m[32m14:37:37,239 FINE  [jakarta.enterprise.resource.webcontainer.faces.application] (default task-2) Rendering View: /index.xhtml
[0m[32m14:37:37,241 DEBUG [org.wildfly.clustering.marshalling.ByteBufferMarshalledValue] (default task-2) Marshalled size of java.util.concurrent.ConcurrentHashMap object = 588 bytes
[0m[32m14:37:37,285 FINE  [jakarta.enterprise.resource.webcontainer.faces.renderkit] (default task-2) component.getValue() returned HDoPfV_XEuPguRWp8Y9E9sbkeuAhg3z5sLnbkIGy
[0m[32m14:37:37,286 FINE  [jakarta.enterprise.resource.webcontainer.faces.renderkit] (default task-2) Value to be rendered HDoPfV_XEuPguRWp8Y9E9sbkeuAhg3z5sLnbkIGy
[0m[32m14:37:37,286 FINE  [jakarta.enterprise.resource.webcontainer.faces.renderkit] (default task-2) component.getValue() returned 80af7a46f92a
[0m[32m14:37:37,286 FINE  [jakarta.enterprise.resource.webcontainer.faces.renderkit] (default task-2) Value to be rendered 80af7a46f92a
[0m[32m14:37:37,286 FINE  [jakarta.enterprise.resource.webcontainer.faces.renderkit] (default task-2) component.getValue() returned 0
[0m[32m14:37:37,286 FINE  [jakarta.enterprise.resource.webcontainer.faces.application] (default task-2) Created converter of type 'jakarta.faces.convert.IntegerConverter'
[0m[32m14:37:37,286 FINE  [jakarta.enterprise.resource.webcontainer.faces.renderkit] (default task-2) Value to be rendered 0
[0m[32m14:37:37,288 FINE  [jakarta.enterprise.resource.webcontainer.faces.application] (default task-2) Begin writing marker for viewId /index.xhtml
[0m[32m14:37:37,288 FINE  [jakarta.enterprise.resource.webcontainer.faces.application] (default task-2) End writing marker for viewId /index.xhtml
[0m[32m14:37:37,288 FINE  [jakarta.faces.component] (default task-2) j_id1
[0m[32m14:37:37,288 FINE  [jakarta.enterprise.resource.webcontainer.faces.lifecycle] (default task-2) Exiting RenderResponsePhase
[0m[32m14:37:37,288 FINE  [jakarta.enterprise.resource.webcontainer.faces.timing] (default task-2)  [TIMING] - [52ms] : Execution time for phase (including any PhaseListeners) -> RENDER_RESPONSE 6
[0m[32m14:37:37,289 DEBUG [io.undertow.request.io] (default task-2) UT005013: An IOException occurred: java.net.SocketException: Connection reset
	at java.base/sun.nio.ch.SocketChannelImpl.throwConnectionReset(SocketChannelImpl.java:401)
	at java.base/sun.nio.ch.SocketChannelImpl.read(SocketChannelImpl.java:434)
	at org.jboss.xnio.nio@3.8.16.Final-redhat-00001//org.xnio.nio.NioSocketConduit.read(NioSocketConduit.java:289)
	at org.jboss.xnio@3.8.16.Final-redhat-00001//org.xnio.conduits.AbstractStreamSourceConduit.read(AbstractStreamSourceConduit.java:51)
	at io.undertow.core@2.3.23.SP3-redhat-00001//io.undertow.conduits.ReadTimeoutStreamSourceConduit.read(ReadTimeoutStreamSourceConduit.java:181)
	at org.jboss.xnio@3.8.16.Final-redhat-00001//org.xnio.conduits.AbstractStreamSourceConduit.read(AbstractStreamSourceConduit.java:51)
	at io.undertow.core@2.3.23.SP3-redhat-00001//io.undertow.conduits.BytesReceivedStreamSourceConduit.read(BytesReceivedStreamSourceConduit.java:67)
	at org.jboss.xnio@3.8.16.Final-redhat-00001//org.xnio.conduits.ConduitStreamSourceChannel.read(ConduitStreamSourceChannel.java:127)
	at io.undertow.core@2.3.23.SP3-redhat-00001//io.undertow.util.ConnectionUtils.doDrain(ConnectionUtils.java:96)
	at io.undertow.core@2.3.23.SP3-redhat-00001//io.undertow.util.ConnectionUtils.cleanClose(ConnectionUtils.java:74)
	at io.undertow.core@2.3.23.SP3-redhat-00001//io.undertow.server.protocol.http.HttpReadListener.exchangeComplete(HttpReadListener.java:374)
	at io.undertow.core@2.3.23.SP3-redhat-00001//io.undertow.server.protocol.http.HttpServerConnection.exchangeComplete(HttpServerConnection.java:244)
	at io.undertow.core@2.3.23.SP3-redhat-00001//io.undertow.server.HttpServerExchange$ExchangeCompleteNextListener.proceed(HttpServerExchange.java:2062)
	at io.undertow.core@2.3.23.SP3-redhat-00001//io.undertow.server.ConnectorStatisticsImpl$1.exchangeEvent(ConnectorStatisticsImpl.java:75)
	at io.undertow.core@2.3.23.SP3-redhat-00001//io.undertow.server.HttpServerExchange$ExchangeCompleteNextListener.proceed(HttpServerExchange.java:2060)
	at io.undertow.core@2.3.23.SP3-redhat-00001//io.undertow.server.handlers.MetricsHandler$2.exchangeEvent(MetricsHandler.java:60)
	at io.undertow.core@2.3.23.SP3-redhat-00001//io.undertow.server.HttpServerExchange.invokeExchangeCompleteListeners(HttpServerExchange.java:1436)
	at io.undertow.core@2.3.23.SP3-redhat-00001//io.undertow.server.HttpServerExchange.terminateResponse(HttpServerExchange.java:1723)
	at io.undertow.core@2.3.23.SP3-redhat-00001//io.undertow.server.Connectors.terminateResponse(Connectors.java:198)
	at io.undertow.core@2.3.23.SP3-redhat-00001//io.undertow.server.protocol.http.ServerFixedLengthStreamSinkConduit.channelFinished(ServerFixedLengthStreamSinkConduit.java:58)
	at io.undertow.core@2.3.23.SP3-redhat-00001//io.undertow.conduits.AbstractFixedLengthStreamSinkConduit.exitFlush(AbstractFixedLengthStreamSinkConduit.java:316)
	at io.undertow.core@2.3.23.SP3-redhat-00001//io.undertow.conduits.AbstractFixedLengthStreamSinkConduit.flush(AbstractFixedLengthStreamSinkConduit.java:234)
	at org.jboss.xnio@3.8.16.Final-redhat-00001//org.xnio.conduits.ConduitStreamSinkChannel.flush(ConduitStreamSinkChannel.java:162)
	at io.undertow.core@2.3.23.SP3-redhat-00001//io.undertow.channels.DetachableStreamSinkChannel.flush(DetachableStreamSinkChannel.java:119)
	at org.jboss.xnio@3.8.16.Final-redhat-00001//org.xnio.channels.Channels.flushBlocking(Channels.java:63)
	at io.undertow.servlet@2.3.23.SP3-redhat-00001//io.undertow.servlet.spec.ServletOutputStreamImpl.close(ServletOutputStreamImpl.java:654)
	at io.undertow.servlet@2.3.23.SP3-redhat-00001//io.undertow.servlet.spec.ServletPrintWriter.close(ServletPrintWriter.java:130)
	at io.undertow.servlet@2.3.23.SP3-redhat-00001//io.undertow.servlet.spec.ServletPrintWriterDelegate.close(ServletPrintWriterDelegate.java:79)
	at io.undertow.servlet@2.3.23.SP3-redhat-00001//io.undertow.servlet.spec.HttpServletResponseImpl.closeStreamAndWriter(HttpServletResponseImpl.java:505)
	at io.undertow.servlet@2.3.23.SP3-redhat-00001//io.undertow.servlet.spec.HttpServletResponseImpl.responseDone(HttpServletResponseImpl.java:606)
	at io.undertow.servlet@2.3.23.SP3-redhat-00001//io.undertow.servlet.handlers.ServletInitialHandler.handleFirstRequest(ServletInitialHandler.java:330)
	at io.undertow.servlet@2.3.23.SP3-redhat-00001//io.undertow.servlet.handlers.ServletInitialHandler$1.call(ServletInitialHandler.java:130)
	at io.undertow.servlet@2.3.23.SP3-redhat-00001//io.undertow.servlet.handlers.ServletInitialHandler$1.call(ServletInitialHandler.java:127)
	at io.undertow.servlet@2.3.23.SP3-redhat-00001//io.undertow.servlet.core.ServletRequestContextThreadSetupAction$1.call(ServletRequestContextThreadSetupAction.java:48)
	at io.undertow.servlet@2.3.23.SP3-redhat-00001//io.undertow.servlet.core.ContextClassLoaderSetupAction$1.call(ContextClassLoaderSetupAction.java:43)
	at org.wildfly.extension.undertow@8.1.1.GA-redhat-00012//org.wildfly.extension.undertow.deployment.UndertowDeploymentInfoService$UndertowThreadSetupAction.lambda$create$0(UndertowDeploymentInfoService.java:1421)
	at org.wildfly.extension.undertow@8.1.1.GA-redhat-00012//org.wildfly.extension.undertow.deployment.UndertowDeploymentInfoService$UndertowThreadSetupAction.lambda$create$0(UndertowDeploymentInfoService.java:1421)
	at org.wildfly.extension.undertow@8.1.1.GA-redhat-00012//org.wildfly.extension.undertow.deployment.UndertowDeploymentInfoService$UndertowThreadSetupAction.lambda$create$0(UndertowDeploymentInfoService.java:1421)
	at org.wildfly.extension.undertow@8.1.1.GA-redhat-00012//org.wildfly.extension.undertow.deployment.UndertowDeploymentInfoService$UndertowThreadSetupAction.lambda$create$0(UndertowDeploymentInfoService.java:1421)
	at io.undertow.servlet@2.3.23.SP3-redhat-00001//io.undertow.servlet.handlers.ServletInitialHandler.dispatchRequest(ServletInitialHandler.java:251)
	at io.undertow.servlet@2.3.23.SP3-redhat-00001//io.undertow.servlet.handlers.ServletInitialHandler.lambda$new$1(ServletInitialHandler.java:99)
	at io.undertow.core@2.3.23.SP3-redhat-00001//io.undertow.server.Connectors.executeRootHandler(Connectors.java:418)
	at io.undertow.core@2.3.23.SP3-redhat-00001//io.undertow.server.HttpServerExchange$1.run(HttpServerExchange.java:938)
	at org.jboss.threads@2.5.0.redhat-00001//org.jboss.threads.ContextClassLoaderSavingRunnable.run(ContextClassLoaderSavingRunnable.java:35)
	at org.jboss.threads@2.5.0.redhat-00001//org.jboss.threads.EnhancedQueueExecutor.safeRun(EnhancedQueueExecutor.java:2024)
	at org.jboss.threads@2.5.0.redhat-00001//org.jboss.threads.EnhancedQueueExecutor$ThreadBody.doRunTask(EnhancedQueueExecutor.java:1520)
	at org.jboss.threads@2.5.0.redhat-00001//org.jboss.threads.EnhancedQueueExecutor$ThreadBody.run(EnhancedQueueExecutor.java:1411)
	at org.jboss.xnio@3.8.16.Final-redhat-00001//org.xnio.XnioWorker$WorkerThreadFactory$1$1.run(XnioWorker.java:1282)
	at java.base/java.lang.Thread.run(Thread.java:1583)

[0m[32m14:37:37,290 DEBUG [org.wildfly.clustering.marshalling.ByteBufferMarshalledValue] (default task-2) Marshalled size of java.util.concurrent.ConcurrentHashMap object = 1884 bytes
[0m[32m14:37:39,292 DEBUG [io.undertow.request] (default I/O-3) Matched default handler path /index.xhtml
[0m[32m14:37:39,293 FINE  [jakarta.enterprise.resource.webcontainer.faces.lifecycle] (default task-2) execute(com.sun.faces.context.FacesContextImpl@6b9f411a)
[0m[32m14:37:39,294 FINE  [jakarta.enterprise.resource.webcontainer.faces.lifecycle] (default task-2) Entering RestoreViewPhase
[0m[32m14:37:39,294 FINE  [jakarta.enterprise.resource.webcontainer.faces.application] (default task-2) Created component with component type of 'jakarta.faces.ViewRoot'
[0m[32m14:37:39,294 FINE  [jakarta.enterprise.resource.webcontainer.faces.application] (default task-2) Created component with component type of 'jakarta.faces.ViewRoot'
[0m[32m14:37:39,294 FINE  [jakarta.enterprise.resource.webcontainer.faces.application] (default task-2) Created component with component type of 'jakarta.faces.ViewRoot'
[0m[32m14:37:39,294 FINE  [jakarta.enterprise.resource.webcontainer.faces.lifecycle] (default task-2) New request: creating a view for /index.xhtml
[0m[32m14:37:39,294 FINE  [jakarta.enterprise.resource.webcontainer.faces.application] (default task-2) Created component with component type of 'jakarta.faces.ViewRoot'
[0m[32m14:37:39,294 FINE  [jakarta.enterprise.resource.webcontainer.faces.application] (default task-2) Created new view for /index.xhtml
[0m[32m14:37:39,294 FINE  [jakarta.enterprise.resource.webcontainer.faces.application] (default task-2) Locale for this view as determined by calculateLocale en_US
[0m[32m14:37:39,295 FINE  [jakarta.enterprise.resource.webcontainer.faces.application] (default task-2) Created component with component type of 'jakarta.faces.ViewRoot'
[0m[32m14:37:39,295 FINE  [jakarta.enterprise.resource.webcontainer.faces.application] (default task-2) RenderKitId for this view as determined by calculateRenderKitId HTML_BASIC
[0m[32m14:37:39,295 FINE  [jakarta.enterprise.resource.webcontainer.faces.lifecycle] (default task-2) Exiting RestoreViewPhase
[0m[32m14:37:39,296 FINE  [jakarta.enterprise.resource.webcontainer.faces.timing] (default task-2)  [TIMING] - [1ms] : Execution time for phase (including any PhaseListeners) -> RESTORE_VIEW 1
[0m[32m14:37:39,296 FINE  [jakarta.enterprise.resource.webcontainer.faces.lifecycle] (default task-2) render(com.sun.faces.context.FacesContextImpl@6b9f411a)
[0m[32m14:37:39,296 FINE  [jakarta.enterprise.resource.webcontainer.faces.lifecycle] (default task-2) Entering RenderResponsePhase
[0m[32m14:37:39,296 FINE  [jakarta.enterprise.resource.webcontainer.faces.lifecycle] (default task-2) About to render view /index.xhtml
[0m[32m14:37:39,296 FINE  [jakarta.enterprise.resource.webcontainer.faces.application] (default task-2) Building View: /index.xhtml
[0m[32m14:37:39,297 FINE  [jakarta.enterprise.resource.webcontainer.faces.application] (default task-2) Created component with component type of 'jakarta.faces.Output'
[0m[32m14:37:39,297 FINE  [jakarta.enterprise.resource.webcontainer.faces.facelets.tag.component] (default task-2) /index.xhtml @6,11 <h:head> Component[2059540600_7ac2185f] Created: jakarta.faces.component.UIOutput
[0m[32m14:37:39,297 FINE  [jakarta.enterprise.resource.webcontainer.faces.application] (default task-2) Created component with component type of 'jakarta.faces.OutputBody'
[0m[32m14:37:39,297 FINE  [jakarta.enterprise.resource.webcontainer.faces.facelets.tag.component] (default task-2) /index.xhtml @10,11 <h:body> Component[2059540600_7ac21839] Created: jakarta.faces.component.html.HtmlBody
[0m[32m14:37:39,297 FINE  [jakarta.enterprise.resource.webcontainer.faces.application] (default task-2) Created component with component type of 'jakarta.faces.HtmlPanelGroup'
[0m[32m14:37:39,297 FINE  [jakarta.enterprise.resource.webcontainer.faces.facelets.tag.component] (default task-2) /index.xhtml @13,60 <h:panelGroup> Component[2059540600_7ac21823] Created: jakarta.faces.component.html.HtmlPanelGroup
[0m[32m14:37:39,297 FINE  [jakarta.enterprise.resource.webcontainer.faces.application] (default task-2) Created component with component type of 'jakarta.faces.HtmlOutputText'
[0m[32m14:37:39,297 FINE  [jakarta.enterprise.resource.webcontainer.faces.facelets.tag.component] (default task-2) /index.xhtml @15,61 <h:outputText> Component[2059540600_7ac2180d] Created: jakarta.faces.component.html.HtmlOutputText
[0m[32m14:37:39,297 FINE  [jakarta.enterprise.resource.webcontainer.faces.application] (default task-2) Created component with component type of 'jakarta.faces.HtmlPanelGroup'
[0m[32m14:37:39,297 FINE  [jakarta.enterprise.resource.webcontainer.faces.facelets.tag.component] (default task-2) /index.xhtml @17,60 <h:panelGroup> Component[2059540600_7ac218fa] Created: jakarta.faces.component.html.HtmlPanelGroup
[0m[32m14:37:39,298 FINE  [jakarta.enterprise.resource.webcontainer.faces.application] (default task-2) Created component with component type of 'jakarta.faces.HtmlOutputText'
[0m[32m14:37:39,298 FINE  [jakarta.enterprise.resource.webcontainer.faces.facelets.tag.component] (default task-2) /index.xhtml @19,60 <h:outputText> Component[2059540600_7ac218e4] Created: jakarta.faces.component.html.HtmlOutputText
[0m[32m14:37:39,298 FINE  [jakarta.enterprise.resource.webcontainer.faces.application] (default task-2) Created component with component type of 'jakarta.faces.HtmlPanelGroup'
[0m[32m14:37:39,298 FINE  [jakarta.enterprise.resource.webcontainer.faces.facelets.tag.component] (default task-2) /index.xhtml @21,61 <h:panelGroup> Component[2059540600_7ac218d1] Created: jakarta.faces.component.html.HtmlPanelGroup
[0m[32m14:37:39,298 FINE  [jakarta.enterprise.resource.webcontainer.faces.application] (default task-2) Created component with component type of 'jakarta.faces.HtmlOutputText'
[0m[32m14:37:39,298 FINE  [jakarta.enterprise.resource.webcontainer.faces.facelets.tag.component] (default task-2) /index.xhtml @23,59 <h:outputText> Component[2059540600_7ac218bb] Created: jakarta.faces.component.html.HtmlOutputText
[0m[32m14:37:39,298 FINE  [jakarta.enterprise.resource.webcontainer.faces.application] (default task-2) Created component with component type of 'jakarta.faces.HtmlForm'
[0m[32m14:37:39,298 FINE  [jakarta.enterprise.resource.webcontainer.faces.facelets.tag.component] (default task-2) /index.xhtml @26,11 <h:form> Component[2059540600_7ac218a8] Created: jakarta.faces.component.html.HtmlForm
[0m[32m14:37:39,298 FINE  [jakarta.enterprise.resource.webcontainer.faces.application] (default task-2) Created component with component type of 'jakarta.faces.HtmlPanelGroup'
[0m[32m14:37:39,298 FINE  [jakarta.enterprise.resource.webcontainer.faces.facelets.tag.component] (default task-2) /index.xhtml @27,62 <h:panelGroup> Component[2059540600_7ac21892] Created: jakarta.faces.component.html.HtmlPanelGroup
[0m[32m14:37:39,298 FINE  [jakarta.enterprise.resource.webcontainer.faces.application] (default task-2) Created component with component type of 'jakarta.faces.HtmlCommandButton'
[0m[32m14:37:39,298 FINE  [jakarta.enterprise.resource.webcontainer.faces.facelets.tag.component] (default task-2) /index.xhtml @29,119 <h:commandButton> Component[2059540600_7ac2197c] Created: jakarta.faces.component.html.HtmlCommandButton
[0m[32m14:37:39,298 FINE  [jakarta.enterprise.resource.webcontainer.faces.application] (default task-2) Created component with component type of 'jakarta.faces.HtmlCommandButton'
[0m[32m14:37:39,298 FINE  [jakarta.enterprise.resource.webcontainer.faces.facelets.tag.component] (default task-2) /index.xhtml @30,112 <h:commandButton> Component[2059540600_7ac21969] Created: jakarta.faces.component.html.HtmlCommandButton
[0m[32m14:37:39,298 FINE  [jakarta.enterprise.resource.webcontainer.faces.application] (default task-2) Created component with component type of 'jakarta.faces.HtmlPanelGroup'
[0m[32m14:37:39,298 FINE  [jakarta.enterprise.resource.webcontainer.faces.facelets.tag.component] (default task-2) /index.xhtml @33,34 <h:panelGroup> Component[2059540600_7ac21966] Created: jakarta.faces.component.html.HtmlPanelGroup
[0m[32m14:37:39,298 FINE  [jakarta.enterprise.resource.webcontainer.faces.application] (default task-2) Created component with component type of 'jakarta.faces.HtmlCommandButton'
[0m[32m14:37:39,299 FINE  [jakarta.enterprise.resource.webcontainer.faces.facelets.tag.component] (default task-2) /index.xhtml @35,124 <h:commandButton> Component[2059540600_7ac21940] Created: jakarta.faces.component.html.HtmlCommandButton
[0m[32m14:37:39,299 FINE  [jakarta.enterprise.resource.webcontainer.faces.application] (default task-2) Created component with component type of 'jakarta.faces.HtmlCommandButton'
[0m[32m14:37:39,299 FINE  [jakarta.enterprise.resource.webcontainer.faces.facelets.tag.component] (default task-2) /index.xhtml @36,117 <h:commandButton> Component[2059540600_7ac2193d] Created: jakarta.faces.component.html.HtmlCommandButton
[0m[32m14:37:39,299 FINE  [jakarta.enterprise.resource.webcontainer.faces.application] (default task-2) Rendering View: /index.xhtml
[0m[32m14:37:39,301 DEBUG [org.wildfly.clustering.marshalling.ByteBufferMarshalledValue] (default task-2) Marshalled size of java.util.concurrent.ConcurrentHashMap object = 588 bytes
[0m[32m14:37:39,345 FINE  [jakarta.enterprise.resource.webcontainer.faces.renderkit] (default task-2) component.getValue() returned VnXYbayEcV1qhybTRnjwjgtJI8sP7DfLxcsRhffO
[0m[32m14:37:39,345 FINE  [jakarta.enterprise.resource.webcontainer.faces.renderkit] (default task-2) Value to be rendered VnXYbayEcV1qhybTRnjwjgtJI8sP7DfLxcsRhffO
[0m[32m14:37:39,345 FINE  [jakarta.enterprise.resource.webcontainer.faces.renderkit] (default task-2) component.getValue() returned 80af7a46f92a
[0m[32m14:37:39,346 FINE  [jakarta.enterprise.resource.webcontainer.faces.renderkit] (default task-2) Value to be rendered 80af7a46f92a
[0m[32m14:37:39,346 FINE  [jakarta.enterprise.resource.webcontainer.faces.renderkit] (default task-2) component.getValue() returned 0
[0m[32m14:37:39,346 FINE  [jakarta.enterprise.resource.webcontainer.faces.application] (default task-2) Created converter of type 'jakarta.faces.convert.IntegerConverter'
[0m[32m14:37:39,346 FINE  [jakarta.enterprise.resource.webcontainer.faces.renderkit] (default task-2) Value to be rendered 0
[0m[32m14:37:39,347 FINE  [jakarta.enterprise.resource.webcontainer.faces.application] (default task-2) Begin writing marker for viewId /index.xhtml
[0m[32m14:37:39,347 FINE  [jakarta.enterprise.resource.webcontainer.faces.application] (default task-2) End writing marker for viewId /index.xhtml
[0m[32m14:37:39,348 FINE  [jakarta.faces.component] (default task-2) j_id1
[0m[32m14:37:39,348 FINE  [jakarta.enterprise.resource.webcontainer.faces.lifecycle] (default task-2) Exiting RenderResponsePhase
[0m[32m14:37:39,348 FINE  [jakarta.enterprise.resource.webcontainer.faces.timing] (default task-2)  [TIMING] - [52ms] : Execution time for phase (including any PhaseListeners) -> RENDER_RESPONSE 6
[0m[32m14:37:39,349 DEBUG [io.undertow.request.io] (default task-2) UT005013: An IOException occurred: java.net.SocketException: Connection reset
	at java.base/sun.nio.ch.SocketChannelImpl.throwConnectionReset(SocketChannelImpl.java:401)
	at java.base/sun.nio.ch.SocketChannelImpl.read(SocketChannelImpl.java:434)
	at org.jboss.xnio.nio@3.8.16.Final-redhat-00001//org.xnio.nio.NioSocketConduit.read(NioSocketConduit.java:289)
	at org.jboss.xnio@3.8.16.Final-redhat-00001//org.xnio.conduits.AbstractStreamSourceConduit.read(AbstractStreamSourceConduit.java:51)
	at io.undertow.core@2.3.23.SP3-redhat-00001//io.undertow.conduits.ReadTimeoutStreamSourceConduit.read(ReadTimeoutStreamSourceConduit.java:181)
	at org.jboss.xnio@3.8.16.Final-redhat-00001//org.xnio.conduits.AbstractStreamSourceConduit.read(AbstractStreamSourceConduit.java:51)
	at io.undertow.core@2.3.23.SP3-redhat-00001//io.undertow.conduits.BytesReceivedStreamSourceConduit.read(BytesReceivedStreamSourceConduit.java:67)
	at org.jboss.xnio@3.8.16.Final-redhat-00001//org.xnio.conduits.ConduitStreamSourceChannel.read(ConduitStreamSourceChannel.java:127)
	at io.undertow.core@2.3.23.SP3-redhat-00001//io.undertow.util.ConnectionUtils.doDrain(ConnectionUtils.java:96)
	at io.undertow.core@2.3.23.SP3-redhat-00001//io.undertow.util.ConnectionUtils.cleanClose(ConnectionUtils.java:74)
	at io.undertow.core@2.3.23.SP3-redhat-00001//io.undertow.server.protocol.http.HttpReadListener.exchangeComplete(HttpReadListener.java:374)
	at io.undertow.core@2.3.23.SP3-redhat-00001//io.undertow.server.protocol.http.HttpServerConnection.exchangeComplete(HttpServerConnection.java:244)
	at io.undertow.core@2.3.23.SP3-redhat-00001//io.undertow.server.HttpServerExchange$ExchangeCompleteNextListener.proceed(HttpServerExchange.java:2062)
	at io.undertow.core@2.3.23.SP3-redhat-00001//io.undertow.server.ConnectorStatisticsImpl$1.exchangeEvent(ConnectorStatisticsImpl.java:75)
	at io.undertow.core@2.3.23.SP3-redhat-00001//io.undertow.server.HttpServerExchange$ExchangeCompleteNextListener.proceed(HttpServerExchange.java:2060)
	at io.undertow.core@2.3.23.SP3-redhat-00001//io.undertow.server.handlers.MetricsHandler$2.exchangeEvent(MetricsHandler.java:60)
	at io.undertow.core@2.3.23.SP3-redhat-00001//io.undertow.server.HttpServerExchange.invokeExchangeCompleteListeners(HttpServerExchange.java:1436)
	at io.undertow.core@2.3.23.SP3-redhat-00001//io.undertow.server.HttpServerExchange.terminateResponse(HttpServerExchange.java:1723)
	at io.undertow.core@2.3.23.SP3-redhat-00001//io.undertow.server.Connectors.terminateResponse(Connectors.java:198)
	at io.undertow.core@2.3.23.SP3-redhat-00001//io.undertow.server.protocol.http.ServerFixedLengthStreamSinkConduit.channelFinished(ServerFixedLengthStreamSinkConduit.java:58)
	at io.undertow.core@2.3.23.SP3-redhat-00001//io.undertow.conduits.AbstractFixedLengthStreamSinkConduit.exitFlush(AbstractFixedLengthStreamSinkConduit.java:316)
	at io.undertow.core@2.3.23.SP3-redhat-00001//io.undertow.conduits.AbstractFixedLengthStreamSinkConduit.flush(AbstractFixedLengthStreamSinkConduit.java:234)
	at org.jboss.xnio@3.8.16.Final-redhat-00001//org.xnio.conduits.ConduitStreamSinkChannel.flush(ConduitStreamSinkChannel.java:162)
	at io.undertow.core@2.3.23.SP3-redhat-00001//io.undertow.channels.DetachableStreamSinkChannel.flush(DetachableStreamSinkChannel.java:119)
	at org.jboss.xnio@3.8.16.Final-redhat-00001//org.xnio.channels.Channels.flushBlocking(Channels.java:63)
	at io.undertow.servlet@2.3.23.SP3-redhat-00001//io.undertow.servlet.spec.ServletOutputStreamImpl.close(ServletOutputStreamImpl.java:654)
	at io.undertow.servlet@2.3.23.SP3-redhat-00001//io.undertow.servlet.spec.ServletPrintWriter.close(ServletPrintWriter.java:130)
	at io.undertow.servlet@2.3.23.SP3-redhat-00001//io.undertow.servlet.spec.ServletPrintWriterDelegate.close(ServletPrintWriterDelegate.java:79)
	at io.undertow.servlet@2.3.23.SP3-redhat-00001//io.undertow.servlet.spec.HttpServletResponseImpl.closeStreamAndWriter(HttpServletResponseImpl.java:505)
	at io.undertow.servlet@2.3.23.SP3-redhat-00001//io.undertow.servlet.spec.HttpServletResponseImpl.responseDone(HttpServletResponseImpl.java:606)
	at io.undertow.servlet@2.3.23.SP3-redhat-00001//io.undertow.servlet.handlers.ServletInitialHandler.handleFirstRequest(ServletInitialHandler.java:330)
	at io.undertow.servlet@2.3.23.SP3-redhat-00001//io.undertow.servlet.handlers.ServletInitialHandler$1.call(ServletInitialHandler.java:130)
	at io.undertow.servlet@2.3.23.SP3-redhat-00001//io.undertow.servlet.handlers.ServletInitialHandler$1.call(ServletInitialHandler.java:127)
	at io.undertow.servlet@2.3.23.SP3-redhat-00001//io.undertow.servlet.core.ServletRequestContextThreadSetupAction$1.call(ServletRequestContextThreadSetupAction.java:48)
	at io.undertow.servlet@2.3.23.SP3-redhat-00001//io.undertow.servlet.core.ContextClassLoaderSetupAction$1.call(ContextClassLoaderSetupAction.java:43)
	at org.wildfly.extension.undertow@8.1.1.GA-redhat-00012//org.wildfly.extension.undertow.deployment.UndertowDeploymentInfoService$UndertowThreadSetupAction.lambda$create$0(UndertowDeploymentInfoService.java:1421)
	at org.wildfly.extension.undertow@8.1.1.GA-redhat-00012//org.wildfly.extension.undertow.deployment.UndertowDeploymentInfoService$UndertowThreadSetupAction.lambda$create$0(UndertowDeploymentInfoService.java:1421)
	at org.wildfly.extension.undertow@8.1.1.GA-redhat-00012//org.wildfly.extension.undertow.deployment.UndertowDeploymentInfoService$UndertowThreadSetupAction.lambda$create$0(UndertowDeploymentInfoService.java:1421)
	at org.wildfly.extension.undertow@8.1.1.GA-redhat-00012//org.wildfly.extension.undertow.deployment.UndertowDeploymentInfoService$UndertowThreadSetupAction.lambda$create$0(UndertowDeploymentInfoService.java:1421)
	at io.undertow.servlet@2.3.23.SP3-redhat-00001//io.undertow.servlet.handlers.ServletInitialHandler.dispatchRequest(ServletInitialHandler.java:251)
	at io.undertow.servlet@2.3.23.SP3-redhat-00001//io.undertow.servlet.handlers.ServletInitialHandler.lambda$new$1(ServletInitialHandler.java:99)
	at io.undertow.core@2.3.23.SP3-redhat-00001//io.undertow.server.Connectors.executeRootHandler(Connectors.java:418)
	at io.undertow.core@2.3.23.SP3-redhat-00001//io.undertow.server.HttpServerExchange$1.run(HttpServerExchange.java:938)
	at org.jboss.threads@2.5.0.redhat-00001//org.jboss.threads.ContextClassLoaderSavingRunnable.run(ContextClassLoaderSavingRunnable.java:35)
	at org.jboss.threads@2.5.0.redhat-00001//org.jboss.threads.EnhancedQueueExecutor.safeRun(EnhancedQueueExecutor.java:2024)
	at org.jboss.threads@2.5.0.redhat-00001//org.jboss.threads.EnhancedQueueExecutor$ThreadBody.doRunTask(EnhancedQueueExecutor.java:1520)
	at org.jboss.threads@2.5.0.redhat-00001//org.jboss.threads.EnhancedQueueExecutor$ThreadBody.run(EnhancedQueueExecutor.java:1411)
	at org.jboss.xnio@3.8.16.Final-redhat-00001//org.xnio.XnioWorker$WorkerThreadFactory$1$1.run(XnioWorker.java:1282)
	at java.base/java.lang.Thread.run(Thread.java:1583)

[0m[32m14:37:39,350 DEBUG [org.wildfly.clustering.marshalling.ByteBufferMarshalledValue] (default task-2) Marshalled size of java.util.concurrent.ConcurrentHashMap object = 1884 bytes
[0m[32m14:37:41,351 DEBUG [io.undertow.request] (default I/O-8) Matched default handler path /index.xhtml
[0m[32m14:37:41,352 FINE  [jakarta.enterprise.resource.webcontainer.faces.lifecycle] (default task-2) execute(com.sun.faces.context.FacesContextImpl@53d4555a)
[0m[32m14:37:41,353 FINE  [jakarta.enterprise.resource.webcontainer.faces.lifecycle] (default task-2) Entering RestoreViewPhase
[0m[32m14:37:41,353 FINE  [jakarta.enterprise.resource.webcontainer.faces.application] (default task-2) Created component with component type of 'jakarta.faces.ViewRoot'
[0m[32m14:37:41,353 FINE  [jakarta.enterprise.resource.webcontainer.faces.application] (default task-2) Created component with component type of 'jakarta.faces.ViewRoot'
[0m[32m14:37:41,353 FINE  [jakarta.enterprise.resource.webcontainer.faces.application] (default task-2) Created component with component type of 'jakarta.faces.ViewRoot'
[0m[32m14:37:41,353 FINE  [jakarta.enterprise.resource.webcontainer.faces.lifecycle] (default task-2) New request: creating a view for /index.xhtml
[0m[32m14:37:41,353 FINE  [jakarta.enterprise.resource.webcontainer.faces.application] (default task-2) Created component with component type of 'jakarta.faces.ViewRoot'
[0m[32m14:37:41,353 FINE  [jakarta.enterprise.resource.webcontainer.faces.application] (default task-2) Created new view for /index.xhtml
[0m[32m14:37:41,353 FINE  [jakarta.enterprise.resource.webcontainer.faces.application] (default task-2) Locale for this view as determined by calculateLocale en_US
[0m[32m14:37:41,353 FINE  [jakarta.enterprise.resource.webcontainer.faces.application] (default task-2) Created component with component type of 'jakarta.faces.ViewRoot'
[0m[32m14:37:41,353 FINE  [jakarta.enterprise.resource.webcontainer.faces.application] (default task-2) RenderKitId for this view as determined by calculateRenderKitId HTML_BASIC
[0m[32m14:37:41,354 FINE  [jakarta.enterprise.resource.webcontainer.faces.lifecycle] (default task-2) Exiting RestoreViewPhase
[0m[32m14:37:41,354 FINE  [jakarta.enterprise.resource.webcontainer.faces.timing] (default task-2)  [TIMING] - [1ms] : Execution time for phase (including any PhaseListeners) -> RESTORE_VIEW 1
[0m[32m14:37:41,354 FINE  [jakarta.enterprise.resource.webcontainer.faces.lifecycle] (default task-2) render(com.sun.faces.context.FacesContextImpl@53d4555a)
[0m[32m14:37:41,354 FINE  [jakarta.enterprise.resource.webcontainer.faces.lifecycle] (default task-2) Entering RenderResponsePhase
[0m[32m14:37:41,354 FINE  [jakarta.enterprise.resource.webcontainer.faces.lifecycle] (default task-2) About to render view /index.xhtml
[0m[32m14:37:41,354 FINE  [jakarta.enterprise.resource.webcontainer.faces.application] (default task-2) Building View: /index.xhtml
[0m[32m14:37:41,355 FINE  [jakarta.enterprise.resource.webcontainer.faces.application] (default task-2) Created component with component type of 'jakarta.faces.Output'
[0m[32m14:37:41,355 FINE  [jakarta.enterprise.resource.webcontainer.faces.facelets.tag.component] (default task-2) /index.xhtml @6,11 <h:head> Component[2059540600_7ac2185f] Created: jakarta.faces.component.UIOutput
[0m[32m14:37:41,355 FINE  [jakarta.enterprise.resource.webcontainer.faces.application] (default task-2) Created component with component type of 'jakarta.faces.OutputBody'
[0m[32m14:37:41,355 FINE  [jakarta.enterprise.resource.webcontainer.faces.facelets.tag.component] (default task-2) /index.xhtml @10,11 <h:body> Component[2059540600_7ac21839] Created: jakarta.faces.component.html.HtmlBody
[0m[32m14:37:41,355 FINE  [jakarta.enterprise.resource.webcontainer.faces.application] (default task-2) Created component with component type of 'jakarta.faces.HtmlPanelGroup'
[0m[32m14:37:41,355 FINE  [jakarta.enterprise.resource.webcontainer.faces.facelets.tag.component] (default task-2) /index.xhtml @13,60 <h:panelGroup> Component[2059540600_7ac21823] Created: jakarta.faces.component.html.HtmlPanelGroup
[0m[32m14:37:41,355 FINE  [jakarta.enterprise.resource.webcontainer.faces.application] (default task-2) Created component with component type of 'jakarta.faces.HtmlOutputText'
[0m[32m14:37:41,355 FINE  [jakarta.enterprise.resource.webcontainer.faces.facelets.tag.component] (default task-2) /index.xhtml @15,61 <h:outputText> Component[2059540600_7ac2180d] Created: jakarta.faces.component.html.HtmlOutputText
[0m[32m14:37:41,355 FINE  [jakarta.enterprise.resource.webcontainer.faces.application] (default task-2) Created component with component type of 'jakarta.faces.HtmlPanelGroup'
[0m[32m14:37:41,355 FINE  [jakarta.enterprise.resource.webcontainer.faces.facelets.tag.component] (default task-2) /index.xhtml @17,60 <h:panelGroup> Component[2059540600_7ac218fa] Created: jakarta.faces.component.html.HtmlPanelGroup
[0m[32m14:37:41,355 FINE  [jakarta.enterprise.resource.webcontainer.faces.application] (default task-2) Created component with component type of 'jakarta.faces.HtmlOutputText'
[0m[32m14:37:41,355 FINE  [jakarta.enterprise.resource.webcontainer.faces.facelets.tag.component] (default task-2) /index.xhtml @19,60 <h:outputText> Component[2059540600_7ac218e4] Created: jakarta.faces.component.html.HtmlOutputText
[0m[32m14:37:41,356 FINE  [jakarta.enterprise.resource.webcontainer.faces.application] (default task-2) Created component with component type of 'jakarta.faces.HtmlPanelGroup'
[0m[32m14:37:41,356 FINE  [jakarta.enterprise.resource.webcontainer.faces.facelets.tag.component] (default task-2) /index.xhtml @21,61 <h:panelGroup> Component[2059540600_7ac218d1] Created: jakarta.faces.component.html.HtmlPanelGroup
[0m[32m14:37:41,356 FINE  [jakarta.enterprise.resource.webcontainer.faces.application] (default task-2) Created component with component type of 'jakarta.faces.HtmlOutputText'
[0m[32m14:37:41,356 FINE  [jakarta.enterprise.resource.webcontainer.faces.facelets.tag.component] (default task-2) /index.xhtml @23,59 <h:outputText> Component[2059540600_7ac218bb] Created: jakarta.faces.component.html.HtmlOutputText
[0m[32m14:37:41,356 FINE  [jakarta.enterprise.resource.webcontainer.faces.application] (default task-2) Created component with component type of 'jakarta.faces.HtmlForm'
[0m[32m14:37:41,356 FINE  [jakarta.enterprise.resource.webcontainer.faces.facelets.tag.component] (default task-2) /index.xhtml @26,11 <h:form> Component[2059540600_7ac218a8] Created: jakarta.faces.component.html.HtmlForm
[0m[32m14:37:41,356 FINE  [jakarta.enterprise.resource.webcontainer.faces.application] (default task-2) Created component with component type of 'jakarta.faces.HtmlPanelGroup'
[0m[32m14:37:41,356 FINE  [jakarta.enterprise.resource.webcontainer.faces.facelets.tag.component] (default task-2) /index.xhtml @27,62 <h:panelGroup> Component[2059540600_7ac21892] Created: jakarta.faces.component.html.HtmlPanelGroup
[0m[32m14:37:41,356 FINE  [jakarta.enterprise.resource.webcontainer.faces.application] (default task-2) Created component with component type of 'jakarta.faces.HtmlCommandButton'
[0m[32m14:37:41,356 FINE  [jakarta.enterprise.resource.webcontainer.faces.facelets.tag.component] (default task-2) /index.xhtml @29,119 <h:commandButton> Component[2059540600_7ac2197c] Created: jakarta.faces.component.html.HtmlCommandButton
[0m[32m14:37:41,356 FINE  [jakarta.enterprise.resource.webcontainer.faces.application] (default task-2) Created component with component type of 'jakarta.faces.HtmlCommandButton'
[0m[32m14:37:41,356 FINE  [jakarta.enterprise.resource.webcontainer.faces.facelets.tag.component] (default task-2) /index.xhtml @30,112 <h:commandButton> Component[2059540600_7ac21969] Created: jakarta.faces.component.html.HtmlCommandButton
[0m[32m14:37:41,356 FINE  [jakarta.enterprise.resource.webcontainer.faces.application] (default task-2) Created component with component type of 'jakarta.faces.HtmlPanelGroup'
[0m[32m14:37:41,356 FINE  [jakarta.enterprise.resource.webcontainer.faces.facelets.tag.component] (default task-2) /index.xhtml @33,34 <h:panelGroup> Component[2059540600_7ac21966] Created: jakarta.faces.component.html.HtmlPanelGroup
[0m[32m14:37:41,357 FINE  [jakarta.enterprise.resource.webcontainer.faces.application] (default task-2) Created component with component type of 'jakarta.faces.HtmlCommandButton'
[0m[32m14:37:41,357 FINE  [jakarta.enterprise.resource.webcontainer.faces.facelets.tag.component] (default task-2) /index.xhtml @35,124 <h:commandButton> Component[2059540600_7ac21940] Created: jakarta.faces.component.html.HtmlCommandButton
[0m[32m14:37:41,357 FINE  [jakarta.enterprise.resource.webcontainer.faces.application] (default task-2) Created component with component type of 'jakarta.faces.HtmlCommandButton'
[0m[32m14:37:41,357 FINE  [jakarta.enterprise.resource.webcontainer.faces.facelets.tag.component] (default task-2) /index.xhtml @36,117 <h:commandButton> Component[2059540600_7ac2193d] Created: jakarta.faces.component.html.HtmlCommandButton
[0m[32m14:37:41,357 FINE  [jakarta.enterprise.resource.webcontainer.faces.application] (default task-2) Rendering View: /index.xhtml
[0m[32m14:37:41,359 DEBUG [org.wildfly.clustering.marshalling.ByteBufferMarshalledValue] (default task-2) Marshalled size of java.util.concurrent.ConcurrentHashMap object = 588 bytes
[0m[32m14:37:41,404 FINE  [jakarta.enterprise.resource.webcontainer.faces.renderkit] (default task-2) component.getValue() returned CRilP5KkCy3QXawblsgWJiuWzSrRKIo-jV_8VQWH
[0m[32m14:37:41,405 FINE  [jakarta.enterprise.resource.webcontainer.faces.renderkit] (default task-2) Value to be rendered CRilP5KkCy3QXawblsgWJiuWzSrRKIo-jV_8VQWH
[0m[32m14:37:41,405 FINE  [jakarta.enterprise.resource.webcontainer.faces.renderkit] (default task-2) component.getValue() returned 80af7a46f92a
[0m[32m14:37:41,405 FINE  [jakarta.enterprise.resource.webcontainer.faces.renderkit] (default task-2) Value to be rendered 80af7a46f92a
[0m[32m14:37:41,405 FINE  [jakarta.enterprise.resource.webcontainer.faces.renderkit] (default task-2) component.getValue() returned 0
[0m[32m14:37:41,406 FINE  [jakarta.enterprise.resource.webcontainer.faces.application] (default task-2) Created converter of type 'jakarta.faces.convert.IntegerConverter'
[0m[32m14:37:41,406 FINE  [jakarta.enterprise.resource.webcontainer.faces.renderkit] (default task-2) Value to be rendered 0
[0m[32m14:37:41,407 FINE  [jakarta.enterprise.resource.webcontainer.faces.application] (default task-2) Begin writing marker for viewId /index.xhtml
[0m[32m14:37:41,407 FINE  [jakarta.enterprise.resource.webcontainer.faces.application] (default task-2) End writing marker for viewId /index.xhtml
[0m[32m14:37:41,407 FINE  [jakarta.faces.component] (default task-2) j_id1
[0m[32m14:37:41,407 FINE  [jakarta.enterprise.resource.webcontainer.faces.lifecycle] (default task-2) Exiting RenderResponsePhase
[0m[32m14:37:41,408 FINE  [jakarta.enterprise.resource.webcontainer.faces.timing] (default task-2)  [TIMING] - [54ms] : Execution time for phase (including any PhaseListeners) -> RENDER_RESPONSE 6
[0m[32m14:37:41,409 DEBUG [io.undertow.request.io] (default task-2) UT005013: An IOException occurred: java.net.SocketException: Connection reset
	at java.base/sun.nio.ch.SocketChannelImpl.throwConnectionReset(SocketChannelImpl.java:401)
	at java.base/sun.nio.ch.SocketChannelImpl.read(SocketChannelImpl.java:434)
	at org.jboss.xnio.nio@3.8.16.Final-redhat-00001//org.xnio.nio.NioSocketConduit.read(NioSocketConduit.java:289)
	at org.jboss.xnio@3.8.16.Final-redhat-00001//org.xnio.conduits.AbstractStreamSourceConduit.read(AbstractStreamSourceConduit.java:51)
	at io.undertow.core@2.3.23.SP3-redhat-00001//io.undertow.conduits.ReadTimeoutStreamSourceConduit.read(ReadTimeoutStreamSourceConduit.java:181)
	at org.jboss.xnio@3.8.16.Final-redhat-00001//org.xnio.conduits.AbstractStreamSourceConduit.read(AbstractStreamSourceConduit.java:51)
	at io.undertow.core@2.3.23.SP3-redhat-00001//io.undertow.conduits.BytesReceivedStreamSourceConduit.read(BytesReceivedStreamSourceConduit.java:67)
	at org.jboss.xnio@3.8.16.Final-redhat-00001//org.xnio.conduits.ConduitStreamSourceChannel.read(ConduitStreamSourceChannel.java:127)
	at io.undertow.core@2.3.23.SP3-redhat-00001//io.undertow.util.ConnectionUtils.doDrain(ConnectionUtils.java:96)
	at io.undertow.core@2.3.23.SP3-redhat-00001//io.undertow.util.ConnectionUtils.cleanClose(ConnectionUtils.java:74)
	at io.undertow.core@2.3.23.SP3-redhat-00001//io.undertow.server.protocol.http.HttpReadListener.exchangeComplete(HttpReadListener.java:374)
	at io.undertow.core@2.3.23.SP3-redhat-00001//io.undertow.server.protocol.http.HttpServerConnection.exchangeComplete(HttpServerConnection.java:244)
	at io.undertow.core@2.3.23.SP3-redhat-00001//io.undertow.server.HttpServerExchange$ExchangeCompleteNextListener.proceed(HttpServerExchange.java:2062)
	at io.undertow.core@2.3.23.SP3-redhat-00001//io.undertow.server.ConnectorStatisticsImpl$1.exchangeEvent(ConnectorStatisticsImpl.java:75)
	at io.undertow.core@2.3.23.SP3-redhat-00001//io.undertow.server.HttpServerExchange$ExchangeCompleteNextListener.proceed(HttpServerExchange.java:2060)
	at io.undertow.core@2.3.23.SP3-redhat-00001//io.undertow.server.handlers.MetricsHandler$2.exchangeEvent(MetricsHandler.java:60)
	at io.undertow.core@2.3.23.SP3-redhat-00001//io.undertow.server.HttpServerExchange.invokeExchangeCompleteListeners(HttpServerExchange.java:1436)
	at io.undertow.core@2.3.23.SP3-redhat-00001//io.undertow.server.HttpServerExchange.terminateResponse(HttpServerExchange.java:1723)
	at io.undertow.core@2.3.23.SP3-redhat-00001//io.undertow.server.Connectors.terminateResponse(Connectors.java:198)
	at io.undertow.core@2.3.23.SP3-redhat-00001//io.undertow.server.protocol.http.ServerFixedLengthStreamSinkConduit.channelFinished(ServerFixedLengthStreamSinkConduit.java:58)
	at io.undertow.core@2.3.23.SP3-redhat-00001//io.undertow.conduits.AbstractFixedLengthStreamSinkConduit.exitFlush(AbstractFixedLengthStreamSinkConduit.java:316)
	at io.undertow.core@2.3.23.SP3-redhat-00001//io.undertow.conduits.AbstractFixedLengthStreamSinkConduit.flush(AbstractFixedLengthStreamSinkConduit.java:234)
	at org.jboss.xnio@3.8.16.Final-redhat-00001//org.xnio.conduits.ConduitStreamSinkChannel.flush(ConduitStreamSinkChannel.java:162)
	at io.undertow.core@2.3.23.SP3-redhat-00001//io.undertow.channels.DetachableStreamSinkChannel.flush(DetachableStreamSinkChannel.java:119)
	at org.jboss.xnio@3.8.16.Final-redhat-00001//org.xnio.channels.Channels.flushBlocking(Channels.java:63)
	at io.undertow.servlet@2.3.23.SP3-redhat-00001//io.undertow.servlet.spec.ServletOutputStreamImpl.close(ServletOutputStreamImpl.java:654)
	at io.undertow.servlet@2.3.23.SP3-redhat-00001//io.undertow.servlet.spec.ServletPrintWriter.close(ServletPrintWriter.java:130)
	at io.undertow.servlet@2.3.23.SP3-redhat-00001//io.undertow.servlet.spec.ServletPrintWriterDelegate.close(ServletPrintWriterDelegate.java:79)
	at io.undertow.servlet@2.3.23.SP3-redhat-00001//io.undertow.servlet.spec.HttpServletResponseImpl.closeStreamAndWriter(HttpServletResponseImpl.java:505)
	at io.undertow.servlet@2.3.23.SP3-redhat-00001//io.undertow.servlet.spec.HttpServletResponseImpl.responseDone(HttpServletResponseImpl.java:606)
	at io.undertow.servlet@2.3.23.SP3-redhat-00001//io.undertow.servlet.handlers.ServletInitialHandler.handleFirstRequest(ServletInitialHandler.java:330)
	at io.undertow.servlet@2.3.23.SP3-redhat-00001//io.undertow.servlet.handlers.ServletInitialHandler$1.call(ServletInitialHandler.java:130)
	at io.undertow.servlet@2.3.23.SP3-redhat-00001//io.undertow.servlet.handlers.ServletInitialHandler$1.call(ServletInitialHandler.java:127)
	at io.undertow.servlet@2.3.23.SP3-redhat-00001//io.undertow.servlet.core.ServletRequestContextThreadSetupAction$1.call(ServletRequestContextThreadSetupAction.java:48)
	at io.undertow.servlet@2.3.23.SP3-redhat-00001//io.undertow.servlet.core.ContextClassLoaderSetupAction$1.call(ContextClassLoaderSetupAction.java:43)
	at org.wildfly.extension.undertow@8.1.1.GA-redhat-00012//org.wildfly.extension.undertow.deployment.UndertowDeploymentInfoService$UndertowThreadSetupAction.lambda$create$0(UndertowDeploymentInfoService.java:1421)
	at org.wildfly.extension.undertow@8.1.1.GA-redhat-00012//org.wildfly.extension.undertow.deployment.UndertowDeploymentInfoService$UndertowThreadSetupAction.lambda$create$0(UndertowDeploymentInfoService.java:1421)
	at org.wildfly.extension.undertow@8.1.1.GA-redhat-00012//org.wildfly.extension.undertow.deployment.UndertowDeploymentInfoService$UndertowThreadSetupAction.lambda$create$0(UndertowDeploymentInfoService.java:1421)
	at org.wildfly.extension.undertow@8.1.1.GA-redhat-00012//org.wildfly.extension.undertow.deployment.UndertowDeploymentInfoService$UndertowThreadSetupAction.lambda$create$0(UndertowDeploymentInfoService.java:1421)
	at io.undertow.servlet@2.3.23.SP3-redhat-00001//io.undertow.servlet.handlers.ServletInitialHandler.dispatchRequest(ServletInitialHandler.java:251)
	at io.undertow.servlet@2.3.23.SP3-redhat-00001//io.undertow.servlet.handlers.ServletInitialHandler.lambda$new$1(ServletInitialHandler.java:99)
	at io.undertow.core@2.3.23.SP3-redhat-00001//io.undertow.server.Connectors.executeRootHandler(Connectors.java:418)
	at io.undertow.core@2.3.23.SP3-redhat-00001//io.undertow.server.HttpServerExchange$1.run(HttpServerExchange.java:938)
	at org.jboss.threads@2.5.0.redhat-00001//org.jboss.threads.ContextClassLoaderSavingRunnable.run(ContextClassLoaderSavingRunnable.java:35)
	at org.jboss.threads@2.5.0.redhat-00001//org.jboss.threads.EnhancedQueueExecutor.safeRun(EnhancedQueueExecutor.java:2024)
	at org.jboss.threads@2.5.0.redhat-00001//org.jboss.threads.EnhancedQueueExecutor$ThreadBody.doRunTask(EnhancedQueueExecutor.java:1520)
	at org.jboss.threads@2.5.0.redhat-00001//org.jboss.threads.EnhancedQueueExecutor$ThreadBody.run(EnhancedQueueExecutor.java:1411)
	at org.jboss.xnio@3.8.16.Final-redhat-00001//org.xnio.XnioWorker$WorkerThreadFactory$1$1.run(XnioWorker.java:1282)
	at java.base/java.lang.Thread.run(Thread.java:1583)

[0m[32m14:37:41,410 DEBUG [org.wildfly.clustering.marshalling.ByteBufferMarshalledValue] (default task-2) Marshalled size of java.util.concurrent.ConcurrentHashMap object = 1884 bytes
[0m[32m14:37:43,411 DEBUG [io.undertow.request] (default I/O-2) Matched default handler path /index.xhtml
[0m[32m14:37:43,412 FINE  [jakarta.enterprise.resource.webcontainer.faces.lifecycle] (default task-2) execute(com.sun.faces.context.FacesContextImpl@fd2b544)
[0m[32m14:37:43,412 FINE  [jakarta.enterprise.resource.webcontainer.faces.lifecycle] (default task-2) Entering RestoreViewPhase
[0m[32m14:37:43,412 FINE  [jakarta.enterprise.resource.webcontainer.faces.application] (default task-2) Created component with component type of 'jakarta.faces.ViewRoot'
[0m[32m14:37:43,412 FINE  [jakarta.enterprise.resource.webcontainer.faces.application] (default task-2) Created component with component type of 'jakarta.faces.ViewRoot'
[0m[32m14:37:43,412 FINE  [jakarta.enterprise.resource.webcontainer.faces.application] (default task-2) Created component with component type of 'jakarta.faces.ViewRoot'
[0m[32m14:37:43,413 FINE  [jakarta.enterprise.resource.webcontainer.faces.lifecycle] (default task-2) New request: creating a view for /index.xhtml
[0m[32m14:37:43,413 FINE  [jakarta.enterprise.resource.webcontainer.faces.application] (default task-2) Created component with component type of 'jakarta.faces.ViewRoot'
[0m[32m14:37:43,413 FINE  [jakarta.enterprise.resource.webcontainer.faces.application] (default task-2) Created new view for /index.xhtml
[0m[32m14:37:43,413 FINE  [jakarta.enterprise.resource.webcontainer.faces.application] (default task-2) Locale for this view as determined by calculateLocale en_US
[0m[32m14:37:43,413 FINE  [jakarta.enterprise.resource.webcontainer.faces.application] (default task-2) Created component with component type of 'jakarta.faces.ViewRoot'
[0m[32m14:37:43,413 FINE  [jakarta.enterprise.resource.webcontainer.faces.application] (default task-2) RenderKitId for this view as determined by calculateRenderKitId HTML_BASIC
[0m[32m14:37:43,414 FINE  [jakarta.enterprise.resource.webcontainer.faces.lifecycle] (default task-2) Exiting RestoreViewPhase
[0m[32m14:37:43,414 FINE  [jakarta.enterprise.resource.webcontainer.faces.timing] (default task-2)  [TIMING] - [2ms] : Execution time for phase (including any PhaseListeners) -> RESTORE_VIEW 1
[0m[32m14:37:43,414 FINE  [jakarta.enterprise.resource.webcontainer.faces.lifecycle] (default task-2) render(com.sun.faces.context.FacesContextImpl@fd2b544)
[0m[32m14:37:43,414 FINE  [jakarta.enterprise.resource.webcontainer.faces.lifecycle] (default task-2) Entering RenderResponsePhase
[0m[32m14:37:43,414 FINE  [jakarta.enterprise.resource.webcontainer.faces.lifecycle] (default task-2) About to render view /index.xhtml
[0m[32m14:37:43,414 FINE  [jakarta.enterprise.resource.webcontainer.faces.application] (default task-2) Building View: /index.xhtml
[0m[32m14:37:43,415 FINE  [jakarta.enterprise.resource.webcontainer.faces.application] (default task-2) Created component with component type of 'jakarta.faces.Output'
[0m[32m14:37:43,415 FINE  [jakarta.enterprise.resource.webcontainer.faces.facelets.tag.component] (default task-2) /index.xhtml @6,11 <h:head> Component[2059540600_7ac2185f] Created: jakarta.faces.component.UIOutput
[0m[32m14:37:43,415 FINE  [jakarta.enterprise.resource.webcontainer.faces.application] (default task-2) Created component with component type of 'jakarta.faces.OutputBody'
[0m[32m14:37:43,415 FINE  [jakarta.enterprise.resource.webcontainer.faces.facelets.tag.component] (default task-2) /index.xhtml @10,11 <h:body> Component[2059540600_7ac21839] Created: jakarta.faces.component.html.HtmlBody
[0m[32m14:37:43,415 FINE  [jakarta.enterprise.resource.webcontainer.faces.application] (default task-2) Created component with component type of 'jakarta.faces.HtmlPanelGroup'
[0m[32m14:37:43,415 FINE  [jakarta.enterprise.resource.webcontainer.faces.facelets.tag.component] (default task-2) /index.xhtml @13,60 <h:panelGroup> Component[2059540600_7ac21823] Created: jakarta.faces.component.html.HtmlPanelGroup
[0m[32m14:37:43,416 FINE  [jakarta.enterprise.resource.webcontainer.faces.application] (default task-2) Created component with component type of 'jakarta.faces.HtmlOutputText'
[0m[32m14:37:43,416 FINE  [jakarta.enterprise.resource.webcontainer.faces.facelets.tag.component] (default task-2) /index.xhtml @15,61 <h:outputText> Component[2059540600_7ac2180d] Created: jakarta.faces.component.html.HtmlOutputText
[0m[32m14:37:43,416 FINE  [jakarta.enterprise.resource.webcontainer.faces.application] (default task-2) Created component with component type of 'jakarta.faces.HtmlPanelGroup'
[0m[32m14:37:43,416 FINE  [jakarta.enterprise.resource.webcontainer.faces.facelets.tag.component] (default task-2) /index.xhtml @17,60 <h:panelGroup> Component[2059540600_7ac218fa] Created: jakarta.faces.component.html.HtmlPanelGroup
[0m[32m14:37:43,416 FINE  [jakarta.enterprise.resource.webcontainer.faces.application] (default task-2) Created component with component type of 'jakarta.faces.HtmlOutputText'
[0m[32m14:37:43,416 FINE  [jakarta.enterprise.resource.webcontainer.faces.facelets.tag.component] (default task-2) /index.xhtml @19,60 <h:outputText> Component[2059540600_7ac218e4] Created: jakarta.faces.component.html.HtmlOutputText
[0m[32m14:37:43,416 FINE  [jakarta.enterprise.resource.webcontainer.faces.application] (default task-2) Created component with component type of 'jakarta.faces.HtmlPanelGroup'
[0m[32m14:37:43,416 FINE  [jakarta.enterprise.resource.webcontainer.faces.facelets.tag.component] (default task-2) /index.xhtml @21,61 <h:panelGroup> Component[2059540600_7ac218d1] Created: jakarta.faces.component.html.HtmlPanelGroup
[0m[32m14:37:43,416 FINE  [jakarta.enterprise.resource.webcontainer.faces.application] (default task-2) Created component with component type of 'jakarta.faces.HtmlOutputText'
[0m[32m14:37:43,416 FINE  [jakarta.enterprise.resource.webcontainer.faces.facelets.tag.component] (default task-2) /index.xhtml @23,59 <h:outputText> Component[2059540600_7ac218bb] Created: jakarta.faces.component.html.HtmlOutputText
[0m[32m14:37:43,417 FINE  [jakarta.enterprise.resource.webcontainer.faces.application] (default task-2) Created component with component type of 'jakarta.faces.HtmlForm'
[0m[32m14:37:43,417 FINE  [jakarta.enterprise.resource.webcontainer.faces.facelets.tag.component] (default task-2) /index.xhtml @26,11 <h:form> Component[2059540600_7ac218a8] Created: jakarta.faces.component.html.HtmlForm
[0m[32m14:37:43,417 FINE  [jakarta.enterprise.resource.webcontainer.faces.application] (default task-2) Created component with component type of 'jakarta.faces.HtmlPanelGroup'
[0m[32m14:37:43,417 FINE  [jakarta.enterprise.resource.webcontainer.faces.facelets.tag.component] (default task-2) /index.xhtml @27,62 <h:panelGroup> Component[2059540600_7ac21892] Created: jakarta.faces.component.html.HtmlPanelGroup
[0m[32m14:37:43,417 FINE  [jakarta.enterprise.resource.webcontainer.faces.application] (default task-2) Created component with component type of 'jakarta.faces.HtmlCommandButton'
[0m[32m14:37:43,417 FINE  [jakarta.enterprise.resource.webcontainer.faces.facelets.tag.component] (default task-2) /index.xhtml @29,119 <h:commandButton> Component[2059540600_7ac2197c] Created: jakarta.faces.component.html.HtmlCommandButton
[0m[32m14:37:43,417 FINE  [jakarta.enterprise.resource.webcontainer.faces.application] (default task-2) Created component with component type of 'jakarta.faces.HtmlCommandButton'
[0m[32m14:37:43,417 FINE  [jakarta.enterprise.resource.webcontainer.faces.facelets.tag.component] (default task-2) /index.xhtml @30,112 <h:commandButton> Component[2059540600_7ac21969] Created: jakarta.faces.component.html.HtmlCommandButton
[0m[32m14:37:43,417 FINE  [jakarta.enterprise.resource.webcontainer.faces.application] (default task-2) Created component with component type of 'jakarta.faces.HtmlPanelGroup'
[0m[32m14:37:43,417 FINE  [jakarta.enterprise.resource.webcontainer.faces.facelets.tag.component] (default task-2) /index.xhtml @33,34 <h:panelGroup> Component[2059540600_7ac21966] Created: jakarta.faces.component.html.HtmlPanelGroup
[0m[32m14:37:43,417 FINE  [jakarta.enterprise.resource.webcontainer.faces.application] (default task-2) Created component with component type of 'jakarta.faces.HtmlCommandButton'
[0m[32m14:37:43,418 FINE  [jakarta.enterprise.resource.webcontainer.faces.facelets.tag.component] (default task-2) /index.xhtml @35,124 <h:commandButton> Component[2059540600_7ac21940] Created: jakarta.faces.component.html.HtmlCommandButton
[0m[32m14:37:43,418 FINE  [jakarta.enterprise.resource.webcontainer.faces.application] (default task-2) Created component with component type of 'jakarta.faces.HtmlCommandButton'
[0m[32m14:37:43,418 FINE  [jakarta.enterprise.resource.webcontainer.faces.facelets.tag.component] (default task-2) /index.xhtml @36,117 <h:commandButton> Component[2059540600_7ac2193d] Created: jakarta.faces.component.html.HtmlCommandButton
[0m[32m14:37:43,418 FINE  [jakarta.enterprise.resource.webcontainer.faces.application] (default task-2) Rendering View: /index.xhtml
[0m[32m14:37:43,420 DEBUG [org.wildfly.clustering.marshalling.ByteBufferMarshalledValue] (default task-2) Marshalled size of java.util.concurrent.ConcurrentHashMap object = 588 bytes
[0m[32m14:37:43,464 FINE  [jakarta.enterprise.resource.webcontainer.faces.renderkit] (default task-2) component.getValue() returned on0Nku7xjRHqq3wrn80c5VdV3PtbSVpaybEjfmqM
[0m[32m14:37:43,465 FINE  [jakarta.enterprise.resource.webcontainer.faces.renderkit] (default task-2) Value to be rendered on0Nku7xjRHqq3wrn80c5VdV3PtbSVpaybEjfmqM
[0m[32m14:37:43,465 FINE  [jakarta.enterprise.resource.webcontainer.faces.renderkit] (default task-2) component.getValue() returned 80af7a46f92a
[0m[32m14:37:43,465 FINE  [jakarta.enterprise.resource.webcontainer.faces.renderkit] (default task-2) Value to be rendered 80af7a46f92a
[0m[32m14:37:43,466 FINE  [jakarta.enterprise.resource.webcontainer.faces.renderkit] (default task-2) component.getValue() returned 0
[0m[32m14:37:43,466 FINE  [jakarta.enterprise.resource.webcontainer.faces.application] (default task-2) Created converter of type 'jakarta.faces.convert.IntegerConverter'
[0m[32m14:37:43,466 FINE  [jakarta.enterprise.resource.webcontainer.faces.renderkit] (default task-2) Value to be rendered 0
[0m[32m14:37:43,467 FINE  [jakarta.enterprise.resource.webcontainer.faces.application] (default task-2) Begin writing marker for viewId /index.xhtml
[0m[32m14:37:43,467 FINE  [jakarta.enterprise.resource.webcontainer.faces.application] (default task-2) End writing marker for viewId /index.xhtml
[0m[32m14:37:43,468 FINE  [jakarta.faces.component] (default task-2) j_id1
[0m[32m14:37:43,468 FINE  [jakarta.enterprise.resource.webcontainer.faces.lifecycle] (default task-2) Exiting RenderResponsePhase
[0m[32m14:37:43,468 FINE  [jakarta.enterprise.resource.webcontainer.faces.timing] (default task-2)  [TIMING] - [54ms] : Execution time for phase (including any PhaseListeners) -> RENDER_RESPONSE 6
[0m[32m14:37:43,469 DEBUG [io.undertow.request.io] (default task-2) UT005013: An IOException occurred: java.net.SocketException: Connection reset
	at java.base/sun.nio.ch.SocketChannelImpl.throwConnectionReset(SocketChannelImpl.java:401)
	at java.base/sun.nio.ch.SocketChannelImpl.read(SocketChannelImpl.java:434)
	at org.jboss.xnio.nio@3.8.16.Final-redhat-00001//org.xnio.nio.NioSocketConduit.read(NioSocketConduit.java:289)
	at org.jboss.xnio@3.8.16.Final-redhat-00001//org.xnio.conduits.AbstractStreamSourceConduit.read(AbstractStreamSourceConduit.java:51)
	at io.undertow.core@2.3.23.SP3-redhat-00001//io.undertow.conduits.ReadTimeoutStreamSourceConduit.read(ReadTimeoutStreamSourceConduit.java:181)
	at org.jboss.xnio@3.8.16.Final-redhat-00001//org.xnio.conduits.AbstractStreamSourceConduit.read(AbstractStreamSourceConduit.java:51)
	at io.undertow.core@2.3.23.SP3-redhat-00001//io.undertow.conduits.BytesReceivedStreamSourceConduit.read(BytesReceivedStreamSourceConduit.java:67)
	at org.jboss.xnio@3.8.16.Final-redhat-00001//org.xnio.conduits.ConduitStreamSourceChannel.read(ConduitStreamSourceChannel.java:127)
	at io.undertow.core@2.3.23.SP3-redhat-00001//io.undertow.util.ConnectionUtils.doDrain(ConnectionUtils.java:96)
	at io.undertow.core@2.3.23.SP3-redhat-00001//io.undertow.util.ConnectionUtils.cleanClose(ConnectionUtils.java:74)
	at io.undertow.core@2.3.23.SP3-redhat-00001//io.undertow.server.protocol.http.HttpReadListener.exchangeComplete(HttpReadListener.java:374)
	at io.undertow.core@2.3.23.SP3-redhat-00001//io.undertow.server.protocol.http.HttpServerConnection.exchangeComplete(HttpServerConnection.java:244)
	at io.undertow.core@2.3.23.SP3-redhat-00001//io.undertow.server.HttpServerExchange$ExchangeCompleteNextListener.proceed(HttpServerExchange.java:2062)
	at io.undertow.core@2.3.23.SP3-redhat-00001//io.undertow.server.ConnectorStatisticsImpl$1.exchangeEvent(ConnectorStatisticsImpl.java:75)
	at io.undertow.core@2.3.23.SP3-redhat-00001//io.undertow.server.HttpServerExchange$ExchangeCompleteNextListener.proceed(HttpServerExchange.java:2060)
	at io.undertow.core@2.3.23.SP3-redhat-00001//io.undertow.server.handlers.MetricsHandler$2.exchangeEvent(MetricsHandler.java:60)
	at io.undertow.core@2.3.23.SP3-redhat-00001//io.undertow.server.HttpServerExchange.invokeExchangeCompleteListeners(HttpServerExchange.java:1436)
	at io.undertow.core@2.3.23.SP3-redhat-00001//io.undertow.server.HttpServerExchange.terminateResponse(HttpServerExchange.java:1723)
	at io.undertow.core@2.3.23.SP3-redhat-00001//io.undertow.server.Connectors.terminateResponse(Connectors.java:198)
	at io.undertow.core@2.3.23.SP3-redhat-00001//io.undertow.server.protocol.http.ServerFixedLengthStreamSinkConduit.channelFinished(ServerFixedLengthStreamSinkConduit.java:58)
	at io.undertow.core@2.3.23.SP3-redhat-00001//io.undertow.conduits.AbstractFixedLengthStreamSinkConduit.exitFlush(AbstractFixedLengthStreamSinkConduit.java:316)
	at io.undertow.core@2.3.23.SP3-redhat-00001//io.undertow.conduits.AbstractFixedLengthStreamSinkConduit.flush(AbstractFixedLengthStreamSinkConduit.java:234)
	at org.jboss.xnio@3.8.16.Final-redhat-00001//org.xnio.conduits.ConduitStreamSinkChannel.flush(ConduitStreamSinkChannel.java:162)
	at io.undertow.core@2.3.23.SP3-redhat-00001//io.undertow.channels.DetachableStreamSinkChannel.flush(DetachableStreamSinkChannel.java:119)
	at org.jboss.xnio@3.8.16.Final-redhat-00001//org.xnio.channels.Channels.flushBlocking(Channels.java:63)
	at io.undertow.servlet@2.3.23.SP3-redhat-00001//io.undertow.servlet.spec.ServletOutputStreamImpl.close(ServletOutputStreamImpl.java:654)
	at io.undertow.servlet@2.3.23.SP3-redhat-00001//io.undertow.servlet.spec.ServletPrintWriter.close(ServletPrintWriter.java:130)
	at io.undertow.servlet@2.3.23.SP3-redhat-00001//io.undertow.servlet.spec.ServletPrintWriterDelegate.close(ServletPrintWriterDelegate.java:79)
	at io.undertow.servlet@2.3.23.SP3-redhat-00001//io.undertow.servlet.spec.HttpServletResponseImpl.closeStreamAndWriter(HttpServletResponseImpl.java:505)
	at io.undertow.servlet@2.3.23.SP3-redhat-00001//io.undertow.servlet.spec.HttpServletResponseImpl.responseDone(HttpServletResponseImpl.java:606)
	at io.undertow.servlet@2.3.23.SP3-redhat-00001//io.undertow.servlet.handlers.ServletInitialHandler.handleFirstRequest(ServletInitialHandler.java:330)
	at io.undertow.servlet@2.3.23.SP3-redhat-00001//io.undertow.servlet.handlers.ServletInitialHandler$1.call(ServletInitialHandler.java:130)
	at io.undertow.servlet@2.3.23.SP3-redhat-00001//io.undertow.servlet.handlers.ServletInitialHandler$1.call(ServletInitialHandler.java:127)
	at io.undertow.servlet@2.3.23.SP3-redhat-00001//io.undertow.servlet.core.ServletRequestContextThreadSetupAction$1.call(ServletRequestContextThreadSetupAction.java:48)
	at io.undertow.servlet@2.3.23.SP3-redhat-00001//io.undertow.servlet.core.ContextClassLoaderSetupAction$1.call(ContextClassLoaderSetupAction.java:43)
	at org.wildfly.extension.undertow@8.1.1.GA-redhat-00012//org.wildfly.extension.undertow.deployment.UndertowDeploymentInfoService$UndertowThreadSetupAction.lambda$create$0(UndertowDeploymentInfoService.java:1421)
	at org.wildfly.extension.undertow@8.1.1.GA-redhat-00012//org.wildfly.extension.undertow.deployment.UndertowDeploymentInfoService$UndertowThreadSetupAction.lambda$create$0(UndertowDeploymentInfoService.java:1421)
	at org.wildfly.extension.undertow@8.1.1.GA-redhat-00012//org.wildfly.extension.undertow.deployment.UndertowDeploymentInfoService$UndertowThreadSetupAction.lambda$create$0(UndertowDeploymentInfoService.java:1421)
	at org.wildfly.extension.undertow@8.1.1.GA-redhat-00012//org.wildfly.extension.undertow.deployment.UndertowDeploymentInfoService$UndertowThreadSetupAction.lambda$create$0(UndertowDeploymentInfoService.java:1421)
	at io.undertow.servlet@2.3.23.SP3-redhat-00001//io.undertow.servlet.handlers.ServletInitialHandler.dispatchRequest(ServletInitialHandler.java:251)
	at io.undertow.servlet@2.3.23.SP3-redhat-00001//io.undertow.servlet.handlers.ServletInitialHandler.lambda$new$1(ServletInitialHandler.java:99)
	at io.undertow.core@2.3.23.SP3-redhat-00001//io.undertow.server.Connectors.executeRootHandler(Connectors.java:418)
	at io.undertow.core@2.3.23.SP3-redhat-00001//io.undertow.server.HttpServerExchange$1.run(HttpServerExchange.java:938)
	at org.jboss.threads@2.5.0.redhat-00001//org.jboss.threads.ContextClassLoaderSavingRunnable.run(ContextClassLoaderSavingRunnable.java:35)
	at org.jboss.threads@2.5.0.redhat-00001//org.jboss.threads.EnhancedQueueExecutor.safeRun(EnhancedQueueExecutor.java:2024)
	at org.jboss.threads@2.5.0.redhat-00001//org.jboss.threads.EnhancedQueueExecutor$ThreadBody.doRunTask(EnhancedQueueExecutor.java:1520)
	at org.jboss.threads@2.5.0.redhat-00001//org.jboss.threads.EnhancedQueueExecutor$ThreadBody.run(EnhancedQueueExecutor.java:1411)
	at org.jboss.xnio@3.8.16.Final-redhat-00001//org.xnio.XnioWorker$WorkerThreadFactory$1$1.run(XnioWorker.java:1282)
	at java.base/java.lang.Thread.run(Thread.java:1583)

[0m[32m14:37:43,470 DEBUG [org.wildfly.clustering.marshalling.ByteBufferMarshalledValue] (default task-2) Marshalled size of java.util.concurrent.ConcurrentHashMap object = 1884 bytes
[0m[32m14:37:45,471 DEBUG [io.undertow.request] (default I/O-16) Matched default handler path /index.xhtml
[0m[32m14:37:45,472 FINE  [jakarta.enterprise.resource.webcontainer.faces.lifecycle] (default task-2) execute(com.sun.faces.context.FacesContextImpl@652a40f9)
[0m[32m14:37:45,473 FINE  [jakarta.enterprise.resource.webcontainer.faces.lifecycle] (default task-2) Entering RestoreViewPhase
[0m[32m14:37:45,473 FINE  [jakarta.enterprise.resource.webcontainer.faces.application] (default task-2) Created component with component type of 'jakarta.faces.ViewRoot'
[0m[32m14:37:45,473 FINE  [jakarta.enterprise.resource.webcontainer.faces.application] (default task-2) Created component with component type of 'jakarta.faces.ViewRoot'
[0m[32m14:37:45,473 FINE  [jakarta.enterprise.resource.webcontainer.faces.application] (default task-2) Created component with component type of 'jakarta.faces.ViewRoot'
[0m[32m14:37:45,473 FINE  [jakarta.enterprise.resource.webcontainer.faces.lifecycle] (default task-2) New request: creating a view for /index.xhtml
[0m[32m14:37:45,473 FINE  [jakarta.enterprise.resource.webcontainer.faces.application] (default task-2) Created component with component type of 'jakarta.faces.ViewRoot'
[0m[32m14:37:45,473 FINE  [jakarta.enterprise.resource.webcontainer.faces.application] (default task-2) Created new view for /index.xhtml
[0m[32m14:37:45,474 FINE  [jakarta.enterprise.resource.webcontainer.faces.application] (default task-2) Locale for this view as determined by calculateLocale en_US
[0m[32m14:37:45,474 FINE  [jakarta.enterprise.resource.webcontainer.faces.application] (default task-2) Created component with component type of 'jakarta.faces.ViewRoot'
[0m[32m14:37:45,474 FINE  [jakarta.enterprise.resource.webcontainer.faces.application] (default task-2) RenderKitId for this view as determined by calculateRenderKitId HTML_BASIC
[0m[32m14:37:45,475 FINE  [jakarta.enterprise.resource.webcontainer.faces.lifecycle] (default task-2) Exiting RestoreViewPhase
[0m[32m14:37:45,475 FINE  [jakarta.enterprise.resource.webcontainer.faces.timing] (default task-2)  [TIMING] - [3ms] : Execution time for phase (including any PhaseListeners) -> RESTORE_VIEW 1
[0m[32m14:37:45,475 FINE  [jakarta.enterprise.resource.webcontainer.faces.lifecycle] (default task-2) render(com.sun.faces.context.FacesContextImpl@652a40f9)
[0m[32m14:37:45,475 FINE  [jakarta.enterprise.resource.webcontainer.faces.lifecycle] (default task-2) Entering RenderResponsePhase
[0m[32m14:37:45,475 FINE  [jakarta.enterprise.resource.webcontainer.faces.lifecycle] (default task-2) About to render view /index.xhtml
[0m[32m14:37:45,475 FINE  [jakarta.enterprise.resource.webcontainer.faces.application] (default task-2) Building View: /index.xhtml
[0m[32m14:37:45,476 FINE  [jakarta.enterprise.resource.webcontainer.faces.application] (default task-2) Created component with component type of 'jakarta.faces.Output'
[0m[32m14:37:45,476 FINE  [jakarta.enterprise.resource.webcontainer.faces.facelets.tag.component] (default task-2) /index.xhtml @6,11 <h:head> Component[2059540600_7ac2185f] Created: jakarta.faces.component.UIOutput
[0m[32m14:37:45,476 FINE  [jakarta.enterprise.resource.webcontainer.faces.application] (default task-2) Created component with component type of 'jakarta.faces.OutputBody'
[0m[32m14:37:45,476 FINE  [jakarta.enterprise.resource.webcontainer.faces.facelets.tag.component] (default task-2) /index.xhtml @10,11 <h:body> Component[2059540600_7ac21839] Created: jakarta.faces.component.html.HtmlBody
[0m[32m14:37:45,476 FINE  [jakarta.enterprise.resource.webcontainer.faces.application] (default task-2) Created component with component type of 'jakarta.faces.HtmlPanelGroup'
[0m[32m14:37:45,476 FINE  [jakarta.enterprise.resource.webcontainer.faces.facelets.tag.component] (default task-2) /index.xhtml @13,60 <h:panelGroup> Component[2059540600_7ac21823] Created: jakarta.faces.component.html.HtmlPanelGroup
[0m[32m14:37:45,476 FINE  [jakarta.enterprise.resource.webcontainer.faces.application] (default task-2) Created component with component type of 'jakarta.faces.HtmlOutputText'
[0m[32m14:37:45,476 FINE  [jakarta.enterprise.resource.webcontainer.faces.facelets.tag.component] (default task-2) /index.xhtml @15,61 <h:outputText> Component[2059540600_7ac2180d] Created: jakarta.faces.component.html.HtmlOutputText
[0m[32m14:37:45,477 FINE  [jakarta.enterprise.resource.webcontainer.faces.application] (default task-2) Created component with component type of 'jakarta.faces.HtmlPanelGroup'
[0m[32m14:37:45,477 FINE  [jakarta.enterprise.resource.webcontainer.faces.facelets.tag.component] (default task-2) /index.xhtml @17,60 <h:panelGroup> Component[2059540600_7ac218fa] Created: jakarta.faces.component.html.HtmlPanelGroup
[0m[32m14:37:45,477 FINE  [jakarta.enterprise.resource.webcontainer.faces.application] (default task-2) Created component with component type of 'jakarta.faces.HtmlOutputText'
[0m[32m14:37:45,477 FINE  [jakarta.enterprise.resource.webcontainer.faces.facelets.tag.component] (default task-2) /index.xhtml @19,60 <h:outputText> Component[2059540600_7ac218e4] Created: jakarta.faces.component.html.HtmlOutputText
[0m[32m14:37:45,477 FINE  [jakarta.enterprise.resource.webcontainer.faces.application] (default task-2) Created component with component type of 'jakarta.faces.HtmlPanelGroup'
[0m[32m14:37:45,477 FINE  [jakarta.enterprise.resource.webcontainer.faces.facelets.tag.component] (default task-2) /index.xhtml @21,61 <h:panelGroup> Component[2059540600_7ac218d1] Created: jakarta.faces.component.html.HtmlPanelGroup
[0m[32m14:37:45,477 FINE  [jakarta.enterprise.resource.webcontainer.faces.application] (default task-2) Created component with component type of 'jakarta.faces.HtmlOutputText'
[0m[32m14:37:45,477 FINE  [jakarta.enterprise.resource.webcontainer.faces.facelets.tag.component] (default task-2) /index.xhtml @23,59 <h:outputText> Component[2059540600_7ac218bb] Created: jakarta.faces.component.html.HtmlOutputText
[0m[32m14:37:45,477 FINE  [jakarta.enterprise.resource.webcontainer.faces.application] (default task-2) Created component with component type of 'jakarta.faces.HtmlForm'
[0m[32m14:37:45,477 FINE  [jakarta.enterprise.resource.webcontainer.faces.facelets.tag.component] (default task-2) /index.xhtml @26,11 <h:form> Component[2059540600_7ac218a8] Created: jakarta.faces.component.html.HtmlForm
[0m[32m14:37:45,478 FINE  [jakarta.enterprise.resource.webcontainer.faces.application] (default task-2) Created component with component type of 'jakarta.faces.HtmlPanelGroup'
[0m[32m14:37:45,478 FINE  [jakarta.enterprise.resource.webcontainer.faces.facelets.tag.component] (default task-2) /index.xhtml @27,62 <h:panelGroup> Component[2059540600_7ac21892] Created: jakarta.faces.component.html.HtmlPanelGroup
[0m[32m14:37:45,478 FINE  [jakarta.enterprise.resource.webcontainer.faces.application] (default task-2) Created component with component type of 'jakarta.faces.HtmlCommandButton'
[0m[32m14:37:45,478 FINE  [jakarta.enterprise.resource.webcontainer.faces.facelets.tag.component] (default task-2) /index.xhtml @29,119 <h:commandButton> Component[2059540600_7ac2197c] Created: jakarta.faces.component.html.HtmlCommandButton
[0m[32m14:37:45,478 FINE  [jakarta.enterprise.resource.webcontainer.faces.application] (default task-2) Created component with component type of 'jakarta.faces.HtmlCommandButton'
[0m[32m14:37:45,478 FINE  [jakarta.enterprise.resource.webcontainer.faces.facelets.tag.component] (default task-2) /index.xhtml @30,112 <h:commandButton> Component[2059540600_7ac21969] Created: jakarta.faces.component.html.HtmlCommandButton
[0m[32m14:37:45,478 FINE  [jakarta.enterprise.resource.webcontainer.faces.application] (default task-2) Created component with component type of 'jakarta.faces.HtmlPanelGroup'
[0m[32m14:37:45,478 FINE  [jakarta.enterprise.resource.webcontainer.faces.facelets.tag.component] (default task-2) /index.xhtml @33,34 <h:panelGroup> Component[2059540600_7ac21966] Created: jakarta.faces.component.html.HtmlPanelGroup
[0m[32m14:37:45,478 FINE  [jakarta.enterprise.resource.webcontainer.faces.application] (default task-2) Created component with component type of 'jakarta.faces.HtmlCommandButton'
[0m[32m14:37:45,479 FINE  [jakarta.enterprise.resource.webcontainer.faces.facelets.tag.component] (default task-2) /index.xhtml @35,124 <h:commandButton> Component[2059540600_7ac21940] Created: jakarta.faces.component.html.HtmlCommandButton
[0m[32m14:37:45,479 FINE  [jakarta.enterprise.resource.webcontainer.faces.application] (default task-2) Created component with component type of 'jakarta.faces.HtmlCommandButton'
[0m[32m14:37:45,479 FINE  [jakarta.enterprise.resource.webcontainer.faces.facelets.tag.component] (default task-2) /index.xhtml @36,117 <h:commandButton> Component[2059540600_7ac2193d] Created: jakarta.faces.component.html.HtmlCommandButton
[0m[32m14:37:45,479 FINE  [jakarta.enterprise.resource.webcontainer.faces.application] (default task-2) Rendering View: /index.xhtml
[0m[32m14:37:45,489 DEBUG [org.wildfly.clustering.marshalling.ByteBufferMarshalledValue] (default task-2) Marshalled size of java.util.concurrent.ConcurrentHashMap object = 588 bytes
[0m[32m14:37:45,493 FINE  [jakarta.enterprise.resource.webcontainer.faces.renderkit] (default task-2) component.getValue() returned PsLsvl4vloxn-VLoa8ckGozKQMuiJXN7LhRo6DDq
[0m[32m14:37:45,493 FINE  [jakarta.enterprise.resource.webcontainer.faces.renderkit] (default task-2) Value to be rendered PsLsvl4vloxn-VLoa8ckGozKQMuiJXN7LhRo6DDq
[0m[32m14:37:45,494 FINE  [jakarta.enterprise.resource.webcontainer.faces.renderkit] (default task-2) component.getValue() returned 80af7a46f92a
[0m[32m14:37:45,494 FINE  [jakarta.enterprise.resource.webcontainer.faces.renderkit] (default task-2) Value to be rendered 80af7a46f92a
[0m[32m14:37:45,495 FINE  [jakarta.enterprise.resource.webcontainer.faces.renderkit] (default task-2) component.getValue() returned 0
[0m[32m14:37:45,496 FINE  [jakarta.enterprise.resource.webcontainer.faces.application] (default task-2) Created converter of type 'jakarta.faces.convert.IntegerConverter'
[0m[32m14:37:45,496 FINE  [jakarta.enterprise.resource.webcontainer.faces.renderkit] (default task-2) Value to be rendered 0
[0m[32m14:37:45,497 FINE  [jakarta.enterprise.resource.webcontainer.faces.application] (default task-2) Begin writing marker for viewId /index.xhtml
[0m[32m14:37:45,497 FINE  [jakarta.enterprise.resource.webcontainer.faces.application] (default task-2) End writing marker for viewId /index.xhtml
[0m[32m14:37:45,497 FINE  [jakarta.faces.component] (default task-2) j_id1
[0m[32m14:37:45,498 FINE  [jakarta.enterprise.resource.webcontainer.faces.lifecycle] (default task-2) Exiting RenderResponsePhase
[0m[32m14:37:45,498 FINE  [jakarta.enterprise.resource.webcontainer.faces.timing] (default task-2)  [TIMING] - [23ms] : Execution time for phase (including any PhaseListeners) -> RENDER_RESPONSE 6
[0m[32m14:37:45,499 DEBUG [io.undertow.request.io] (default task-2) UT005013: An IOException occurred: java.net.SocketException: Connection reset
	at java.base/sun.nio.ch.SocketChannelImpl.throwConnectionReset(SocketChannelImpl.java:401)
	at java.base/sun.nio.ch.SocketChannelImpl.read(SocketChannelImpl.java:434)
	at org.jboss.xnio.nio@3.8.16.Final-redhat-00001//org.xnio.nio.NioSocketConduit.read(NioSocketConduit.java:289)
	at org.jboss.xnio@3.8.16.Final-redhat-00001//org.xnio.conduits.AbstractStreamSourceConduit.read(AbstractStreamSourceConduit.java:51)
	at io.undertow.core@2.3.23.SP3-redhat-00001//io.undertow.conduits.ReadTimeoutStreamSourceConduit.read(ReadTimeoutStreamSourceConduit.java:181)
	at org.jboss.xnio@3.8.16.Final-redhat-00001//org.xnio.conduits.AbstractStreamSourceConduit.read(AbstractStreamSourceConduit.java:51)
	at io.undertow.core@2.3.23.SP3-redhat-00001//io.undertow.conduits.BytesReceivedStreamSourceConduit.read(BytesReceivedStreamSourceConduit.java:67)
	at org.jboss.xnio@3.8.16.Final-redhat-00001//org.xnio.conduits.ConduitStreamSourceChannel.read(ConduitStreamSourceChannel.java:127)
	at io.undertow.core@2.3.23.SP3-redhat-00001//io.undertow.util.ConnectionUtils.doDrain(ConnectionUtils.java:96)
	at io.undertow.core@2.3.23.SP3-redhat-00001//io.undertow.util.ConnectionUtils.cleanClose(ConnectionUtils.java:74)
	at io.undertow.core@2.3.23.SP3-redhat-00001//io.undertow.server.protocol.http.HttpReadListener.exchangeComplete(HttpReadListener.java:374)
	at io.undertow.core@2.3.23.SP3-redhat-00001//io.undertow.server.protocol.http.HttpServerConnection.exchangeComplete(HttpServerConnection.java:244)
	at io.undertow.core@2.3.23.SP3-redhat-00001//io.undertow.server.HttpServerExchange$ExchangeCompleteNextListener.proceed(HttpServerExchange.java:2062)
	at io.undertow.core@2.3.23.SP3-redhat-00001//io.undertow.server.ConnectorStatisticsImpl$1.exchangeEvent(ConnectorStatisticsImpl.java:75)
	at io.undertow.core@2.3.23.SP3-redhat-00001//io.undertow.server.HttpServerExchange$ExchangeCompleteNextListener.proceed(HttpServerExchange.java:2060)
	at io.undertow.core@2.3.23.SP3-redhat-00001//io.undertow.server.handlers.MetricsHandler$2.exchangeEvent(MetricsHandler.java:60)
	at io.undertow.core@2.3.23.SP3-redhat-00001//io.undertow.server.HttpServerExchange.invokeExchangeCompleteListeners(HttpServerExchange.java:1436)
	at io.undertow.core@2.3.23.SP3-redhat-00001//io.undertow.server.HttpServerExchange.terminateResponse(HttpServerExchange.java:1723)
	at io.undertow.core@2.3.23.SP3-redhat-00001//io.undertow.server.Connectors.terminateResponse(Connectors.java:198)
	at io.undertow.core@2.3.23.SP3-redhat-00001//io.undertow.server.protocol.http.ServerFixedLengthStreamSinkConduit.channelFinished(ServerFixedLengthStreamSinkConduit.java:58)
	at io.undertow.core@2.3.23.SP3-redhat-00001//io.undertow.conduits.AbstractFixedLengthStreamSinkConduit.exitFlush(AbstractFixedLengthStreamSinkConduit.java:316)
	at io.undertow.core@2.3.23.SP3-redhat-00001//io.undertow.conduits.AbstractFixedLengthStreamSinkConduit.flush(AbstractFixedLengthStreamSinkConduit.java:234)
	at org.jboss.xnio@3.8.16.Final-redhat-00001//org.xnio.conduits.ConduitStreamSinkChannel.flush(ConduitStreamSinkChannel.java:162)
	at io.undertow.core@2.3.23.SP3-redhat-00001//io.undertow.channels.DetachableStreamSinkChannel.flush(DetachableStreamSinkChannel.java:119)
	at org.jboss.xnio@3.8.16.Final-redhat-00001//org.xnio.channels.Channels.flushBlocking(Channels.java:63)
	at io.undertow.servlet@2.3.23.SP3-redhat-00001//io.undertow.servlet.spec.ServletOutputStreamImpl.close(ServletOutputStreamImpl.java:654)
	at io.undertow.servlet@2.3.23.SP3-redhat-00001//io.undertow.servlet.spec.ServletPrintWriter.close(ServletPrintWriter.java:130)
	at io.undertow.servlet@2.3.23.SP3-redhat-00001//io.undertow.servlet.spec.ServletPrintWriterDelegate.close(ServletPrintWriterDelegate.java:79)
	at io.undertow.servlet@2.3.23.SP3-redhat-00001//io.undertow.servlet.spec.HttpServletResponseImpl.closeStreamAndWriter(HttpServletResponseImpl.java:505)
	at io.undertow.servlet@2.3.23.SP3-redhat-00001//io.undertow.servlet.spec.HttpServletResponseImpl.responseDone(HttpServletResponseImpl.java:606)
	at io.undertow.servlet@2.3.23.SP3-redhat-00001//io.undertow.servlet.handlers.ServletInitialHandler.handleFirstRequest(ServletInitialHandler.java:330)
	at io.undertow.servlet@2.3.23.SP3-redhat-00001//io.undertow.servlet.handlers.ServletInitialHandler$1.call(ServletInitialHandler.java:130)
	at io.undertow.servlet@2.3.23.SP3-redhat-00001//io.undertow.servlet.handlers.ServletInitialHandler$1.call(ServletInitialHandler.java:127)
	at io.undertow.servlet@2.3.23.SP3-redhat-00001//io.undertow.servlet.core.ServletRequestContextThreadSetupAction$1.call(ServletRequestContextThreadSetupAction.java:48)
	at io.undertow.servlet@2.3.23.SP3-redhat-00001//io.undertow.servlet.core.ContextClassLoaderSetupAction$1.call(ContextClassLoaderSetupAction.java:43)
	at org.wildfly.extension.undertow@8.1.1.GA-redhat-00012//org.wildfly.extension.undertow.deployment.UndertowDeploymentInfoService$UndertowThreadSetupAction.lambda$create$0(UndertowDeploymentInfoService.java:1421)
	at org.wildfly.extension.undertow@8.1.1.GA-redhat-00012//org.wildfly.extension.undertow.deployment.UndertowDeploymentInfoService$UndertowThreadSetupAction.lambda$create$0(UndertowDeploymentInfoService.java:1421)
	at org.wildfly.extension.undertow@8.1.1.GA-redhat-00012//org.wildfly.extension.undertow.deployment.UndertowDeploymentInfoService$UndertowThreadSetupAction.lambda$create$0(UndertowDeploymentInfoService.java:1421)
	at org.wildfly.extension.undertow@8.1.1.GA-redhat-00012//org.wildfly.extension.undertow.deployment.UndertowDeploymentInfoService$UndertowThreadSetupAction.lambda$create$0(UndertowDeploymentInfoService.java:1421)
	at io.undertow.servlet@2.3.23.SP3-redhat-00001//io.undertow.servlet.handlers.ServletInitialHandler.dispatchRequest(ServletInitialHandler.java:251)
	at io.undertow.servlet@2.3.23.SP3-redhat-00001//io.undertow.servlet.handlers.ServletInitialHandler.lambda$new$1(ServletInitialHandler.java:99)
	at io.undertow.core@2.3.23.SP3-redhat-00001//io.undertow.server.Connectors.executeRootHandler(Connectors.java:418)
	at io.undertow.core@2.3.23.SP3-redhat-00001//io.undertow.server.HttpServerExchange$1.run(HttpServerExchange.java:938)
	at org.jboss.threads@2.5.0.redhat-00001//org.jboss.threads.ContextClassLoaderSavingRunnable.run(ContextClassLoaderSavingRunnable.java:35)
	at org.jboss.threads@2.5.0.redhat-00001//org.jboss.threads.EnhancedQueueExecutor.safeRun(EnhancedQueueExecutor.java:2024)
	at org.jboss.threads@2.5.0.redhat-00001//org.jboss.threads.EnhancedQueueExecutor$ThreadBody.doRunTask(EnhancedQueueExecutor.java:1520)
	at org.jboss.threads@2.5.0.redhat-00001//org.jboss.threads.EnhancedQueueExecutor$ThreadBody.run(EnhancedQueueExecutor.java:1411)
	at org.jboss.xnio@3.8.16.Final-redhat-00001//org.xnio.XnioWorker$WorkerThreadFactory$1$1.run(XnioWorker.java:1282)
	at java.base/java.lang.Thread.run(Thread.java:1583)

[0m[32m14:37:45,501 DEBUG [org.wildfly.clustering.marshalling.ByteBufferMarshalledValue] (default task-2) Marshalled size of java.util.concurrent.ConcurrentHashMap object = 1884 bytes
[0m[32m14:37:47,502 DEBUG [io.undertow.request] (default I/O-8) Matched default handler path /index.xhtml
[0m[32m14:37:47,503 FINE  [jakarta.enterprise.resource.webcontainer.faces.lifecycle] (default task-2) execute(com.sun.faces.context.FacesContextImpl@180d435c)
[0m[32m14:37:47,504 FINE  [jakarta.enterprise.resource.webcontainer.faces.lifecycle] (default task-2) Entering RestoreViewPhase
[0m[32m14:37:47,504 FINE  [jakarta.enterprise.resource.webcontainer.faces.application] (default task-2) Created component with component type of 'jakarta.faces.ViewRoot'
[0m[32m14:37:47,504 FINE  [jakarta.enterprise.resource.webcontainer.faces.application] (default task-2) Created component with component type of 'jakarta.faces.ViewRoot'
[0m[32m14:37:47,504 FINE  [jakarta.enterprise.resource.webcontainer.faces.application] (default task-2) Created component with component type of 'jakarta.faces.ViewRoot'
[0m[32m14:37:47,504 FINE  [jakarta.enterprise.resource.webcontainer.faces.lifecycle] (default task-2) New request: creating a view for /index.xhtml
[0m[32m14:37:47,504 FINE  [jakarta.enterprise.resource.webcontainer.faces.application] (default task-2) Created component with component type of 'jakarta.faces.ViewRoot'
[0m[32m14:37:47,504 FINE  [jakarta.enterprise.resource.webcontainer.faces.application] (default task-2) Created new view for /index.xhtml
[0m[32m14:37:47,504 FINE  [jakarta.enterprise.resource.webcontainer.faces.application] (default task-2) Locale for this view as determined by calculateLocale en_US
[0m[32m14:37:47,505 FINE  [jakarta.enterprise.resource.webcontainer.faces.application] (default task-2) Created component with component type of 'jakarta.faces.ViewRoot'
[0m[32m14:37:47,505 FINE  [jakarta.enterprise.resource.webcontainer.faces.application] (default task-2) RenderKitId for this view as determined by calculateRenderKitId HTML_BASIC
[0m[32m14:37:47,505 FINE  [jakarta.enterprise.resource.webcontainer.faces.lifecycle] (default task-2) Exiting RestoreViewPhase
[0m[32m14:37:47,505 FINE  [jakarta.enterprise.resource.webcontainer.faces.timing] (default task-2)  [TIMING] - [1ms] : Execution time for phase (including any PhaseListeners) -> RESTORE_VIEW 1
[0m[32m14:37:47,505 FINE  [jakarta.enterprise.resource.webcontainer.faces.lifecycle] (default task-2) render(com.sun.faces.context.FacesContextImpl@180d435c)
[0m[32m14:37:47,505 FINE  [jakarta.enterprise.resource.webcontainer.faces.lifecycle] (default task-2) Entering RenderResponsePhase
[0m[32m14:37:47,506 FINE  [jakarta.enterprise.resource.webcontainer.faces.lifecycle] (default task-2) About to render view /index.xhtml
[0m[32m14:37:47,506 FINE  [jakarta.enterprise.resource.webcontainer.faces.application] (default task-2) Building View: /index.xhtml
[0m[32m14:37:47,506 FINE  [jakarta.enterprise.resource.webcontainer.faces.application] (default task-2) Created component with component type of 'jakarta.faces.Output'
[0m[32m14:37:47,506 FINE  [jakarta.enterprise.resource.webcontainer.faces.facelets.tag.component] (default task-2) /index.xhtml @6,11 <h:head> Component[2059540600_7ac2185f] Created: jakarta.faces.component.UIOutput
[0m[32m14:37:47,506 FINE  [jakarta.enterprise.resource.webcontainer.faces.application] (default task-2) Created component with component type of 'jakarta.faces.OutputBody'
[0m[32m14:37:47,506 FINE  [jakarta.enterprise.resource.webcontainer.faces.facelets.tag.component] (default task-2) /index.xhtml @10,11 <h:body> Component[2059540600_7ac21839] Created: jakarta.faces.component.html.HtmlBody
[0m[32m14:37:47,507 FINE  [jakarta.enterprise.resource.webcontainer.faces.application] (default task-2) Created component with component type of 'jakarta.faces.HtmlPanelGroup'
[0m[32m14:37:47,507 FINE  [jakarta.enterprise.resource.webcontainer.faces.facelets.tag.component] (default task-2) /index.xhtml @13,60 <h:panelGroup> Component[2059540600_7ac21823] Created: jakarta.faces.component.html.HtmlPanelGroup
[0m[32m14:37:47,507 FINE  [jakarta.enterprise.resource.webcontainer.faces.application] (default task-2) Created component with component type of 'jakarta.faces.HtmlOutputText'
[0m[32m14:37:47,507 FINE  [jakarta.enterprise.resource.webcontainer.faces.facelets.tag.component] (default task-2) /index.xhtml @15,61 <h:outputText> Component[2059540600_7ac2180d] Created: jakarta.faces.component.html.HtmlOutputText
[0m[32m14:37:47,507 FINE  [jakarta.enterprise.resource.webcontainer.faces.application] (default task-2) Created component with component type of 'jakarta.faces.HtmlPanelGroup'
[0m[32m14:37:47,507 FINE  [jakarta.enterprise.resource.webcontainer.faces.facelets.tag.component] (default task-2) /index.xhtml @17,60 <h:panelGroup> Component[2059540600_7ac218fa] Created: jakarta.faces.component.html.HtmlPanelGroup
[0m[32m14:37:47,507 FINE  [jakarta.enterprise.resource.webcontainer.faces.application] (default task-2) Created component with component type of 'jakarta.faces.HtmlOutputText'
[0m[32m14:37:47,507 FINE  [jakarta.enterprise.resource.webcontainer.faces.facelets.tag.component] (default task-2) /index.xhtml @19,60 <h:outputText> Component[2059540600_7ac218e4] Created: jakarta.faces.component.html.HtmlOutputText
[0m[32m14:37:47,507 FINE  [jakarta.enterprise.resource.webcontainer.faces.application] (default task-2) Created component with component type of 'jakarta.faces.HtmlPanelGroup'
[0m[32m14:37:47,507 FINE  [jakarta.enterprise.resource.webcontainer.faces.facelets.tag.component] (default task-2) /index.xhtml @21,61 <h:panelGroup> Component[2059540600_7ac218d1] Created: jakarta.faces.component.html.HtmlPanelGroup
[0m[32m14:37:47,507 FINE  [jakarta.enterprise.resource.webcontainer.faces.application] (default task-2) Created component with component type of 'jakarta.faces.HtmlOutputText'
[0m[32m14:37:47,507 FINE  [jakarta.enterprise.resource.webcontainer.faces.facelets.tag.component] (default task-2) /index.xhtml @23,59 <h:outputText> Component[2059540600_7ac218bb] Created: jakarta.faces.component.html.HtmlOutputText
[0m[32m14:37:47,507 FINE  [jakarta.enterprise.resource.webcontainer.faces.application] (default task-2) Created component with component type of 'jakarta.faces.HtmlForm'
[0m[32m14:37:47,507 FINE  [jakarta.enterprise.resource.webcontainer.faces.facelets.tag.component] (default task-2) /index.xhtml @26,11 <h:form> Component[2059540600_7ac218a8] Created: jakarta.faces.component.html.HtmlForm
[0m[32m14:37:47,507 FINE  [jakarta.enterprise.resource.webcontainer.faces.application] (default task-2) Created component with component type of 'jakarta.faces.HtmlPanelGroup'
[0m[32m14:37:47,507 FINE  [jakarta.enterprise.resource.webcontainer.faces.facelets.tag.component] (default task-2) /index.xhtml @27,62 <h:panelGroup> Component[2059540600_7ac21892] Created: jakarta.faces.component.html.HtmlPanelGroup
[0m[32m14:37:47,507 FINE  [jakarta.enterprise.resource.webcontainer.faces.application] (default task-2) Created component with component type of 'jakarta.faces.HtmlCommandButton'
[0m[32m14:37:47,508 FINE  [jakarta.enterprise.resource.webcontainer.faces.facelets.tag.component] (default task-2) /index.xhtml @29,119 <h:commandButton> Component[2059540600_7ac2197c] Created: jakarta.faces.component.html.HtmlCommandButton
[0m[32m14:37:47,508 FINE  [jakarta.enterprise.resource.webcontainer.faces.application] (default task-2) Created component with component type of 'jakarta.faces.HtmlCommandButton'
[0m[32m14:37:47,508 FINE  [jakarta.enterprise.resource.webcontainer.faces.facelets.tag.component] (default task-2) /index.xhtml @30,112 <h:commandButton> Component[2059540600_7ac21969] Created: jakarta.faces.component.html.HtmlCommandButton
[0m[32m14:37:47,508 FINE  [jakarta.enterprise.resource.webcontainer.faces.application] (default task-2) Created component with component type of 'jakarta.faces.HtmlPanelGroup'
[0m[32m14:37:47,508 FINE  [jakarta.enterprise.resource.webcontainer.faces.facelets.tag.component] (default task-2) /index.xhtml @33,34 <h:panelGroup> Component[2059540600_7ac21966] Created: jakarta.faces.component.html.HtmlPanelGroup
[0m[32m14:37:47,508 FINE  [jakarta.enterprise.resource.webcontainer.faces.application] (default task-2) Created component with component type of 'jakarta.faces.HtmlCommandButton'
[0m[32m14:37:47,508 FINE  [jakarta.enterprise.resource.webcontainer.faces.facelets.tag.component] (default task-2) /index.xhtml @35,124 <h:commandButton> Component[2059540600_7ac21940] Created: jakarta.faces.component.html.HtmlCommandButton
[0m[32m14:37:47,508 FINE  [jakarta.enterprise.resource.webcontainer.faces.application] (default task-2) Created component with component type of 'jakarta.faces.HtmlCommandButton'
[0m[32m14:37:47,508 FINE  [jakarta.enterprise.resource.webcontainer.faces.facelets.tag.component] (default task-2) /index.xhtml @36,117 <h:commandButton> Component[2059540600_7ac2193d] Created: jakarta.faces.component.html.HtmlCommandButton
[0m[32m14:37:47,508 FINE  [jakarta.enterprise.resource.webcontainer.faces.application] (default task-2) Rendering View: /index.xhtml
[0m[32m14:37:47,510 DEBUG [org.wildfly.clustering.marshalling.ByteBufferMarshalledValue] (default task-2) Marshalled size of java.util.concurrent.ConcurrentHashMap object = 588 bytes
[0m[32m14:37:47,514 FINE  [jakarta.enterprise.resource.webcontainer.faces.renderkit] (default task-2) component.getValue() returned F7bI3vRr8QjoFq923F9Bb52GdHIw3Lg_KawR083u
[0m[32m14:37:47,514 FINE  [jakarta.enterprise.resource.webcontainer.faces.renderkit] (default task-2) Value to be rendered F7bI3vRr8QjoFq923F9Bb52GdHIw3Lg_KawR083u
[0m[32m14:37:47,514 FINE  [jakarta.enterprise.resource.webcontainer.faces.renderkit] (default task-2) component.getValue() returned 80af7a46f92a
[0m[32m14:37:47,514 FINE  [jakarta.enterprise.resource.webcontainer.faces.renderkit] (default task-2) Value to be rendered 80af7a46f92a
[0m[32m14:37:47,515 FINE  [jakarta.enterprise.resource.webcontainer.faces.renderkit] (default task-2) component.getValue() returned 0
[0m[32m14:37:47,515 FINE  [jakarta.enterprise.resource.webcontainer.faces.application] (default task-2) Created converter of type 'jakarta.faces.convert.IntegerConverter'
[0m[32m14:37:47,515 FINE  [jakarta.enterprise.resource.webcontainer.faces.renderkit] (default task-2) Value to be rendered 0
[0m[32m14:37:47,516 FINE  [jakarta.enterprise.resource.webcontainer.faces.application] (default task-2) Begin writing marker for viewId /index.xhtml
[0m[32m14:37:47,516 FINE  [jakarta.enterprise.resource.webcontainer.faces.application] (default task-2) End writing marker for viewId /index.xhtml
[0m[32m14:37:47,517 FINE  [jakarta.faces.component] (default task-2) j_id1
[0m[32m14:37:47,519 FINE  [jakarta.enterprise.resource.webcontainer.faces.lifecycle] (default task-2) Exiting RenderResponsePhase
[0m[32m14:37:47,519 FINE  [jakarta.enterprise.resource.webcontainer.faces.timing] (default task-2)  [TIMING] - [14ms] : Execution time for phase (including any PhaseListeners) -> RENDER_RESPONSE 6
[0m[32m14:37:47,521 DEBUG [org.wildfly.clustering.marshalling.ByteBufferMarshalledValue] (default task-2) Marshalled size of java.util.concurrent.ConcurrentHashMap object = 1884 bytes
[0m[32m14:37:49,523 DEBUG [io.undertow.request] (default I/O-15) Matched default handler path /index.xhtml
[0m[32m14:37:49,524 FINE  [jakarta.enterprise.resource.webcontainer.faces.lifecycle] (default task-2) execute(com.sun.faces.context.FacesContextImpl@594816c5)
[0m[32m14:37:49,525 FINE  [jakarta.enterprise.resource.webcontainer.faces.lifecycle] (default task-2) Entering RestoreViewPhase
[0m[32m14:37:49,525 FINE  [jakarta.enterprise.resource.webcontainer.faces.application] (default task-2) Created component with component type of 'jakarta.faces.ViewRoot'
[0m[32m14:37:49,525 FINE  [jakarta.enterprise.resource.webcontainer.faces.application] (default task-2) Created component with component type of 'jakarta.faces.ViewRoot'
[0m[32m14:37:49,525 FINE  [jakarta.enterprise.resource.webcontainer.faces.application] (default task-2) Created component with component type of 'jakarta.faces.ViewRoot'
[0m[32m14:37:49,525 FINE  [jakarta.enterprise.resource.webcontainer.faces.lifecycle] (default task-2) New request: creating a view for /index.xhtml
[0m[32m14:37:49,525 FINE  [jakarta.enterprise.resource.webcontainer.faces.application] (default task-2) Created component with component type of 'jakarta.faces.ViewRoot'
[0m[32m14:37:49,525 FINE  [jakarta.enterprise.resource.webcontainer.faces.application] (default task-2) Created new view for /index.xhtml
[0m[32m14:37:49,525 FINE  [jakarta.enterprise.resource.webcontainer.faces.application] (default task-2) Locale for this view as determined by calculateLocale en_US
[0m[32m14:37:49,525 FINE  [jakarta.enterprise.resource.webcontainer.faces.application] (default task-2) Created component with component type of 'jakarta.faces.ViewRoot'
[0m[32m14:37:49,525 FINE  [jakarta.enterprise.resource.webcontainer.faces.application] (default task-2) RenderKitId for this view as determined by calculateRenderKitId HTML_BASIC
[0m[32m14:37:49,526 FINE  [jakarta.enterprise.resource.webcontainer.faces.lifecycle] (default task-2) Exiting RestoreViewPhase
[0m[32m14:37:49,526 FINE  [jakarta.enterprise.resource.webcontainer.faces.timing] (default task-2)  [TIMING] - [1ms] : Execution time for phase (including any PhaseListeners) -> RESTORE_VIEW 1
[0m[32m14:37:49,526 FINE  [jakarta.enterprise.resource.webcontainer.faces.lifecycle] (default task-2) render(com.sun.faces.context.FacesContextImpl@594816c5)
[0m[32m14:37:49,526 FINE  [jakarta.enterprise.resource.webcontainer.faces.lifecycle] (default task-2) Entering RenderResponsePhase
[0m[32m14:37:49,526 FINE  [jakarta.enterprise.resource.webcontainer.faces.lifecycle] (default task-2) About to render view /index.xhtml
[0m[32m14:37:49,526 FINE  [jakarta.enterprise.resource.webcontainer.faces.application] (default task-2) Building View: /index.xhtml
[0m[32m14:37:49,527 FINE  [jakarta.enterprise.resource.webcontainer.faces.application] (default task-2) Created component with component type of 'jakarta.faces.Output'
[0m[32m14:37:49,527 FINE  [jakarta.enterprise.resource.webcontainer.faces.facelets.tag.component] (default task-2) /index.xhtml @6,11 <h:head> Component[2059540600_7ac2185f] Created: jakarta.faces.component.UIOutput
[0m[32m14:37:49,527 FINE  [jakarta.enterprise.resource.webcontainer.faces.application] (default task-2) Created component with component type of 'jakarta.faces.OutputBody'
[0m[32m14:37:49,527 FINE  [jakarta.enterprise.resource.webcontainer.faces.facelets.tag.component] (default task-2) /index.xhtml @10,11 <h:body> Component[2059540600_7ac21839] Created: jakarta.faces.component.html.HtmlBody
[0m[32m14:37:49,527 FINE  [jakarta.enterprise.resource.webcontainer.faces.application] (default task-2) Created component with component type of 'jakarta.faces.HtmlPanelGroup'
[0m[32m14:37:49,527 FINE  [jakarta.enterprise.resource.webcontainer.faces.facelets.tag.component] (default task-2) /index.xhtml @13,60 <h:panelGroup> Component[2059540600_7ac21823] Created: jakarta.faces.component.html.HtmlPanelGroup
[0m[32m14:37:49,527 FINE  [jakarta.enterprise.resource.webcontainer.faces.application] (default task-2) Created component with component type of 'jakarta.faces.HtmlOutputText'
[0m[32m14:37:49,527 FINE  [jakarta.enterprise.resource.webcontainer.faces.facelets.tag.component] (default task-2) /index.xhtml @15,61 <h:outputText> Component[2059540600_7ac2180d] Created: jakarta.faces.component.html.HtmlOutputText
[0m[32m14:37:49,527 FINE  [jakarta.enterprise.resource.webcontainer.faces.application] (default task-2) Created component with component type of 'jakarta.faces.HtmlPanelGroup'
[0m[32m14:37:49,527 FINE  [jakarta.enterprise.resource.webcontainer.faces.facelets.tag.component] (default task-2) /index.xhtml @17,60 <h:panelGroup> Component[2059540600_7ac218fa] Created: jakarta.faces.component.html.HtmlPanelGroup
[0m[32m14:37:49,527 FINE  [jakarta.enterprise.resource.webcontainer.faces.application] (default task-2) Created component with component type of 'jakarta.faces.HtmlOutputText'
[0m[32m14:37:49,528 FINE  [jakarta.enterprise.resource.webcontainer.faces.facelets.tag.component] (default task-2) /index.xhtml @19,60 <h:outputText> Component[2059540600_7ac218e4] Created: jakarta.faces.component.html.HtmlOutputText
[0m[32m14:37:49,528 FINE  [jakarta.enterprise.resource.webcontainer.faces.application] (default task-2) Created component with component type of 'jakarta.faces.HtmlPanelGroup'
[0m[32m14:37:49,528 FINE  [jakarta.enterprise.resource.webcontainer.faces.facelets.tag.component] (default task-2) /index.xhtml @21,61 <h:panelGroup> Component[2059540600_7ac218d1] Created: jakarta.faces.component.html.HtmlPanelGroup
[0m[32m14:37:49,528 FINE  [jakarta.enterprise.resource.webcontainer.faces.application] (default task-2) Created component with component type of 'jakarta.faces.HtmlOutputText'
[0m[32m14:37:49,528 FINE  [jakarta.enterprise.resource.webcontainer.faces.facelets.tag.component] (default task-2) /index.xhtml @23,59 <h:outputText> Component[2059540600_7ac218bb] Created: jakarta.faces.component.html.HtmlOutputText
[0m[32m14:37:49,528 FINE  [jakarta.enterprise.resource.webcontainer.faces.application] (default task-2) Created component with component type of 'jakarta.faces.HtmlForm'
[0m[32m14:37:49,528 FINE  [jakarta.enterprise.resource.webcontainer.faces.facelets.tag.component] (default task-2) /index.xhtml @26,11 <h:form> Component[2059540600_7ac218a8] Created: jakarta.faces.component.html.HtmlForm
[0m[32m14:37:49,528 FINE  [jakarta.enterprise.resource.webcontainer.faces.application] (default task-2) Created component with component type of 'jakarta.faces.HtmlPanelGroup'
[0m[32m14:37:49,528 FINE  [jakarta.enterprise.resource.webcontainer.faces.facelets.tag.component] (default task-2) /index.xhtml @27,62 <h:panelGroup> Component[2059540600_7ac21892] Created: jakarta.faces.component.html.HtmlPanelGroup
[0m[32m14:37:49,528 FINE  [jakarta.enterprise.resource.webcontainer.faces.application] (default task-2) Created component with component type of 'jakarta.faces.HtmlCommandButton'
[0m[32m14:37:49,528 FINE  [jakarta.enterprise.resource.webcontainer.faces.facelets.tag.component] (default task-2) /index.xhtml @29,119 <h:commandButton> Component[2059540600_7ac2197c] Created: jakarta.faces.component.html.HtmlCommandButton
[0m[32m14:37:49,528 FINE  [jakarta.enterprise.resource.webcontainer.faces.application] (default task-2) Created component with component type of 'jakarta.faces.HtmlCommandButton'
[0m[32m14:37:49,528 FINE  [jakarta.enterprise.resource.webcontainer.faces.facelets.tag.component] (default task-2) /index.xhtml @30,112 <h:commandButton> Component[2059540600_7ac21969] Created: jakarta.faces.component.html.HtmlCommandButton
[0m[32m14:37:49,529 FINE  [jakarta.enterprise.resource.webcontainer.faces.application] (default task-2) Created component with component type of 'jakarta.faces.HtmlPanelGroup'
[0m[32m14:37:49,529 FINE  [jakarta.enterprise.resource.webcontainer.faces.facelets.tag.component] (default task-2) /index.xhtml @33,34 <h:panelGroup> Component[2059540600_7ac21966] Created: jakarta.faces.component.html.HtmlPanelGroup
[0m[32m14:37:49,529 FINE  [jakarta.enterprise.resource.webcontainer.faces.application] (default task-2) Created component with component type of 'jakarta.faces.HtmlCommandButton'
[0m[32m14:37:49,529 FINE  [jakarta.enterprise.resource.webcontainer.faces.facelets.tag.component] (default task-2) /index.xhtml @35,124 <h:commandButton> Component[2059540600_7ac21940] Created: jakarta.faces.component.html.HtmlCommandButton
[0m[32m14:37:49,529 FINE  [jakarta.enterprise.resource.webcontainer.faces.application] (default task-2) Created component with component type of 'jakarta.faces.HtmlCommandButton'
[0m[32m14:37:49,529 FINE  [jakarta.enterprise.resource.webcontainer.faces.facelets.tag.component] (default task-2) /index.xhtml @36,117 <h:commandButton> Component[2059540600_7ac2193d] Created: jakarta.faces.component.html.HtmlCommandButton
[0m[32m14:37:49,529 FINE  [jakarta.enterprise.resource.webcontainer.faces.application] (default task-2) Rendering View: /index.xhtml
[0m[32m14:37:49,531 DEBUG [org.wildfly.clustering.marshalling.ByteBufferMarshalledValue] (default task-2) Marshalled size of java.util.concurrent.ConcurrentHashMap object = 588 bytes
[0m[32m14:37:49,555 FINE  [jakarta.enterprise.resource.webcontainer.faces.renderkit] (default task-2) component.getValue() returned 0eiWr7BF1E02hKz-ofn7P4E7jBkYM-7AttjzdAsM
[0m[32m14:37:49,555 FINE  [jakarta.enterprise.resource.webcontainer.faces.renderkit] (default task-2) Value to be rendered 0eiWr7BF1E02hKz-ofn7P4E7jBkYM-7AttjzdAsM
[0m[32m14:37:49,555 FINE  [jakarta.enterprise.resource.webcontainer.faces.renderkit] (default task-2) component.getValue() returned 80af7a46f92a
[0m[32m14:37:49,555 FINE  [jakarta.enterprise.resource.webcontainer.faces.renderkit] (default task-2) Value to be rendered 80af7a46f92a
[0m[32m14:37:49,555 FINE  [jakarta.enterprise.resource.webcontainer.faces.renderkit] (default task-2) component.getValue() returned 0
[0m[32m14:37:49,556 FINE  [jakarta.enterprise.resource.webcontainer.faces.application] (default task-2) Created converter of type 'jakarta.faces.convert.IntegerConverter'
[0m[32m14:37:49,556 FINE  [jakarta.enterprise.resource.webcontainer.faces.renderkit] (default task-2) Value to be rendered 0
[0m[32m14:37:49,557 FINE  [jakarta.enterprise.resource.webcontainer.faces.application] (default task-2) Begin writing marker for viewId /index.xhtml
[0m[32m14:37:49,557 FINE  [jakarta.enterprise.resource.webcontainer.faces.application] (default task-2) End writing marker for viewId /index.xhtml
[0m[32m14:37:49,557 FINE  [jakarta.faces.component] (default task-2) j_id1
[0m[32m14:37:49,558 FINE  [jakarta.enterprise.resource.webcontainer.faces.lifecycle] (default task-2) Exiting RenderResponsePhase
[0m[32m14:37:49,558 FINE  [jakarta.enterprise.resource.webcontainer.faces.timing] (default task-2)  [TIMING] - [32ms] : Execution time for phase (including any PhaseListeners) -> RENDER_RESPONSE 6
[0m[32m14:37:49,560 DEBUG [io.undertow.request.io] (default task-2) UT005013: An IOException occurred: java.net.SocketException: Connection reset
	at java.base/sun.nio.ch.SocketChannelImpl.throwConnectionReset(SocketChannelImpl.java:401)
	at java.base/sun.nio.ch.SocketChannelImpl.read(SocketChannelImpl.java:434)
	at org.jboss.xnio.nio@3.8.16.Final-redhat-00001//org.xnio.nio.NioSocketConduit.read(NioSocketConduit.java:289)
	at org.jboss.xnio@3.8.16.Final-redhat-00001//org.xnio.conduits.AbstractStreamSourceConduit.read(AbstractStreamSourceConduit.java:51)
	at io.undertow.core@2.3.23.SP3-redhat-00001//io.undertow.conduits.ReadTimeoutStreamSourceConduit.read(ReadTimeoutStreamSourceConduit.java:181)
	at org.jboss.xnio@3.8.16.Final-redhat-00001//org.xnio.conduits.AbstractStreamSourceConduit.read(AbstractStreamSourceConduit.java:51)
	at io.undertow.core@2.3.23.SP3-redhat-00001//io.undertow.conduits.BytesReceivedStreamSourceConduit.read(BytesReceivedStreamSourceConduit.java:67)
	at org.jboss.xnio@3.8.16.Final-redhat-00001//org.xnio.conduits.ConduitStreamSourceChannel.read(ConduitStreamSourceChannel.java:127)
	at io.undertow.core@2.3.23.SP3-redhat-00001//io.undertow.util.ConnectionUtils.doDrain(ConnectionUtils.java:96)
	at io.undertow.core@2.3.23.SP3-redhat-00001//io.undertow.util.ConnectionUtils.cleanClose(ConnectionUtils.java:74)
	at io.undertow.core@2.3.23.SP3-redhat-00001//io.undertow.server.protocol.http.HttpReadListener.exchangeComplete(HttpReadListener.java:374)
	at io.undertow.core@2.3.23.SP3-redhat-00001//io.undertow.server.protocol.http.HttpServerConnection.exchangeComplete(HttpServerConnection.java:244)
	at io.undertow.core@2.3.23.SP3-redhat-00001//io.undertow.server.HttpServerExchange$ExchangeCompleteNextListener.proceed(HttpServerExchange.java:2062)
	at io.undertow.core@2.3.23.SP3-redhat-00001//io.undertow.server.ConnectorStatisticsImpl$1.exchangeEvent(ConnectorStatisticsImpl.java:75)
	at io.undertow.core@2.3.23.SP3-redhat-00001//io.undertow.server.HttpServerExchange$ExchangeCompleteNextListener.proceed(HttpServerExchange.java:2060)
	at io.undertow.core@2.3.23.SP3-redhat-00001//io.undertow.server.handlers.MetricsHandler$2.exchangeEvent(MetricsHandler.java:60)
	at io.undertow.core@2.3.23.SP3-redhat-00001//io.undertow.server.HttpServerExchange.invokeExchangeCompleteListeners(HttpServerExchange.java:1436)
	at io.undertow.core@2.3.23.SP3-redhat-00001//io.undertow.server.HttpServerExchange.terminateResponse(HttpServerExchange.java:1723)
	at io.undertow.core@2.3.23.SP3-redhat-00001//io.undertow.server.Connectors.terminateResponse(Connectors.java:198)
	at io.undertow.core@2.3.23.SP3-redhat-00001//io.undertow.server.protocol.http.ServerFixedLengthStreamSinkConduit.channelFinished(ServerFixedLengthStreamSinkConduit.java:58)
	at io.undertow.core@2.3.23.SP3-redhat-00001//io.undertow.conduits.AbstractFixedLengthStreamSinkConduit.exitFlush(AbstractFixedLengthStreamSinkConduit.java:316)
	at io.undertow.core@2.3.23.SP3-redhat-00001//io.undertow.conduits.AbstractFixedLengthStreamSinkConduit.flush(AbstractFixedLengthStreamSinkConduit.java:234)
	at org.jboss.xnio@3.8.16.Final-redhat-00001//org.xnio.conduits.ConduitStreamSinkChannel.flush(ConduitStreamSinkChannel.java:162)
	at io.undertow.core@2.3.23.SP3-redhat-00001//io.undertow.channels.DetachableStreamSinkChannel.flush(DetachableStreamSinkChannel.java:119)
	at org.jboss.xnio@3.8.16.Final-redhat-00001//org.xnio.channels.Channels.flushBlocking(Channels.java:63)
	at io.undertow.servlet@2.3.23.SP3-redhat-00001//io.undertow.servlet.spec.ServletOutputStreamImpl.close(ServletOutputStreamImpl.java:654)
	at io.undertow.servlet@2.3.23.SP3-redhat-00001//io.undertow.servlet.spec.ServletPrintWriter.close(ServletPrintWriter.java:130)
	at io.undertow.servlet@2.3.23.SP3-redhat-00001//io.undertow.servlet.spec.ServletPrintWriterDelegate.close(ServletPrintWriterDelegate.java:79)
	at io.undertow.servlet@2.3.23.SP3-redhat-00001//io.undertow.servlet.spec.HttpServletResponseImpl.closeStreamAndWriter(HttpServletResponseImpl.java:505)
	at io.undertow.servlet@2.3.23.SP3-redhat-00001//io.undertow.servlet.spec.HttpServletResponseImpl.responseDone(HttpServletResponseImpl.java:606)
	at io.undertow.servlet@2.3.23.SP3-redhat-00001//io.undertow.servlet.handlers.ServletInitialHandler.handleFirstRequest(ServletInitialHandler.java:330)
	at io.undertow.servlet@2.3.23.SP3-redhat-00001//io.undertow.servlet.handlers.ServletInitialHandler$1.call(ServletInitialHandler.java:130)
	at io.undertow.servlet@2.3.23.SP3-redhat-00001//io.undertow.servlet.handlers.ServletInitialHandler$1.call(ServletInitialHandler.java:127)
	at io.undertow.servlet@2.3.23.SP3-redhat-00001//io.undertow.servlet.core.ServletRequestContextThreadSetupAction$1.call(ServletRequestContextThreadSetupAction.java:48)
	at io.undertow.servlet@2.3.23.SP3-redhat-00001//io.undertow.servlet.core.ContextClassLoaderSetupAction$1.call(ContextClassLoaderSetupAction.java:43)
	at org.wildfly.extension.undertow@8.1.1.GA-redhat-00012//org.wildfly.extension.undertow.deployment.UndertowDeploymentInfoService$UndertowThreadSetupAction.lambda$create$0(UndertowDeploymentInfoService.java:1421)
	at org.wildfly.extension.undertow@8.1.1.GA-redhat-00012//org.wildfly.extension.undertow.deployment.UndertowDeploymentInfoService$UndertowThreadSetupAction.lambda$create$0(UndertowDeploymentInfoService.java:1421)
	at org.wildfly.extension.undertow@8.1.1.GA-redhat-00012//org.wildfly.extension.undertow.deployment.UndertowDeploymentInfoService$UndertowThreadSetupAction.lambda$create$0(UndertowDeploymentInfoService.java:1421)
	at org.wildfly.extension.undertow@8.1.1.GA-redhat-00012//org.wildfly.extension.undertow.deployment.UndertowDeploymentInfoService$UndertowThreadSetupAction.lambda$create$0(UndertowDeploymentInfoService.java:1421)
	at io.undertow.servlet@2.3.23.SP3-redhat-00001//io.undertow.servlet.handlers.ServletInitialHandler.dispatchRequest(ServletInitialHandler.java:251)
	at io.undertow.servlet@2.3.23.SP3-redhat-00001//io.undertow.servlet.handlers.ServletInitialHandler.lambda$new$1(ServletInitialHandler.java:99)
	at io.undertow.core@2.3.23.SP3-redhat-00001//io.undertow.server.Connectors.executeRootHandler(Connectors.java:418)
	at io.undertow.core@2.3.23.SP3-redhat-00001//io.undertow.server.HttpServerExchange$1.run(HttpServerExchange.java:938)
	at org.jboss.threads@2.5.0.redhat-00001//org.jboss.threads.ContextClassLoaderSavingRunnable.run(ContextClassLoaderSavingRunnable.java:35)
	at org.jboss.threads@2.5.0.redhat-00001//org.jboss.threads.EnhancedQueueExecutor.safeRun(EnhancedQueueExecutor.java:2024)
	at org.jboss.threads@2.5.0.redhat-00001//org.jboss.threads.EnhancedQueueExecutor$ThreadBody.doRunTask(EnhancedQueueExecutor.java:1520)
	at org.jboss.threads@2.5.0.redhat-00001//org.jboss.threads.EnhancedQueueExecutor$ThreadBody.run(EnhancedQueueExecutor.java:1411)
	at org.jboss.xnio@3.8.16.Final-redhat-00001//org.xnio.XnioWorker$WorkerThreadFactory$1$1.run(XnioWorker.java:1282)
	at java.base/java.lang.Thread.run(Thread.java:1583)

[0m[32m14:37:49,562 DEBUG [org.wildfly.clustering.marshalling.ByteBufferMarshalledValue] (default task-2) Marshalled size of java.util.concurrent.ConcurrentHashMap object = 1884 bytes
