Using openshift launcher.
2026-04-15 14:35:57 Launching WildFly Server
JAVA_OPTS already set in environment; overriding default settings with values:  -XX:MaxRAMPercentage=80.0 -XX:+UseParallelGC -XX:MinHeapFreeRatio=10 -XX:MaxHeapFreeRatio=20 -XX:GCTimeRatio=4 -XX:AdaptiveSizePolicyWeight=90 -XX:MetaspaceSize=96m -XX:+ExitOnOutOfMemoryError -Djava.security.egd=file:/dev/./urandom -Djava.net.preferIPv4Stack=true -Djboss.modules.system.pkgs=jdk.nashorn.api,com.sun.crypto.provider -Djboss.node.name=eap1 -Djboss.bind.address=0.0.0.0 -Djboss.bind.address.management=0.0.0.0 -Djboss.bind.address.private=0.0.0.0
=========================================================================

  JBoss Bootstrap Environment

  JBOSS_HOME: /opt/server

  JAVA: /usr/lib/jvm/java-21/bin/java

  JAVA_OPTS:  -Xlog:gc*:file="/opt/server/standalone/log/gc.log":time,uptimemillis:filecount=5,filesize=3M -Djdk.serialFilter="maxbytes=10485760;maxdepth=128;maxarray=100000;maxrefs=300000"  -XX:MaxRAMPercentage=80.0 -XX:+UseParallelGC -XX:MinHeapFreeRatio=10 -XX:MaxHeapFreeRatio=20 -XX:GCTimeRatio=4 -XX:AdaptiveSizePolicyWeight=90 -XX:MetaspaceSize=96m -XX:+ExitOnOutOfMemoryError -Djava.security.egd=file:/dev/./urandom -Djava.net.preferIPv4Stack=true -Djboss.modules.system.pkgs=jdk.nashorn.api,com.sun.crypto.provider -Djboss.node.name=eap1 -Djboss.bind.address=0.0.0.0 -Djboss.bind.address.management=0.0.0.0 -Djboss.bind.address.private=0.0.0.0  --add-exports=java.desktop/sun.awt=ALL-UNNAMED --add-exports=java.naming/com.sun.jndi.ldap=ALL-UNNAMED --add-exports=java.naming/com.sun.jndi.url.ldap=ALL-UNNAMED --add-exports=java.naming/com.sun.jndi.url.ldaps=ALL-UNNAMED --add-exports=jdk.naming.dns/com.sun.jndi.dns=ALL-UNNAMED --add-opens=java.base/java.lang=ALL-UNNAMED --add-opens=java.base/java.lang.invoke=ALL-UNNAMED --add-opens=java.base/java.lang.reflect=ALL-UNNAMED --add-opens=java.base/java.io=ALL-UNNAMED --add-opens=java.base/java.net=ALL-UNNAMED --add-opens=java.base/java.security=ALL-UNNAMED --add-opens=java.base/java.util=ALL-UNNAMED --add-opens=java.base/java.util.concurrent=ALL-UNNAMED --add-opens=java.management/javax.management=ALL-UNNAMED --add-opens=java.naming/javax.naming=ALL-UNNAMED

=========================================================================

[0m14:35:59,433 INFO  [org.jboss.modules] (main) JBoss Modules version 2.1.6.Final-redhat-00001
[0m[0m14:36:00,433 INFO  [org.jboss.msc] (main) JBoss MSC version 1.5.5.Final-redhat-00001
[0m[0m14:36:00,454 INFO  [org.jboss.threads] (main) JBoss Threads version 2.5.0.redhat-00001
[0m[0m14:36:00,653 INFO  [org.jboss.as] (MSC service thread 1-2) WFLYSRV0049: JBoss EAP 8.1 Update 5.0 (WildFly Core 27.1.6.Final-redhat-00001) starting
[0m[32m14:36:00,655 DEBUG [org.jboss.as.config] (MSC service thread 1-2) Configured system properties:
	[Standalone] = 
	file.encoding = UTF-8
	file.separator = /
	java.class.path = /opt/server/jboss-modules.jar
	java.class.version = 65.0
	java.home = /usr/lib/jvm/java-21-openjdk-21.0.10.0.7-1.el9.x86_64
	java.io.tmpdir = /tmp
	java.library.path = /usr/java/packages/lib:/usr/lib64:/lib64:/lib:/usr/lib
	java.net.preferIPv4Stack = true
	java.runtime.name = OpenJDK Runtime Environment
	java.runtime.version = 21.0.10+7-LTS
	java.security.egd = file:/dev/./urandom
	java.specification.name = Java Platform API Specification
	java.specification.vendor = Oracle Corporation
	java.specification.version = 21
	java.util.logging.manager = org.jboss.logmanager.LogManager
	java.vendor = Red Hat, Inc.
	java.vendor.url = https://www.redhat.com/
	java.vendor.url.bug = https://access.redhat.com/support/cases/
	java.vendor.version = (Red_Hat-21.0.10.0.7-1)
	java.version = 21.0.10
	java.version.date = 2026-01-20
	java.vm.compressedOopsMode = Zero based
	java.vm.info = mixed mode, sharing
	java.vm.name = OpenJDK 64-Bit Server VM
	java.vm.specification.name = Java Virtual Machine Specification
	java.vm.specification.vendor = Oracle Corporation
	java.vm.specification.version = 21
	java.vm.vendor = Red Hat, Inc.
	java.vm.version = 21.0.10+7-LTS
	javax.management.builder.initial = org.jboss.as.jmx.PluggableMBeanServerBuilder
	jboss.bind.address = 172.21.0.3
	jboss.bind.address.management = 0.0.0.0
	jboss.bind.address.private = 172.21.0.3
	jboss.home.dir = /opt/server
	jboss.host.name = 060a48fb51ef
	jboss.messaging.cluster.password = <redacted>
	jboss.messaging.host = 172.21.0.3
	jboss.modules.system.pkgs = jdk.nashorn.api,com.sun.crypto.provider
	jboss.node.name = 060a48fb51ef
	jboss.qualified.host.name = 060a48fb51ef
	jboss.server.base.dir = /opt/server/standalone
	jboss.server.config.dir = /opt/server/standalone/configuration
	jboss.server.data.dir = /opt/server/standalone/data
	jboss.server.log.dir = /opt/server/standalone/log
	jboss.server.name = 060a48fb51ef
	jboss.server.persist.config = true
	jboss.server.temp.dir = /opt/server/standalone/tmp
	jboss.tx.node.id = 060a48fb51ef
	jdk.debug = release
	jdk.serialFilter = maxbytes=10485760;maxdepth=128;maxarray=100000;maxrefs=300000
	line.separator = 

	logging.configuration = file:/opt/server/standalone/configuration/logging.properties
	module.path = /opt/server/modules
	native.encoding = ANSI_X3.4-1968
	org.jboss.boot.log.file = /opt/server/standalone/log/server.log
	org.jboss.resolver.warning = true
	org.wildfly.internal.cli.boot.hook.marker.dir = /tmp/cli-boot-reload-marker-1776263758
	org.wildfly.internal.cli.boot.hook.script = /tmp/cli-script-1776263757.cli
	org.wildfly.internal.cli.boot.hook.script.error.file = /tmp/cli-script-error-1776263757.cli
	org.wildfly.internal.cli.boot.hook.script.output.file = /tmp/cli-script-output-1776263757.cli
	org.wildfly.internal.cli.boot.hook.script.properties = /tmp/cli-script-property-1776263757.cli
	org.wildfly.internal.cli.boot.hook.script.warn.file = /tmp/cli-warning-1776263757.log
	os.arch = amd64
	os.name = Linux
	os.version = 5.15.167.4-microsoft-standard-WSL2
	path.separator = :
	stderr.encoding = ANSI_X3.4-1968
	stdout.encoding = ANSI_X3.4-1968
	sun.arch.data.model = 64
	sun.boot.library.path = /usr/lib/jvm/java-21-openjdk-21.0.10.0.7-1.el9.x86_64/lib
	sun.cpu.endian = little
	sun.io.unicode.encoding = UnicodeLittle
	sun.java.command = /opt/server/jboss-modules.jar -mp /opt/server/modules org.jboss.as.standalone -Djboss.home.dir=/opt/server -Djboss.server.base.dir=/opt/server/standalone -c standalone.xml -Djboss.messaging.host=172.21.0.3 -Djboss.messaging.cluster.password=<redacted> --start-mode=admin-only -Dorg.wildfly.internal.cli.boot.hook.script=/tmp/cli-script-1776263757.cli -Dorg.wildfly.internal.cli.boot.hook.marker.dir=/tmp/cli-boot-reload-marker-1776263758 -Dorg.wildfly.internal.cli.boot.hook.script.properties=/tmp/cli-script-property-1776263757.cli -Dorg.wildfly.internal.cli.boot.hook.script.error.file=/tmp/cli-script-error-1776263757.cli -Dorg.wildfly.internal.cli.boot.hook.script.warn.file=/tmp/cli-warning-1776263757.log -Dorg.wildfly.internal.cli.boot.hook.script.output.file=/tmp/cli-script-output-1776263757.cli -Djboss.node.name=060a48fb51ef -Djboss.tx.node.id=060a48fb51ef -bprivate 172.21.0.3 -b 172.21.0.3 -bmanagement 0.0.0.0 -Dwildfly.statistics-enabled=true
	sun.java.launcher = SUN_STANDARD
	sun.jnu.encoding = ANSI_X3.4-1968
	sun.management.compiler = HotSpot 64-Bit Tiered Compilers
	user.country = US
	user.dir = /home/jboss
	user.home = /home/jboss
	user.language = en
	user.name = jboss
	user.timezone = GMT
	wildfly.statistics-enabled = true
[0m[32m14:36:00,656 DEBUG [org.jboss.as.config] (MSC service thread 1-2) VM Arguments: -D[Standalone] -Xlog:gc*:file=/opt/server/standalone/log/gc.log:time,uptimemillis:filecount=5,filesize=3M -Djdk.serialFilter=maxbytes=10485760;maxdepth=128;maxarray=100000;maxrefs=300000 -XX:MaxRAMPercentage=80.0 -XX:+UseParallelGC -XX:MinHeapFreeRatio=10 -XX:MaxHeapFreeRatio=20 -XX:GCTimeRatio=4 -XX:AdaptiveSizePolicyWeight=90 -XX:MetaspaceSize=96m -XX:+ExitOnOutOfMemoryError -Djava.security.egd=file:/dev/./urandom -Djava.net.preferIPv4Stack=true -Djboss.modules.system.pkgs=jdk.nashorn.api,com.sun.crypto.provider -Djboss.node.name=eap1 -Djboss.bind.address=0.0.0.0 -Djboss.bind.address.management=0.0.0.0 -Djboss.bind.address.private=0.0.0.0 --add-exports=java.desktop/sun.awt=ALL-UNNAMED --add-exports=java.naming/com.sun.jndi.ldap=ALL-UNNAMED --add-exports=java.naming/com.sun.jndi.url.ldap=ALL-UNNAMED --add-exports=java.naming/com.sun.jndi.url.ldaps=ALL-UNNAMED --add-exports=jdk.naming.dns/com.sun.jndi.dns=ALL-UNNAMED --add-opens=java.base/java.lang=ALL-UNNAMED --add-opens=java.base/java.lang.invoke=ALL-UNNAMED --add-opens=java.base/java.lang.reflect=ALL-UNNAMED --add-opens=java.base/java.io=ALL-UNNAMED --add-opens=java.base/java.net=ALL-UNNAMED --add-opens=java.base/java.security=ALL-UNNAMED --add-opens=java.base/java.util=ALL-UNNAMED --add-opens=java.base/java.util.concurrent=ALL-UNNAMED --add-opens=java.management/javax.management=ALL-UNNAMED --add-opens=java.naming/javax.naming=ALL-UNNAMED -Dorg.jboss.boot.log.file=/opt/server/standalone/log/server.log -Dlogging.configuration=file:/opt/server/standalone/configuration/logging.properties 
[0m[0m14:36:02,320 INFO  [org.wildfly.security] (Controller Boot Thread) ELY00001: WildFly Elytron version 2.6.8.Final-redhat-00001
[0m[0m14:36:03,596 INFO  [org.jboss.as.server] (Controller Boot Thread) WFLYSRV0039: Creating http management service using socket-binding (management-http)
[0m[0m14:36:03,615 INFO  [org.xnio] (MSC service thread 1-1) XNIO version 3.8.16.Final-redhat-00001
[0m[0m14:36:03,624 INFO  [org.xnio.nio] (MSC service thread 1-1) XNIO NIO Implementation Version 3.8.16.Final-redhat-00001
[0m[0m14:36:03,728 INFO  [org.jboss.remoting] (MSC service thread 1-3) JBoss Remoting version 5.0.31.Final-redhat-00001
[0m[33m14:36:03,759 WARN  [org.wildfly.extension.elytron] (MSC service thread 1-3) WFLYELY00023: KeyStore file '/opt/server/standalone/configuration/application.keystore' does not exist. Used blank.
[0m[33m14:36:03,781 WARN  [org.wildfly.extension.elytron] (MSC service thread 1-3) WFLYELY01084: KeyStore /opt/server/standalone/configuration/application.keystore not found, it will be auto-generated on first use with a self-signed certificate for host localhost
[0m[0m14:36:04,140 INFO  [org.jboss.as.server] (Controller Boot Thread) WFLYSRV0212: Resuming server
[0m[0m14:36:04,148 INFO  [org.jboss.as] (Controller Boot Thread) WFLYSRV0060: Http management interface listening on http://0.0.0.0:9990/management
[0m[0m14:36:04,150 INFO  [org.jboss.as] (Controller Boot Thread) WFLYSRV0054: Admin console is not enabled
[0m[0m14:36:04,153 INFO  [org.jboss.as] (Controller Boot Thread) WFLYSRV0025: JBoss EAP 8.1 Update 5.0 (WildFly Core 27.1.6.Final-redhat-00001) started in 5202ms - Started 73 of 92 services (33 services are lazy, passive or on-demand) - Server configuration file in use: standalone.xml
[0m[0m14:36:04,158 INFO  [org.jboss.as.controller] (Controller Boot Thread) WFLYCTL0472: Checking for presence of marker file indicating that the server has been restarted following execution of the additional commands from the CLI script
[0m[0m14:36:04,158 INFO  [org.jboss.as.controller] (Controller Boot Thread) WFLYCTL0474: No marker file found indicating that the server has been restarted following execution of the additional commands from the CLI script
[0m[0m14:36:04,159 INFO  [org.jboss.as.controller] (Controller Boot Thread) WFLYCTL0466: Initialised the additional boot CLI script functionality. The CLI commands will be read from /tmp/cli-script-1776263757.cli. The server will be rebooted to normal mode after these have been executed
[0m[0m14:36:04,180 INFO  [org.jboss.as.controller] (Controller Boot Thread) WFLYCTL0467: Running the additional commands from the CLI script /tmp/cli-script-1776263757.cli against the server which is running in admin-only mode
[0m[0m14:36:04,194 INFO  [org.jboss.as.cli] (Controller Boot Thread) WFLYCLI0001: Processing CLI script /tmp/cli-script-1776263757.cli
[0m[0m14:36:04,882 INFO  [org.jboss.as.cli] (Controller Boot Thread) WFLYCLI0005: Done processing CLI script /tmp/cli-script-1776263757.cli
[0m[0m14:36:04,882 INFO  [org.jboss.as.controller] (Controller Boot Thread) WFLYCTL0468: Completed running the commands from the CLI script
[0m[0m14:36:04,883 INFO  [org.jboss.as.controller] (Controller Boot Thread) WFLYCTL0470: Reloading the server to normal mode after execution of the additional commands from the CLI script. This will clear the properties triggering the additional boot cli script functionality if they were set (org.wildfly.internal.cli.boot.hook.script, org.wildfly.internal.cli.boot.hook.reload.skip, org.wildfly.internal.cli.boot.hook.marker.dir), and delete the marker file indicating the server was restarted
[0m[0m14:36:04,974 INFO  [org.jboss.as] (MSC service thread 1-2) WFLYSRV0050: JBoss EAP 8.1 Update 5.0 (WildFly Core 27.1.6.Final-redhat-00001) stopped in 83ms
[0m[0m14:36:04,984 INFO  [org.jboss.as] (MSC service thread 1-7) WFLYSRV0049: JBoss EAP 8.1 Update 5.0 (WildFly Core 27.1.6.Final-redhat-00001) starting
[0m[32m14:36:04,986 DEBUG [org.jboss.as.config] (MSC service thread 1-7) Configured system properties:
	[Standalone] = 
	file.encoding = UTF-8
	file.separator = /
	jakarta.security.jacc.PolicyConfigurationFactory.provider = org.wildfly.security.authz.jacc.ElytronPolicyConfigurationFactory
	java.class.path = /opt/server/jboss-modules.jar
	java.class.version = 65.0
	java.home = /usr/lib/jvm/java-21-openjdk-21.0.10.0.7-1.el9.x86_64
	java.io.tmpdir = /tmp
	java.library.path = /usr/java/packages/lib:/usr/lib64:/lib64:/lib:/usr/lib
	java.net.preferIPv4Stack = true
	java.runtime.name = OpenJDK Runtime Environment
	java.runtime.version = 21.0.10+7-LTS
	java.security.egd = file:/dev/./urandom
	java.specification.name = Java Platform API Specification
	java.specification.vendor = Oracle Corporation
	java.specification.version = 21
	java.util.logging.manager = org.jboss.logmanager.LogManager
	java.vendor = Red Hat, Inc.
	java.vendor.url = https://www.redhat.com/
	java.vendor.url.bug = https://access.redhat.com/support/cases/
	java.vendor.version = (Red_Hat-21.0.10.0.7-1)
	java.version = 21.0.10
	java.version.date = 2026-01-20
	java.vm.compressedOopsMode = Zero based
	java.vm.info = mixed mode, sharing
	java.vm.name = OpenJDK 64-Bit Server VM
	java.vm.specification.name = Java Virtual Machine Specification
	java.vm.specification.vendor = Oracle Corporation
	java.vm.specification.version = 21
	java.vm.vendor = Red Hat, Inc.
	java.vm.version = 21.0.10+7-LTS
	javax.management.builder.initial = org.jboss.as.jmx.PluggableMBeanServerBuilder
	jboss.bind.address = 172.21.0.3
	jboss.bind.address.management = 0.0.0.0
	jboss.bind.address.private = 172.21.0.3
	jboss.home.dir = /opt/server
	jboss.host.name = 060a48fb51ef
	jboss.messaging.cluster.password = <redacted>
	jboss.messaging.host = 172.21.0.3
	jboss.modules.system.pkgs = jdk.nashorn.api,com.sun.crypto.provider
	jboss.node.name = 060a48fb51ef
	jboss.qualified.host.name = 060a48fb51ef
	jboss.server.base.dir = /opt/server/standalone
	jboss.server.config.dir = /opt/server/standalone/configuration
	jboss.server.data.dir = /opt/server/standalone/data
	jboss.server.log.dir = /opt/server/standalone/log
	jboss.server.name = 060a48fb51ef
	jboss.server.persist.config = true
	jboss.server.temp.dir = /opt/server/standalone/tmp
	jboss.tx.node.id = 060a48fb51ef
	jdk.debug = release
	jdk.serialFilter = maxbytes=10485760;maxdepth=128;maxarray=100000;maxrefs=300000
	line.separator = 

	logging.configuration = file:/opt/server/standalone/configuration/logging.properties
	module.path = /opt/server/modules
	native.encoding = ANSI_X3.4-1968
	org.jboss.boot.log.file = /opt/server/standalone/log/server.log
	org.jboss.resolver.warning = true
	org.wildfly.internal.cli.boot.hook.script.error.file = /tmp/cli-script-error-1776263757.cli
	org.wildfly.internal.cli.boot.hook.script.output.file = /tmp/cli-script-output-1776263757.cli
	org.wildfly.internal.cli.boot.hook.script.properties = /tmp/cli-script-property-1776263757.cli
	org.wildfly.internal.cli.boot.hook.script.warn.file = /tmp/cli-warning-1776263757.log
	os.arch = amd64
	os.name = Linux
	os.version = 5.15.167.4-microsoft-standard-WSL2
	path.separator = :
	stderr.encoding = ANSI_X3.4-1968
	stdout.encoding = ANSI_X3.4-1968
	sun.arch.data.model = 64
	sun.boot.library.path = /usr/lib/jvm/java-21-openjdk-21.0.10.0.7-1.el9.x86_64/lib
	sun.cpu.endian = little
	sun.io.unicode.encoding = UnicodeLittle
	sun.java.command = /opt/server/jboss-modules.jar -mp /opt/server/modules org.jboss.as.standalone -Djboss.home.dir=/opt/server -Djboss.server.base.dir=/opt/server/standalone -c standalone.xml -Djboss.messaging.host=172.21.0.3 -Djboss.messaging.cluster.password=<redacted> --start-mode=admin-only -Dorg.wildfly.internal.cli.boot.hook.script=/tmp/cli-script-1776263757.cli -Dorg.wildfly.internal.cli.boot.hook.marker.dir=/tmp/cli-boot-reload-marker-1776263758 -Dorg.wildfly.internal.cli.boot.hook.script.properties=/tmp/cli-script-property-1776263757.cli -Dorg.wildfly.internal.cli.boot.hook.script.error.file=/tmp/cli-script-error-1776263757.cli -Dorg.wildfly.internal.cli.boot.hook.script.warn.file=/tmp/cli-warning-1776263757.log -Dorg.wildfly.internal.cli.boot.hook.script.output.file=/tmp/cli-script-output-1776263757.cli -Djboss.node.name=060a48fb51ef -Djboss.tx.node.id=060a48fb51ef -bprivate 172.21.0.3 -b 172.21.0.3 -bmanagement 0.0.0.0 -Dwildfly.statistics-enabled=true
	sun.java.launcher = SUN_STANDARD
	sun.jnu.encoding = ANSI_X3.4-1968
	sun.management.compiler = HotSpot 64-Bit Tiered Compilers
	sun.nio.ch.bugLevel = 
	user.country = US
	user.dir = /home/jboss
	user.home = /home/jboss
	user.language = en
	user.name = jboss
	user.timezone = GMT
	wildfly.statistics-enabled = true
[0m[32m14:36:04,987 DEBUG [org.jboss.as.config] (MSC service thread 1-7) VM Arguments: -D[Standalone] -Xlog:gc*:file=/opt/server/standalone/log/gc.log:time,uptimemillis:filecount=5,filesize=3M -Djdk.serialFilter=maxbytes=10485760;maxdepth=128;maxarray=100000;maxrefs=300000 -XX:MaxRAMPercentage=80.0 -XX:+UseParallelGC -XX:MinHeapFreeRatio=10 -XX:MaxHeapFreeRatio=20 -XX:GCTimeRatio=4 -XX:AdaptiveSizePolicyWeight=90 -XX:MetaspaceSize=96m -XX:+ExitOnOutOfMemoryError -Djava.security.egd=file:/dev/./urandom -Djava.net.preferIPv4Stack=true -Djboss.modules.system.pkgs=jdk.nashorn.api,com.sun.crypto.provider -Djboss.node.name=eap1 -Djboss.bind.address=0.0.0.0 -Djboss.bind.address.management=0.0.0.0 -Djboss.bind.address.private=0.0.0.0 --add-exports=java.desktop/sun.awt=ALL-UNNAMED --add-exports=java.naming/com.sun.jndi.ldap=ALL-UNNAMED --add-exports=java.naming/com.sun.jndi.url.ldap=ALL-UNNAMED --add-exports=java.naming/com.sun.jndi.url.ldaps=ALL-UNNAMED --add-exports=jdk.naming.dns/com.sun.jndi.dns=ALL-UNNAMED --add-opens=java.base/java.lang=ALL-UNNAMED --add-opens=java.base/java.lang.invoke=ALL-UNNAMED --add-opens=java.base/java.lang.reflect=ALL-UNNAMED --add-opens=java.base/java.io=ALL-UNNAMED --add-opens=java.base/java.net=ALL-UNNAMED --add-opens=java.base/java.security=ALL-UNNAMED --add-opens=java.base/java.util=ALL-UNNAMED --add-opens=java.base/java.util.concurrent=ALL-UNNAMED --add-opens=java.management/javax.management=ALL-UNNAMED --add-opens=java.naming/javax.naming=ALL-UNNAMED -Dorg.jboss.boot.log.file=/opt/server/standalone/log/server.log -Dlogging.configuration=file:/opt/server/standalone/configuration/logging.properties 
[0m[0m14:36:05,352 INFO  [org.jboss.as.repository] (ServerService Thread Pool -- 2) WFLYDR0001: Content added at location /opt/server/standalone/data/content/7e/0a64b770096eed8ea9a01239c5d75466e42cca/content
[0m[0m14:36:05,643 INFO  [org.jboss.as.server] (Controller Boot Thread) WFLYSRV0039: Creating http management service using socket-binding (management-http)
[0m[0m14:36:05,862 INFO  [org.jboss.as.connector.subsystems.datasources] (ServerService Thread Pool -- 43) WFLYJCA0004: Deploying JDBC-compliant driver class org.h2.Driver (version 2.2)
[0m[0m14:36:05,928 INFO  [org.wildfly.extension.elytron.oidc._private] (ServerService Thread Pool -- 52) WFLYOIDC0001: Activating WildFly Elytron OIDC Subsystem
[0m[0m14:36:05,972 INFO  [org.jboss.as.clustering.infinispan] (ServerService Thread Pool -- 54) WFLYCLINF0001: Activating Infinispan subsystem.
[0m[0m14:36:05,980 INFO  [org.jboss.as.jaxrs] (ServerService Thread Pool -- 56) WFLYRS0016: RESTEasy version 6.2.15.Final-redhat-00002
[0m[33m14:36:05,979 WARN  [org.wildfly.extension.elytron] (MSC service thread 1-8) WFLYELY00023: KeyStore file '/opt/server/standalone/configuration/application.keystore' does not exist. Used blank.
[0m[33m14:36:05,980 WARN  [org.wildfly.extension.elytron] (MSC service thread 1-1) WFLYELY01084: KeyStore /opt/server/standalone/configuration/application.keystore not found, it will be auto-generated on first use with a self-signed certificate for host localhost
[0m[0m14:36:05,991 INFO  [org.jboss.as.server.deployment] (MSC service thread 1-5) WFLYSRV0027: Starting deployment of "ROOT.war" (runtime-name: "ROOT.war")
[0m[0m14:36:06,000 INFO  [org.wildfly.extension.io] (ServerService Thread Pool -- 55) WFLYIO001: Worker 'default' has auto-configured to 16 IO threads with 128 max task threads based on your 8 available processors
[0m[0m14:36:06,007 INFO  [org.wildfly.extension.health] (ServerService Thread Pool -- 53) WFLYHEALTH0001: Activating Base Health Subsystem
[0m[0m14:36:06,029 INFO  [org.jboss.as.connector.deployers.jdbc] (MSC service thread 1-2) WFLYJCA0018: Started Driver service with driver-name = h2
[0m[0m14:36:06,046 INFO  [org.jboss.as.connector] (MSC service thread 1-1) WFLYJCA0009: Starting Jakarta Connectors Subsystem (WildFly/IronJacamar 3.0.18.Final-redhat-00001)
[0m[0m14:36:06,049 INFO  [org.jboss.as.clustering.jgroups] (ServerService Thread Pool -- 59) WFLYCLJG0001: Activating JGroups subsystem. JGroups version 5.3.21
[0m[0m14:36:06,059 INFO  [org.jboss.as.naming] (ServerService Thread Pool -- 66) WFLYNAM0001: Activating Naming Subsystem
[0m[0m14:36:06,098 INFO  [org.jboss.as.jsf] (ServerService Thread Pool -- 62) WFLYJSF0007: Activated the following Jakarta Server Faces Implementations: [main]
[0m[0m14:36:06,107 INFO  [org.wildfly.extension.metrics] (ServerService Thread Pool -- 65) WFLYMETRICS0001: Activating Base Metrics Subsystem
[0m[0m14:36:06,219 INFO  [org.jboss.as.naming] (MSC service thread 1-5) WFLYNAM0003: Starting Naming Service
[0m[0m14:36:06,233 INFO  [org.jboss.as.mail.extension] (MSC service thread 1-5) WFLYMAIL0001: Bound mail session [java:jboss/mail/Default]
[0m[0m14:36:06,244 INFO  [org.wildfly.extension.undertow] (MSC service thread 1-6) WFLYUT0003: Undertow 2.3.23.SP3-redhat-00001 starting
[0m[0m14:36:06,260 INFO  [org.jboss.as.webservices] (ServerService Thread Pool -- 76) WFLYWS0002: Activating WebServices Extension
[0m[0m14:36:06,351 INFO  [org.wildfly.extension.undertow] (ServerService Thread Pool -- 75) WFLYUT0112: The value 'require-host-http11' attribute in the '/subsystem=undertow/server=default-server/http-listener=default' resource is 'false', which will be ignored. The server now always enforces the RFC 9112 requirement that HTTP/1.1 request messages include a Host header.
[0m[0m14:36:06,502 INFO  [org.jboss.as.ejb3] (MSC service thread 1-6) WFLYEJB0481: Strict pool slsb-strict-max-pool is using a max instance size of 128 (per class), which is derived from thread worker pool sizing.
[0m[0m14:36:06,504 INFO  [org.jboss.as.ejb3] (MSC service thread 1-2) WFLYEJB0482: Strict pool mdb-strict-max-pool is using a max instance size of 32 (per class), which is derived from the number of CPUs on this host.
[0m[0m14:36:06,539 INFO  [org.wildfly.extension.undertow] (ServerService Thread Pool -- 75) WFLYUT0014: Creating file handler for path '/opt/server/welcome-content' with options [directory-listing: 'false', follow-symlink: 'false', case-sensitive: 'true', safe-symlink-paths: '[]']
[0m[0m14:36:06,547 INFO  [org.wildfly.extension.undertow] (MSC service thread 1-6) WFLYUT0012: Started server default-server.
[0m[0m14:36:06,548 INFO  [org.wildfly.extension.undertow] (MSC service thread 1-3) Queuing requests.
[0m[0m14:36:06,549 INFO  [org.wildfly.extension.undertow] (MSC service thread 1-3) WFLYUT0018: Host default-host starting
[0m[0m14:36:06,571 INFO  [org.wildfly.extension.undertow] (MSC service thread 1-6) WFLYUT0006: Undertow HTTP listener default listening on 0.0.0.0:8080
[0m[0m14:36:06,878 INFO  [org.jboss.as.ejb3] (MSC service thread 1-4) WFLYEJB0493: Jakarta Enterprise Beans subsystem suspension complete
[0m[0m14:36:07,170 INFO  [org.jboss.as.server.deployment.scanner] (MSC service thread 1-4) WFLYDS0013: Started FileSystemDeploymentService for directory /opt/server/standalone/deployments
[0m[0m14:36:07,300 INFO  [org.jboss.ws.common.management] (MSC service thread 1-3) JBWS022052: Starting JBossWS 7.3.7.Final-redhat-00001 (Apache CXF 4.0.10.redhat-00001) 
[0m[0m14:36:08,200 INFO  [org.jboss.weld.deployer] (MSC service thread 1-6) WFLYWELD0003: Processing weld deployment ROOT.war
[0m[0m14:36:08,393 INFO  [org.hibernate.validator.internal.util.Version] (MSC service thread 1-6) HV000001: Hibernate Validator 8.0.2.Final-redhat-00001
[0m[0m14:36:08,820 INFO  [org.jboss.weld.Version] (MSC service thread 1-5) WELD-000900: 5.1.6 (redhat)
[0m[0m14:36:08,999 INFO  [org.jboss.as.clustering.jgroups] (ServerService Thread Pool -- 84) WFLYCLJG0032: Connecting 'ee' channel. '060a48fb51ef' joining cluster 'ee' via /172.21.0.3:7600
[0m[0m14:36:09,001 INFO  [org.jgroups.JChannel] (ServerService Thread Pool -- 84) local_addr: 4e7d86fa-1b77-4b4c-aa88-0192ddc54f6a, name: 060a48fb51ef
[0m[0m14:36:09,021 INFO  [org.jgroups.protocols.FD_SOCK2] (ServerService Thread Pool -- 84) server listening on /172.21.0.3:57600
[0m[0m14:36:11,320 INFO  [org.jboss.as.clustering.jgroups] (ServerService Thread Pool -- 84) WFLYCLJG0033: Connected 'ee' channel. '060a48fb51ef' joined cluster 'ee' with view: [80af7a46f92a|1] (2) [80af7a46f92a, 060a48fb51ef]
[0m[0m14:36:12,282 INFO  [org.infinispan.CONTAINER] (ServerService Thread Pool -- 81) ISPN000556: Starting user marshaller 'org.wildfly.clustering.cache.infinispan.marshalling.UserMarshaller'
[0m[0m14:36:12,283 INFO  [org.infinispan.CONTAINER] (ServerService Thread Pool -- 83) ISPN000556: Starting user marshaller 'org.wildfly.clustering.cache.infinispan.marshalling.UserMarshaller'
[0m[0m14:36:12,289 INFO  [org.infinispan.CONTAINER] (ServerService Thread Pool -- 86) ISPN000556: Starting user marshaller 'org.wildfly.clustering.cache.infinispan.marshalling.UserMarshaller'
[0m[0m14:36:12,293 INFO  [org.infinispan.CONTAINER] (ServerService Thread Pool -- 78) ISPN000556: Starting user marshaller 'org.wildfly.clustering.cache.infinispan.marshalling.UserMarshaller'
[0m[0m14:36:12,673 INFO  [org.infinispan.CONTAINER] (ServerService Thread Pool -- 78) ISPN000390: Persisted state, version=15.0.21.Final-redhat-00002 timestamp=2026-04-15T14:36:12.672423837Z
[0m[0m14:36:12,673 INFO  [org.infinispan.CONTAINER] (ServerService Thread Pool -- 86) ISPN000390: Persisted state, version=15.0.21.Final-redhat-00002 timestamp=2026-04-15T14:36:12.672304821Z
[0m[0m14:36:12,673 INFO  [org.infinispan.CONTAINER] (ServerService Thread Pool -- 81) ISPN000390: Persisted state, version=15.0.21.Final-redhat-00002 timestamp=2026-04-15T14:36:12.672506063Z
[0m[0m14:36:12,673 INFO  [org.infinispan.CONTAINER] (ServerService Thread Pool -- 83) ISPN000390: Persisted state, version=15.0.21.Final-redhat-00002 timestamp=2026-04-15T14:36:12.672345955Z
[0m[33m14:36:12,694 WARN  [org.infinispan.topology.ClusterTopologyManagerImpl] (thread-6,null,060a48fb51ef) ISPN000329: Unable to read rebalancing status from coordinator 80af7a46f92a: java.util.concurrent.CompletionException: org.infinispan.remoting.transport.jgroups.SuspectException: ISPN000400: Node 80af7a46f92a was suspected
	at java.base/java.util.concurrent.CompletableFuture.encodeThrowable(CompletableFuture.java:332)
	at java.base/java.util.concurrent.CompletableFuture.completeThrowable(CompletableFuture.java:347)
	at java.base/java.util.concurrent.CompletableFuture$UniApply.tryFire(CompletableFuture.java:636)
	at java.base/java.util.concurrent.CompletableFuture.postComplete(CompletableFuture.java:510)
	at java.base/java.util.concurrent.CompletableFuture.completeExceptionally(CompletableFuture.java:2194)
	at org.infinispan.core@15.0.21.Final-redhat-00002//org.infinispan.remoting.transport.AbstractRequest.completeExceptionally(AbstractRequest.java:76)
	at org.infinispan.core@15.0.21.Final-redhat-00002//org.infinispan.remoting.transport.impl.SingleTargetRequest.onResponse(SingleTargetRequest.java:50)
	at org.infinispan.core@15.0.21.Final-redhat-00002//org.infinispan.remoting.transport.impl.RequestRepository.addResponse(RequestRepository.java:51)
	at org.infinispan.core@15.0.21.Final-redhat-00002//org.infinispan.remoting.transport.jgroups.JGroupsTransport.processResponse(JGroupsTransport.java:1567)
	at org.infinispan.core@15.0.21.Final-redhat-00002//org.infinispan.remoting.transport.jgroups.JGroupsTransport.processMessage(JGroupsTransport.java:1468)
	at org.infinispan.core@15.0.21.Final-redhat-00002//org.infinispan.remoting.transport.jgroups.JGroupsTransport$ChannelCallbacks.lambda$up$0(JGroupsTransport.java:1674)
	at java.base/java.lang.Iterable.forEach(Iterable.java:75)
	at org.infinispan.core@15.0.21.Final-redhat-00002//org.infinispan.remoting.transport.jgroups.JGroupsTransport$ChannelCallbacks.up(JGroupsTransport.java:1666)
	at org.jgroups@5.3.21.Final-redhat-00001//org.jgroups.JChannel.up(JChannel.java:764)
	at org.jgroups@5.3.21.Final-redhat-00001//org.jgroups.fork.ForkProtocolStack.up(ForkProtocolStack.java:162)
	at org.jgroups@5.3.21.Final-redhat-00001//org.jgroups.stack.Protocol.up(Protocol.java:392)
	at org.jgroups@5.3.21.Final-redhat-00001//org.jgroups.protocols.FORK.up(FORK.java:175)
	at org.jgroups@5.3.21.Final-redhat-00001//org.jgroups.protocols.FRAG2.up(FRAG2.java:161)
	at org.jgroups@5.3.21.Final-redhat-00001//org.jgroups.protocols.FlowControl.up(FlowControl.java:319)
	at org.jgroups@5.3.21.Final-redhat-00001//org.jgroups.protocols.FlowControl.up(FlowControl.java:319)
	at org.jgroups@5.3.21.Final-redhat-00001//org.jgroups.protocols.pbcast.GMS.up(GMS.java:864)
	at org.jgroups@5.3.21.Final-redhat-00001//org.jgroups.protocols.pbcast.STABLE.up(STABLE.java:255)
	at org.jgroups@5.3.21.Final-redhat-00001//org.jgroups.protocols.UNICAST3.deliverBatch(UNICAST3.java:1169)
	at org.jgroups@5.3.21.Final-redhat-00001//org.jgroups.protocols.UNICAST3.handleBatchReceived(UNICAST3.java:941)
	at org.jgroups@5.3.21.Final-redhat-00001//org.jgroups.protocols.UNICAST3.up(UNICAST3.java:570)
	at org.jgroups@5.3.21.Final-redhat-00001//org.jgroups.protocols.pbcast.NAKACK2.up(NAKACK2.java:711)
	at org.jgroups@5.3.21.Final-redhat-00001//org.jgroups.protocols.VERIFY_SUSPECT2.up(VERIFY_SUSPECT2.java:119)
	at org.jgroups@5.3.21.Final-redhat-00001//org.jgroups.protocols.FailureDetection.up(FailureDetection.java:193)
	at org.jgroups@5.3.21.Final-redhat-00001//org.jgroups.protocols.FD_SOCK2.up(FD_SOCK2.java:204)
	at org.jgroups@5.3.21.Final-redhat-00001//org.jgroups.protocols.MERGE3.up(MERGE3.java:288)
	at org.jgroups@5.3.21.Final-redhat-00001//org.jgroups.protocols.RED.up(RED.java:123)
	at org.jgroups@5.3.21.Final-redhat-00001//org.jgroups.protocols.Discovery.up(Discovery.java:316)
	at org.jgroups@5.3.21.Final-redhat-00001//org.jgroups.protocols.TP.passBatchUp(TP.java:1267)
	at org.jgroups@5.3.21.Final-redhat-00001//org.jgroups.util.SubmitToThreadPool$BatchHandler.passBatchUp(SubmitToThreadPool.java:137)
	at org.jgroups@5.3.21.Final-redhat-00001//org.jgroups.util.SubmitToThreadPool$BatchHandler.run(SubmitToThreadPool.java:133)
	at java.base/java.util.concurrent.ThreadPoolExecutor.runWorker(ThreadPoolExecutor.java:1144)
	at java.base/java.util.concurrent.ThreadPoolExecutor$Worker.run(ThreadPoolExecutor.java:642)
	at org.wildfly.clustering.context@5.0.12.Final-redhat-00001//org.wildfly.clustering.context.ContextualExecutor$1.execute(ContextualExecutor.java:180)
	at org.wildfly.clustering.context@5.0.12.Final-redhat-00001//org.wildfly.clustering.context.ContextualExecutor.execute(ContextualExecutor.java:31)
	at org.wildfly.clustering.context@5.0.12.Final-redhat-00001//org.wildfly.clustering.context.Contextualizer$2$1.run(Contextualizer.java:220)
	at java.base/java.lang.Thread.run(Thread.java:1583)
Caused by: org.infinispan.remoting.transport.jgroups.SuspectException: ISPN000400: Node 80af7a46f92a was suspected
	at org.infinispan.core@15.0.21.Final-redhat-00002//org.infinispan.remoting.transport.ResponseCollectors.remoteNodeSuspected(ResponseCollectors.java:32)
	at org.infinispan.core@15.0.21.Final-redhat-00002//org.infinispan.remoting.transport.impl.SingleResponseCollector.targetNotFound(SingleResponseCollector.java:31)
	at org.infinispan.core@15.0.21.Final-redhat-00002//org.infinispan.remoting.transport.impl.SingleResponseCollector.targetNotFound(SingleResponseCollector.java:17)
	at org.infinispan.core@15.0.21.Final-redhat-00002//org.infinispan.remoting.transport.ValidSingleResponseCollector.addResponse(ValidSingleResponseCollector.java:23)
	at org.infinispan.core@15.0.21.Final-redhat-00002//org.infinispan.remoting.transport.impl.SingleTargetRequest.addResponse(SingleTargetRequest.java:75)
	at org.infinispan.core@15.0.21.Final-redhat-00002//org.infinispan.remoting.transport.impl.SingleTargetRequest.onResponse(SingleTargetRequest.java:46)
	... 34 more

[0m[33m14:36:12,694 WARN  [org.infinispan.topology.ClusterTopologyManagerImpl] (thread-5,null,060a48fb51ef) ISPN000329: Unable to read rebalancing status from coordinator 80af7a46f92a: java.util.concurrent.CompletionException: org.infinispan.remoting.transport.jgroups.SuspectException: ISPN000400: Node 80af7a46f92a was suspected
	at java.base/java.util.concurrent.CompletableFuture.encodeThrowable(CompletableFuture.java:332)
	at java.base/java.util.concurrent.CompletableFuture.completeThrowable(CompletableFuture.java:347)
	at java.base/java.util.concurrent.CompletableFuture$UniApply.tryFire(CompletableFuture.java:636)
	at java.base/java.util.concurrent.CompletableFuture.postComplete(CompletableFuture.java:510)
	at java.base/java.util.concurrent.CompletableFuture.completeExceptionally(CompletableFuture.java:2194)
	at org.infinispan.core@15.0.21.Final-redhat-00002//org.infinispan.remoting.transport.AbstractRequest.completeExceptionally(AbstractRequest.java:76)
	at org.infinispan.core@15.0.21.Final-redhat-00002//org.infinispan.remoting.transport.impl.SingleTargetRequest.onResponse(SingleTargetRequest.java:50)
	at org.infinispan.core@15.0.21.Final-redhat-00002//org.infinispan.remoting.transport.impl.RequestRepository.addResponse(RequestRepository.java:51)
	at org.infinispan.core@15.0.21.Final-redhat-00002//org.infinispan.remoting.transport.jgroups.JGroupsTransport.processResponse(JGroupsTransport.java:1567)
	at org.infinispan.core@15.0.21.Final-redhat-00002//org.infinispan.remoting.transport.jgroups.JGroupsTransport.processMessage(JGroupsTransport.java:1468)
	at org.infinispan.core@15.0.21.Final-redhat-00002//org.infinispan.remoting.transport.jgroups.JGroupsTransport$ChannelCallbacks.up(JGroupsTransport.java:1660)
	at org.jgroups@5.3.21.Final-redhat-00001//org.jgroups.JChannel.up(JChannel.java:748)
	at org.jgroups@5.3.21.Final-redhat-00001//org.jgroups.fork.ForkProtocolStack.up(ForkProtocolStack.java:132)
	at org.jgroups@5.3.21.Final-redhat-00001//org.jgroups.stack.Protocol.up(Protocol.java:360)
	at org.jgroups@5.3.21.Final-redhat-00001//org.jgroups.protocols.FORK.up(FORK.java:146)
	at org.jgroups@5.3.21.Final-redhat-00001//org.jgroups.protocols.FRAG2.up(FRAG2.java:139)
	at org.jgroups@5.3.21.Final-redhat-00001//org.jgroups.protocols.FlowControl.up(FlowControl.java:245)
	at org.jgroups@5.3.21.Final-redhat-00001//org.jgroups.protocols.FlowControl.up(FlowControl.java:245)
	at org.jgroups@5.3.21.Final-redhat-00001//org.jgroups.protocols.pbcast.GMS.up(GMS.java:850)
	at org.jgroups@5.3.21.Final-redhat-00001//org.jgroups.protocols.pbcast.STABLE.up(STABLE.java:235)
	at org.jgroups@5.3.21.Final-redhat-00001//org.jgroups.protocols.UNICAST3.deliverMessage(UNICAST3.java:1144)
	at org.jgroups@5.3.21.Final-redhat-00001//org.jgroups.protocols.UNICAST3.addMessage(UNICAST3.java:880)
	at org.jgroups@5.3.21.Final-redhat-00001//org.jgroups.protocols.UNICAST3.handleDataReceived(UNICAST3.java:862)
	at org.jgroups@5.3.21.Final-redhat-00001//org.jgroups.protocols.UNICAST3.up(UNICAST3.java:474)
	at org.jgroups@5.3.21.Final-redhat-00001//org.jgroups.protocols.pbcast.NAKACK2.up(NAKACK2.java:669)
	at org.jgroups@5.3.21.Final-redhat-00001//org.jgroups.protocols.VERIFY_SUSPECT2.up(VERIFY_SUSPECT2.java:105)
	at org.jgroups@5.3.21.Final-redhat-00001//org.jgroups.protocols.FailureDetection.up(FailureDetection.java:180)
	at org.jgroups@5.3.21.Final-redhat-00001//org.jgroups.protocols.FD_SOCK2.up(FD_SOCK2.java:190)
	at org.jgroups@5.3.21.Final-redhat-00001//org.jgroups.protocols.MERGE3.up(MERGE3.java:274)
	at org.jgroups@5.3.21.Final-redhat-00001//org.jgroups.stack.Protocol.up(Protocol.java:360)
	at org.jgroups@5.3.21.Final-redhat-00001//org.jgroups.protocols.Discovery.up(Discovery.java:296)
	at org.jgroups@5.3.21.Final-redhat-00001//org.jgroups.protocols.TP.passMessageUp(TP.java:1230)
	at org.jgroups@5.3.21.Final-redhat-00001//org.jgroups.util.SubmitToThreadPool$SingleMessageHandler.run(SubmitToThreadPool.java:95)
	at java.base/java.util.concurrent.ThreadPoolExecutor.runWorker(ThreadPoolExecutor.java:1144)
	at java.base/java.util.concurrent.ThreadPoolExecutor$Worker.run(ThreadPoolExecutor.java:642)
	at org.wildfly.clustering.context@5.0.12.Final-redhat-00001//org.wildfly.clustering.context.ContextualExecutor$1.execute(ContextualExecutor.java:180)
	at org.wildfly.clustering.context@5.0.12.Final-redhat-00001//org.wildfly.clustering.context.ContextualExecutor.execute(ContextualExecutor.java:31)
	at org.wildfly.clustering.context@5.0.12.Final-redhat-00001//org.wildfly.clustering.context.Contextualizer$2$1.run(Contextualizer.java:220)
	at java.base/java.lang.Thread.run(Thread.java:1583)
Caused by: org.infinispan.remoting.transport.jgroups.SuspectException: ISPN000400: Node 80af7a46f92a was suspected
	at org.infinispan.core@15.0.21.Final-redhat-00002//org.infinispan.remoting.transport.ResponseCollectors.remoteNodeSuspected(ResponseCollectors.java:32)
	at org.infinispan.core@15.0.21.Final-redhat-00002//org.infinispan.remoting.transport.impl.SingleResponseCollector.targetNotFound(SingleResponseCollector.java:31)
	at org.infinispan.core@15.0.21.Final-redhat-00002//org.infinispan.remoting.transport.impl.SingleResponseCollector.targetNotFound(SingleResponseCollector.java:17)
	at org.infinispan.core@15.0.21.Final-redhat-00002//org.infinispan.remoting.transport.ValidSingleResponseCollector.addResponse(ValidSingleResponseCollector.java:23)
	at org.infinispan.core@15.0.21.Final-redhat-00002//org.infinispan.remoting.transport.impl.SingleTargetRequest.addResponse(SingleTargetRequest.java:75)
	at org.infinispan.core@15.0.21.Final-redhat-00002//org.infinispan.remoting.transport.impl.SingleTargetRequest.onResponse(SingleTargetRequest.java:46)
	... 32 more

[0m[33m14:36:12,695 WARN  [org.infinispan.topology.ClusterTopologyManagerImpl] (thread-6,null,060a48fb51ef) ISPN000329: Unable to read rebalancing status from coordinator 80af7a46f92a: java.util.concurrent.CompletionException: org.infinispan.remoting.transport.jgroups.SuspectException: ISPN000400: Node 80af7a46f92a was suspected
	at java.base/java.util.concurrent.CompletableFuture.encodeThrowable(CompletableFuture.java:332)
	at java.base/java.util.concurrent.CompletableFuture.completeThrowable(CompletableFuture.java:347)
	at java.base/java.util.concurrent.CompletableFuture$UniApply.tryFire(CompletableFuture.java:636)
	at java.base/java.util.concurrent.CompletableFuture.postComplete(CompletableFuture.java:510)
	at java.base/java.util.concurrent.CompletableFuture.completeExceptionally(CompletableFuture.java:2194)
	at org.infinispan.core@15.0.21.Final-redhat-00002//org.infinispan.remoting.transport.AbstractRequest.completeExceptionally(AbstractRequest.java:76)
	at org.infinispan.core@15.0.21.Final-redhat-00002//org.infinispan.remoting.transport.impl.SingleTargetRequest.onResponse(SingleTargetRequest.java:50)
	at org.infinispan.core@15.0.21.Final-redhat-00002//org.infinispan.remoting.transport.impl.RequestRepository.addResponse(RequestRepository.java:51)
	at org.infinispan.core@15.0.21.Final-redhat-00002//org.infinispan.remoting.transport.jgroups.JGroupsTransport.processResponse(JGroupsTransport.java:1567)
	at org.infinispan.core@15.0.21.Final-redhat-00002//org.infinispan.remoting.transport.jgroups.JGroupsTransport.processMessage(JGroupsTransport.java:1468)
	at org.infinispan.core@15.0.21.Final-redhat-00002//org.infinispan.remoting.transport.jgroups.JGroupsTransport$ChannelCallbacks.lambda$up$0(JGroupsTransport.java:1674)
	at java.base/java.lang.Iterable.forEach(Iterable.java:75)
	at org.infinispan.core@15.0.21.Final-redhat-00002//org.infinispan.remoting.transport.jgroups.JGroupsTransport$ChannelCallbacks.up(JGroupsTransport.java:1666)
	at org.jgroups@5.3.21.Final-redhat-00001//org.jgroups.JChannel.up(JChannel.java:764)
	at org.jgroups@5.3.21.Final-redhat-00001//org.jgroups.fork.ForkProtocolStack.up(ForkProtocolStack.java:162)
	at org.jgroups@5.3.21.Final-redhat-00001//org.jgroups.stack.Protocol.up(Protocol.java:392)
	at org.jgroups@5.3.21.Final-redhat-00001//org.jgroups.protocols.FORK.up(FORK.java:175)
	at org.jgroups@5.3.21.Final-redhat-00001//org.jgroups.protocols.FRAG2.up(FRAG2.java:161)
	at org.jgroups@5.3.21.Final-redhat-00001//org.jgroups.protocols.FlowControl.up(FlowControl.java:319)
	at org.jgroups@5.3.21.Final-redhat-00001//org.jgroups.protocols.FlowControl.up(FlowControl.java:319)
	at org.jgroups@5.3.21.Final-redhat-00001//org.jgroups.protocols.pbcast.GMS.up(GMS.java:864)
	at org.jgroups@5.3.21.Final-redhat-00001//org.jgroups.protocols.pbcast.STABLE.up(STABLE.java:255)
	at org.jgroups@5.3.21.Final-redhat-00001//org.jgroups.protocols.UNICAST3.deliverBatch(UNICAST3.java:1169)
	at org.jgroups@5.3.21.Final-redhat-00001//org.jgroups.protocols.UNICAST3.handleBatchReceived(UNICAST3.java:941)
	at org.jgroups@5.3.21.Final-redhat-00001//org.jgroups.protocols.UNICAST3.up(UNICAST3.java:570)
	at org.jgroups@5.3.21.Final-redhat-00001//org.jgroups.protocols.pbcast.NAKACK2.up(NAKACK2.java:711)
	at org.jgroups@5.3.21.Final-redhat-00001//org.jgroups.protocols.VERIFY_SUSPECT2.up(VERIFY_SUSPECT2.java:119)
	at org.jgroups@5.3.21.Final-redhat-00001//org.jgroups.protocols.FailureDetection.up(FailureDetection.java:193)
	at org.jgroups@5.3.21.Final-redhat-00001//org.jgroups.protocols.FD_SOCK2.up(FD_SOCK2.java:204)
	at org.jgroups@5.3.21.Final-redhat-00001//org.jgroups.protocols.MERGE3.up(MERGE3.java:288)
	at org.jgroups@5.3.21.Final-redhat-00001//org.jgroups.protocols.RED.up(RED.java:123)
	at org.jgroups@5.3.21.Final-redhat-00001//org.jgroups.protocols.Discovery.up(Discovery.java:316)
	at org.jgroups@5.3.21.Final-redhat-00001//org.jgroups.protocols.TP.passBatchUp(TP.java:1267)
	at org.jgroups@5.3.21.Final-redhat-00001//org.jgroups.util.SubmitToThreadPool$BatchHandler.passBatchUp(SubmitToThreadPool.java:137)
	at org.jgroups@5.3.21.Final-redhat-00001//org.jgroups.util.SubmitToThreadPool$BatchHandler.run(SubmitToThreadPool.java:133)
	at java.base/java.util.concurrent.ThreadPoolExecutor.runWorker(ThreadPoolExecutor.java:1144)
	at java.base/java.util.concurrent.ThreadPoolExecutor$Worker.run(ThreadPoolExecutor.java:642)
	at org.wildfly.clustering.context@5.0.12.Final-redhat-00001//org.wildfly.clustering.context.ContextualExecutor$1.execute(ContextualExecutor.java:180)
	at org.wildfly.clustering.context@5.0.12.Final-redhat-00001//org.wildfly.clustering.context.ContextualExecutor.execute(ContextualExecutor.java:31)
	at org.wildfly.clustering.context@5.0.12.Final-redhat-00001//org.wildfly.clustering.context.Contextualizer$2$1.run(Contextualizer.java:220)
	at java.base/java.lang.Thread.run(Thread.java:1583)
Caused by: org.infinispan.remoting.transport.jgroups.SuspectException: ISPN000400: Node 80af7a46f92a was suspected
	at org.infinispan.core@15.0.21.Final-redhat-00002//org.infinispan.remoting.transport.ResponseCollectors.remoteNodeSuspected(ResponseCollectors.java:32)
	at org.infinispan.core@15.0.21.Final-redhat-00002//org.infinispan.remoting.transport.impl.SingleResponseCollector.targetNotFound(SingleResponseCollector.java:31)
	at org.infinispan.core@15.0.21.Final-redhat-00002//org.infinispan.remoting.transport.impl.SingleResponseCollector.targetNotFound(SingleResponseCollector.java:17)
	at org.infinispan.core@15.0.21.Final-redhat-00002//org.infinispan.remoting.transport.ValidSingleResponseCollector.addResponse(ValidSingleResponseCollector.java:23)
	at org.infinispan.core@15.0.21.Final-redhat-00002//org.infinispan.remoting.transport.impl.SingleTargetRequest.addResponse(SingleTargetRequest.java:75)
	at org.infinispan.core@15.0.21.Final-redhat-00002//org.infinispan.remoting.transport.impl.SingleTargetRequest.onResponse(SingleTargetRequest.java:46)
	... 34 more

[0m[33m14:36:12,696 WARN  [org.infinispan.topology.ClusterTopologyManagerImpl] (thread-6,null,060a48fb51ef) ISPN000329: Unable to read rebalancing status from coordinator 80af7a46f92a: java.util.concurrent.CompletionException: org.infinispan.remoting.transport.jgroups.SuspectException: ISPN000400: Node 80af7a46f92a was suspected
	at java.base/java.util.concurrent.CompletableFuture.encodeThrowable(CompletableFuture.java:332)
	at java.base/java.util.concurrent.CompletableFuture.completeThrowable(CompletableFuture.java:347)
	at java.base/java.util.concurrent.CompletableFuture$UniApply.tryFire(CompletableFuture.java:636)
	at java.base/java.util.concurrent.CompletableFuture.postComplete(CompletableFuture.java:510)
	at java.base/java.util.concurrent.CompletableFuture.completeExceptionally(CompletableFuture.java:2194)
	at org.infinispan.core@15.0.21.Final-redhat-00002//org.infinispan.remoting.transport.AbstractRequest.completeExceptionally(AbstractRequest.java:76)
	at org.infinispan.core@15.0.21.Final-redhat-00002//org.infinispan.remoting.transport.impl.SingleTargetRequest.onResponse(SingleTargetRequest.java:50)
	at org.infinispan.core@15.0.21.Final-redhat-00002//org.infinispan.remoting.transport.impl.RequestRepository.addResponse(RequestRepository.java:51)
	at org.infinispan.core@15.0.21.Final-redhat-00002//org.infinispan.remoting.transport.jgroups.JGroupsTransport.processResponse(JGroupsTransport.java:1567)
	at org.infinispan.core@15.0.21.Final-redhat-00002//org.infinispan.remoting.transport.jgroups.JGroupsTransport.processMessage(JGroupsTransport.java:1468)
	at org.infinispan.core@15.0.21.Final-redhat-00002//org.infinispan.remoting.transport.jgroups.JGroupsTransport$ChannelCallbacks.lambda$up$0(JGroupsTransport.java:1674)
	at java.base/java.lang.Iterable.forEach(Iterable.java:75)
	at org.infinispan.core@15.0.21.Final-redhat-00002//org.infinispan.remoting.transport.jgroups.JGroupsTransport$ChannelCallbacks.up(JGroupsTransport.java:1666)
	at org.jgroups@5.3.21.Final-redhat-00001//org.jgroups.JChannel.up(JChannel.java:764)
	at org.jgroups@5.3.21.Final-redhat-00001//org.jgroups.fork.ForkProtocolStack.up(ForkProtocolStack.java:162)
	at org.jgroups@5.3.21.Final-redhat-00001//org.jgroups.stack.Protocol.up(Protocol.java:392)
	at org.jgroups@5.3.21.Final-redhat-00001//org.jgroups.protocols.FORK.up(FORK.java:175)
	at org.jgroups@5.3.21.Final-redhat-00001//org.jgroups.protocols.FRAG2.up(FRAG2.java:161)
	at org.jgroups@5.3.21.Final-redhat-00001//org.jgroups.protocols.FlowControl.up(FlowControl.java:319)
	at org.jgroups@5.3.21.Final-redhat-00001//org.jgroups.protocols.FlowControl.up(FlowControl.java:319)
	at org.jgroups@5.3.21.Final-redhat-00001//org.jgroups.protocols.pbcast.GMS.up(GMS.java:864)
	at org.jgroups@5.3.21.Final-redhat-00001//org.jgroups.protocols.pbcast.STABLE.up(STABLE.java:255)
	at org.jgroups@5.3.21.Final-redhat-00001//org.jgroups.protocols.UNICAST3.deliverBatch(UNICAST3.java:1169)
	at org.jgroups@5.3.21.Final-redhat-00001//org.jgroups.protocols.UNICAST3.handleBatchReceived(UNICAST3.java:941)
	at org.jgroups@5.3.21.Final-redhat-00001//org.jgroups.protocols.UNICAST3.up(UNICAST3.java:570)
	at org.jgroups@5.3.21.Final-redhat-00001//org.jgroups.protocols.pbcast.NAKACK2.up(NAKACK2.java:711)
	at org.jgroups@5.3.21.Final-redhat-00001//org.jgroups.protocols.VERIFY_SUSPECT2.up(VERIFY_SUSPECT2.java:119)
	at org.jgroups@5.3.21.Final-redhat-00001//org.jgroups.protocols.FailureDetection.up(FailureDetection.java:193)
	at org.jgroups@5.3.21.Final-redhat-00001//org.jgroups.protocols.FD_SOCK2.up(FD_SOCK2.java:204)
	at org.jgroups@5.3.21.Final-redhat-00001//org.jgroups.protocols.MERGE3.up(MERGE3.java:288)
	at org.jgroups@5.3.21.Final-redhat-00001//org.jgroups.protocols.RED.up(RED.java:123)
	at org.jgroups@5.3.21.Final-redhat-00001//org.jgroups.protocols.Discovery.up(Discovery.java:316)
	at org.jgroups@5.3.21.Final-redhat-00001//org.jgroups.protocols.TP.passBatchUp(TP.java:1267)
	at org.jgroups@5.3.21.Final-redhat-00001//org.jgroups.util.SubmitToThreadPool$BatchHandler.passBatchUp(SubmitToThreadPool.java:137)
	at org.jgroups@5.3.21.Final-redhat-00001//org.jgroups.util.SubmitToThreadPool$BatchHandler.run(SubmitToThreadPool.java:133)
	at java.base/java.util.concurrent.ThreadPoolExecutor.runWorker(ThreadPoolExecutor.java:1144)
	at java.base/java.util.concurrent.ThreadPoolExecutor$Worker.run(ThreadPoolExecutor.java:642)
	at org.wildfly.clustering.context@5.0.12.Final-redhat-00001//org.wildfly.clustering.context.ContextualExecutor$1.execute(ContextualExecutor.java:180)
	at org.wildfly.clustering.context@5.0.12.Final-redhat-00001//org.wildfly.clustering.context.ContextualExecutor.execute(ContextualExecutor.java:31)
	at org.wildfly.clustering.context@5.0.12.Final-redhat-00001//org.wildfly.clustering.context.Contextualizer$2$1.run(Contextualizer.java:220)
	at java.base/java.lang.Thread.run(Thread.java:1583)
Caused by: org.infinispan.remoting.transport.jgroups.SuspectException: ISPN000400: Node 80af7a46f92a was suspected
	at org.infinispan.core@15.0.21.Final-redhat-00002//org.infinispan.remoting.transport.ResponseCollectors.remoteNodeSuspected(ResponseCollectors.java:32)
	at org.infinispan.core@15.0.21.Final-redhat-00002//org.infinispan.remoting.transport.impl.SingleResponseCollector.targetNotFound(SingleResponseCollector.java:31)
	at org.infinispan.core@15.0.21.Final-redhat-00002//org.infinispan.remoting.transport.impl.SingleResponseCollector.targetNotFound(SingleResponseCollector.java:17)
	at org.infinispan.core@15.0.21.Final-redhat-00002//org.infinispan.remoting.transport.ValidSingleResponseCollector.addResponse(ValidSingleResponseCollector.java:23)
	at org.infinispan.core@15.0.21.Final-redhat-00002//org.infinispan.remoting.transport.impl.SingleTargetRequest.addResponse(SingleTargetRequest.java:75)
	at org.infinispan.core@15.0.21.Final-redhat-00002//org.infinispan.remoting.transport.impl.SingleTargetRequest.onResponse(SingleTargetRequest.java:46)
	... 34 more

[0m[0m14:36:13,139 INFO  [org.infinispan.LIFECYCLE] (thread-5,null,060a48fb51ef) [Context=org.infinispan.CONFIG] ISPN100002: Starting rebalance with members [80af7a46f92a, 060a48fb51ef], phase READ_OLD_WRITE_ALL, topology id 2
[0m[0m14:36:13,139 INFO  [org.infinispan.LIFECYCLE] (thread-6,null,060a48fb51ef) [Context=org.infinispan.CONFIG] ISPN100002: Starting rebalance with members [80af7a46f92a, 060a48fb51ef], phase READ_OLD_WRITE_ALL, topology id 2
[0m[0m14:36:13,139 INFO  [org.infinispan.LIFECYCLE] (thread-10,ee,060a48fb51ef) [Context=org.infinispan.CONFIG] ISPN100002: Starting rebalance with members [060a48fb51ef, 80af7a46f92a], phase READ_OLD_WRITE_ALL, topology id 2
[0m[0m14:36:13,155 INFO  [org.infinispan.LIFECYCLE] (thread-10,ee,060a48fb51ef) [Context=org.infinispan.CONFIG] ISPN100002: Starting rebalance with members [80af7a46f92a, 060a48fb51ef], phase READ_OLD_WRITE_ALL, topology id 2
[0m[0m14:36:13,178 INFO  [org.infinispan.LIFECYCLE] (non-blocking-thread-060a48fb51ef-p6-t6) [Context=org.infinispan.CONFIG] ISPN100010: Finished rebalance with members [060a48fb51ef, 80af7a46f92a], topology id 2
[0m[0m14:36:13,179 INFO  [org.infinispan.LIFECYCLE] (non-blocking-thread-060a48fb51ef-p5-t6) [Context=org.infinispan.CONFIG] ISPN100010: Finished rebalance with members [80af7a46f92a, 060a48fb51ef], topology id 2
[0m[0m14:36:13,188 INFO  [org.infinispan.LIFECYCLE] (non-blocking-thread-060a48fb51ef-p7-t6) [Context=org.infinispan.CONFIG] ISPN100010: Finished rebalance with members [80af7a46f92a, 060a48fb51ef], topology id 2
[0m[0m14:36:13,210 INFO  [org.infinispan.LIFECYCLE] (non-blocking-thread-060a48fb51ef-p8-t6) [Context=org.infinispan.CONFIG] ISPN100010: Finished rebalance with members [80af7a46f92a, 060a48fb51ef], topology id 2
[0m[0m14:36:13,260 INFO  [org.jboss.as.clustering.infinispan] (ServerService Thread Pool -- 78) Started server cache container
[0m[0m14:36:13,277 INFO  [org.infinispan.LIFECYCLE] (thread-12,ee,060a48fb51ef) ISPN000973: Task 'state-transfer-org.infinispan.CONFIG' started at 2026-04-15T14:36:13.180591674Z and done 2026-04-15T14:36:13.277392258Z
[0m[0m14:36:13,288 INFO  [org.infinispan.LIFECYCLE] (thread-12,ee,060a48fb51ef) ISPN000973: Task 'state-transfer-org.infinispan.CONFIG' started at 2026-04-15T14:36:13.179158959Z and done 2026-04-15T14:36:13.288861369Z
[0m[0m14:36:13,298 INFO  [org.infinispan.LIFECYCLE] (thread-5,null,060a48fb51ef) ISPN000973: Task 'state-transfer-org.infinispan.CONFIG' started at 2026-04-15T14:36:13.176285471Z and done 2026-04-15T14:36:13.298340636Z
[0m[0m14:36:13,337 INFO  [org.jboss.as.clustering.infinispan] (ServerService Thread Pool -- 86) Started hibernate cache container
[0m[0m14:36:13,347 INFO  [org.jboss.as.clustering.infinispan] (ServerService Thread Pool -- 83) Started web cache container
[0m[0m14:36:13,365 INFO  [org.jboss.as.clustering.infinispan] (ServerService Thread Pool -- 81) Started ejb cache container
[0m[0m14:36:13,446 INFO  [org.infinispan.LIFECYCLE] (thread-6,null,060a48fb51ef) [Context=http-remoting-connector] ISPN100002: Starting rebalance with members [80af7a46f92a, 060a48fb51ef], phase READ_OLD_WRITE_ALL, topology id 2
[0m[0m14:36:13,471 INFO  [org.jboss.as.clustering.infinispan] (ServerService Thread Pool -- 83) WFLYCLINF0002: Started http-remoting-connector cache from ejb container
[0m[0m14:36:13,470 INFO  [org.jboss.as.clustering.infinispan] (ServerService Thread Pool -- 86) WFLYCLINF0002: Started default-server cache from web container
[0m[0m14:36:13,464 INFO  [org.infinispan.LIFECYCLE] (thread-14,ee,060a48fb51ef) [Context=ROOT.war] ISPN100002: Starting rebalance with members [80af7a46f92a, 060a48fb51ef], phase READ_OLD_WRITE_ALL, topology id 2
[0m[0m14:36:13,462 INFO  [org.infinispan.LIFECYCLE] (thread-5,null,060a48fb51ef) [Context=default-server] ISPN100002: Starting rebalance with members [80af7a46f92a, 060a48fb51ef], phase READ_OLD_WRITE_ALL, topology id 2
[0m[0m14:36:13,485 INFO  [org.infinispan.LIFECYCLE] (non-blocking-thread-060a48fb51ef-p8-t16) [Context=default-server] ISPN100010: Finished rebalance with members [80af7a46f92a, 060a48fb51ef], topology id 2
[0m[0m14:36:13,496 INFO  [org.jboss.as.clustering.infinispan] (ServerService Thread Pool -- 81) WFLYCLINF0002: Started ROOT.war cache from web container
[0m[0m14:36:13,499 INFO  [org.infinispan.LIFECYCLE] (non-blocking-thread-060a48fb51ef-p5-t15) [Context=http-remoting-connector] ISPN100010: Finished rebalance with members [80af7a46f92a, 060a48fb51ef], topology id 2
[0m[0m14:36:13,573 INFO  [org.infinispan.LIFECYCLE] (thread-10,ee,060a48fb51ef) [Context=ROOT.war] ISPN100010: Finished rebalance with members [80af7a46f92a, 060a48fb51ef], topology id 2
[0m[0m14:36:13,573 INFO  [org.infinispan.LIFECYCLE] (thread-14,ee,060a48fb51ef) ISPN000973: Task 'state-transfer-http-remoting-connector' started at 2026-04-15T14:36:13.499038440Z and done 2026-04-15T14:36:13.573780436Z
[0m[0m14:36:13,579 INFO  [org.infinispan.LIFECYCLE] (thread-12,ee,060a48fb51ef) ISPN000973: Task 'state-transfer-default-server' started at 2026-04-15T14:36:13.484669850Z and done 2026-04-15T14:36:13.579631972Z
[0m[0m14:36:13,593 INFO  [org.infinispan.LIFECYCLE] (thread-10,ee,060a48fb51ef) ISPN000973: Task 'state-transfer-ROOT.war' started at 2026-04-15T14:36:13.573289419Z and done 2026-04-15T14:36:13.593273562Z
[0m[0m14:36:13,651 INFO  [org.jboss.as.clustering.infinispan] (ServerService Thread Pool -- 86) WFLYCLINF0002: Started default-server cache from web container
[0m[0m14:36:13,653 INFO  [org.jboss.as.clustering.infinispan] (ServerService Thread Pool -- 83) WFLYCLINF0002: Started http-remoting-connector cache from ejb container
[0m[0m14:36:13,724 INFO  [org.jboss.as.clustering.infinispan] (blocking-thread-060a48fb51ef-p11-t1) WFLYCLINF0003: Stopped ROOT.war cache from web container
[0m[0m14:36:13,734 INFO  [org.infinispan.LIFECYCLE] (thread-10,ee,060a48fb51ef) [Context=ROOT.war] ISPN100002: Starting rebalance with members [80af7a46f92a, 060a48fb51ef], phase READ_OLD_WRITE_ALL, topology id 7
[0m[0m14:36:13,739 INFO  [org.jboss.as.clustering.infinispan] (blocking-thread-060a48fb51ef-p11-t1) WFLYCLINF0002: Started ROOT.war cache from web container
[0m[0m14:36:13,742 INFO  [org.infinispan.LIFECYCLE] (thread-10,ee,060a48fb51ef) [Context=ROOT.war] ISPN100010: Finished rebalance with members [80af7a46f92a, 060a48fb51ef], topology id 7
[0m[0m14:36:13,754 INFO  [org.infinispan.LIFECYCLE] (thread-10,ee,060a48fb51ef) ISPN000973: Task 'state-transfer-ROOT.war' started at 2026-04-15T14:36:13.742390478Z and done 2026-04-15T14:36:13.754316834Z
[0m[0m14:36:13,819 INFO  [org.jboss.as.clustering.infinispan] (ServerService Thread Pool -- 81) WFLYCLINF0002: Started ROOT.war cache from web container
[0m[0m14:36:14,215 INFO  [jakarta.enterprise.resource.webcontainer.faces.config] (ServerService Thread Pool -- 81) Initializing Mojarra 4.0.11.redhat-00001 for context ''
[0m[0m14:36:14,628 INFO  [org.wildfly.extension.undertow] (ServerService Thread Pool -- 81) WFLYUT0021: Registered web context: '/' for server 'default-server'
[0m[0m14:36:14,749 INFO  [org.jboss.as.server] (ServerService Thread Pool -- 44) WFLYSRV0010: Deployed "ROOT.war" (runtime-name : "ROOT.war")
[0m[0m14:36:14,808 INFO  [org.jboss.as.server] (Controller Boot Thread) WFLYSRV0212: Resuming server
[0m[0m14:36:14,817 INFO  [org.jboss.as.clustering.infinispan] (blocking-thread-060a48fb51ef-p11-t1) WFLYCLINF0003: Stopped ROOT.war cache from web container
[0m[0m14:36:14,827 INFO  [org.infinispan.LIFECYCLE] (thread-6,null,060a48fb51ef) [Context=ROOT.war] ISPN100002: Starting rebalance with members [80af7a46f92a, 060a48fb51ef], phase READ_OLD_WRITE_ALL, topology id 12
[0m[0m14:36:14,836 INFO  [org.jboss.as.clustering.infinispan] (blocking-thread-060a48fb51ef-p11-t1) WFLYCLINF0002: Started ROOT.war cache from web container
[0m[0m14:36:14,842 INFO  [org.infinispan.LIFECYCLE] (thread-12,ee,060a48fb51ef) [Context=ROOT.war] ISPN100010: Finished rebalance with members [80af7a46f92a, 060a48fb51ef], topology id 12
[0m[31m14:36:14,889 ERROR [org.infinispan.statetransfer.StateConsumerImpl] (non-blocking-thread-060a48fb51ef-p8-t10) ISPN000208: No live owners found for segments {0-255} of cache ROOT.war. Excluded owners: []
[0m[0m14:36:14,914 INFO  [org.infinispan.LIFECYCLE] (thread-12,ee,060a48fb51ef) [Context=ROOT.war] ISPN100002: Starting rebalance with members [060a48fb51ef, 80af7a46f92a], phase READ_OLD_WRITE_ALL, topology id 14
[0m[0m14:36:14,916 INFO  [org.infinispan.LIFECYCLE] (non-blocking-thread-060a48fb51ef-p8-t14) [Context=ROOT.war] ISPN100010: Finished rebalance with members [060a48fb51ef, 80af7a46f92a], topology id 14
[0m[0m14:36:14,946 INFO  [org.jboss.as] (Controller Boot Thread) WFLYSRV0060: Http management interface listening on http://0.0.0.0:9990/management
[0m[0m14:36:14,947 INFO  [org.jboss.as] (Controller Boot Thread) WFLYSRV0054: Admin console is not enabled
[0m[0m14:36:14,960 INFO  [org.jboss.as] (Controller Boot Thread) WFLYSRV0025: JBoss EAP 8.1 Update 5.0 (WildFly Core 27.1.6.Final-redhat-00001) started in 9961ms - Started 539 of 883 services (560 services are lazy, passive or on-demand) - Server configuration file in use: standalone.xml
[0m[32m14:36:54,031 DEBUG [io.undertow.request] (default I/O-6) Matched default handler path /index.xhtml
[0m[32m14:36:54,034 FINE  [jakarta.enterprise.resource.webcontainer.faces.lifecycle] (default task-1) execute(com.sun.faces.context.FacesContextImpl@135e6e7c)
[0m[32m14:36:54,036 FINE  [jakarta.enterprise.resource.webcontainer.faces.lifecycle] (default task-1) Entering RestoreViewPhase
[0m[32m14:36:54,037 FINE  [jakarta.enterprise.resource.webcontainer.faces.application] (default task-1) Created component with component type of 'jakarta.faces.ViewRoot'
[0m[32m14:36:54,037 FINE  [jakarta.enterprise.resource.webcontainer.faces.application] (default task-1) Created component with component type of 'jakarta.faces.ViewRoot'
[0m[32m14:36:54,038 FINE  [jakarta.enterprise.resource.webcontainer.faces.application] (default task-1) Created component with component type of 'jakarta.faces.ViewRoot'
[0m[32m14:36:54,038 FINE  [jakarta.enterprise.resource.webcontainer.faces.lifecycle] (default task-1) New request: creating a view for /index.xhtml
[0m[32m14:36:54,038 FINE  [jakarta.enterprise.resource.webcontainer.faces.application] (default task-1) Created component with component type of 'jakarta.faces.ViewRoot'
[0m[32m14:36:54,039 FINE  [jakarta.enterprise.resource.webcontainer.faces.application] (default task-1) Created new view for /index.xhtml
[0m[32m14:36:54,039 FINE  [jakarta.enterprise.resource.webcontainer.faces.application] (default task-1) Locale for this view as determined by calculateLocale en_US
[0m[32m14:36:54,039 FINE  [jakarta.enterprise.resource.webcontainer.faces.application] (default task-1) Created component with component type of 'jakarta.faces.ViewRoot'
[0m[32m14:36:54,039 FINE  [jakarta.enterprise.resource.webcontainer.faces.application] (default task-1) RenderKitId for this view as determined by calculateRenderKitId HTML_BASIC
[0m[32m14:36:54,040 FINE  [jakarta.enterprise.resource.webcontainer.faces.lifecycle] (default task-1) Exiting RestoreViewPhase
[0m[32m14:36:54,043 FINE  [jakarta.enterprise.resource.webcontainer.faces.timing] (default task-1)  [TIMING] - [4ms] : Execution time for phase (including any PhaseListeners) -> RESTORE_VIEW 1
[0m[32m14:36:54,044 FINE  [jakarta.enterprise.resource.webcontainer.faces.lifecycle] (default task-1) render(com.sun.faces.context.FacesContextImpl@135e6e7c)
[0m[32m14:36:54,044 FINE  [jakarta.enterprise.resource.webcontainer.faces.lifecycle] (default task-1) Entering RenderResponsePhase
[0m[32m14:36:54,044 FINE  [jakarta.enterprise.resource.webcontainer.faces.lifecycle] (default task-1) About to render view /index.xhtml
[0m[32m14:36:54,045 FINE  [jakarta.enterprise.resource.webcontainer.faces.application] (default task-1) Building View: /index.xhtml
[0m[32m14:36:54,047 FINE  [jakarta.enterprise.resource.webcontainer.faces.application] (default task-1) Created component with component type of 'jakarta.faces.Output'
[0m[32m14:36:54,048 FINE  [jakarta.enterprise.resource.webcontainer.faces.facelets.tag.component] (default task-1) /index.xhtml @6,11 <h:head> Component[2059540600_7ac2185f] Created: jakarta.faces.component.UIOutput
[0m[32m14:36:54,048 FINE  [jakarta.enterprise.resource.webcontainer.faces.application] (default task-1) Created component with component type of 'jakarta.faces.OutputBody'
[0m[32m14:36:54,048 FINE  [jakarta.enterprise.resource.webcontainer.faces.facelets.tag.component] (default task-1) /index.xhtml @10,11 <h:body> Component[2059540600_7ac21839] Created: jakarta.faces.component.html.HtmlBody
[0m[32m14:36:54,049 FINE  [jakarta.enterprise.resource.webcontainer.faces.application] (default task-1) Created component with component type of 'jakarta.faces.HtmlPanelGroup'
[0m[32m14:36:54,049 FINE  [jakarta.enterprise.resource.webcontainer.faces.facelets.tag.component] (default task-1) /index.xhtml @13,60 <h:panelGroup> Component[2059540600_7ac21823] Created: jakarta.faces.component.html.HtmlPanelGroup
[0m[32m14:36:54,049 FINE  [jakarta.enterprise.resource.webcontainer.faces.application] (default task-1) Created component with component type of 'jakarta.faces.HtmlOutputText'
[0m[32m14:36:54,049 FINE  [jakarta.enterprise.resource.webcontainer.faces.facelets.tag.component] (default task-1) /index.xhtml @15,61 <h:outputText> Component[2059540600_7ac2180d] Created: jakarta.faces.component.html.HtmlOutputText
[0m[32m14:36:54,049 FINE  [jakarta.enterprise.resource.webcontainer.faces.application] (default task-1) Created component with component type of 'jakarta.faces.HtmlPanelGroup'
[0m[32m14:36:54,050 FINE  [jakarta.enterprise.resource.webcontainer.faces.facelets.tag.component] (default task-1) /index.xhtml @17,60 <h:panelGroup> Component[2059540600_7ac218fa] Created: jakarta.faces.component.html.HtmlPanelGroup
[0m[32m14:36:54,050 FINE  [jakarta.enterprise.resource.webcontainer.faces.application] (default task-1) Created component with component type of 'jakarta.faces.HtmlOutputText'
[0m[32m14:36:54,050 FINE  [jakarta.enterprise.resource.webcontainer.faces.facelets.tag.component] (default task-1) /index.xhtml @19,60 <h:outputText> Component[2059540600_7ac218e4] Created: jakarta.faces.component.html.HtmlOutputText
[0m[32m14:36:54,050 FINE  [jakarta.enterprise.resource.webcontainer.faces.application] (default task-1) Created component with component type of 'jakarta.faces.HtmlPanelGroup'
[0m[32m14:36:54,050 FINE  [jakarta.enterprise.resource.webcontainer.faces.facelets.tag.component] (default task-1) /index.xhtml @21,61 <h:panelGroup> Component[2059540600_7ac218d1] Created: jakarta.faces.component.html.HtmlPanelGroup
[0m[32m14:36:54,051 FINE  [jakarta.enterprise.resource.webcontainer.faces.application] (default task-1) Created component with component type of 'jakarta.faces.HtmlOutputText'
[0m[32m14:36:54,051 FINE  [jakarta.enterprise.resource.webcontainer.faces.facelets.tag.component] (default task-1) /index.xhtml @23,59 <h:outputText> Component[2059540600_7ac218bb] Created: jakarta.faces.component.html.HtmlOutputText
[0m[32m14:36:54,051 FINE  [jakarta.enterprise.resource.webcontainer.faces.application] (default task-1) Created component with component type of 'jakarta.faces.HtmlForm'
[0m[32m14:36:54,051 FINE  [jakarta.enterprise.resource.webcontainer.faces.facelets.tag.component] (default task-1) /index.xhtml @26,11 <h:form> Component[2059540600_7ac218a8] Created: jakarta.faces.component.html.HtmlForm
[0m[32m14:36:54,052 FINE  [jakarta.enterprise.resource.webcontainer.faces.application] (default task-1) Created component with component type of 'jakarta.faces.HtmlPanelGroup'
[0m[32m14:36:54,052 FINE  [jakarta.enterprise.resource.webcontainer.faces.facelets.tag.component] (default task-1) /index.xhtml @27,62 <h:panelGroup> Component[2059540600_7ac21892] Created: jakarta.faces.component.html.HtmlPanelGroup
[0m[32m14:36:54,052 FINE  [jakarta.enterprise.resource.webcontainer.faces.application] (default task-1) Created component with component type of 'jakarta.faces.HtmlCommandButton'
[0m[32m14:36:54,052 FINE  [jakarta.enterprise.resource.webcontainer.faces.facelets.tag.component] (default task-1) /index.xhtml @29,119 <h:commandButton> Component[2059540600_7ac2197c] Created: jakarta.faces.component.html.HtmlCommandButton
[0m[32m14:36:54,052 FINE  [jakarta.enterprise.resource.webcontainer.faces.application] (default task-1) Created component with component type of 'jakarta.faces.HtmlCommandButton'
[0m[32m14:36:54,052 FINE  [jakarta.enterprise.resource.webcontainer.faces.facelets.tag.component] (default task-1) /index.xhtml @30,112 <h:commandButton> Component[2059540600_7ac21969] Created: jakarta.faces.component.html.HtmlCommandButton
[0m[32m14:36:54,052 FINE  [jakarta.enterprise.resource.webcontainer.faces.application] (default task-1) Created component with component type of 'jakarta.faces.HtmlPanelGroup'
[0m[32m14:36:54,053 FINE  [jakarta.enterprise.resource.webcontainer.faces.facelets.tag.component] (default task-1) /index.xhtml @33,34 <h:panelGroup> Component[2059540600_7ac21966] Created: jakarta.faces.component.html.HtmlPanelGroup
[0m[32m14:36:54,053 FINE  [jakarta.enterprise.resource.webcontainer.faces.application] (default task-1) Created component with component type of 'jakarta.faces.HtmlCommandButton'
[0m[32m14:36:54,053 FINE  [jakarta.enterprise.resource.webcontainer.faces.facelets.tag.component] (default task-1) /index.xhtml @35,124 <h:commandButton> Component[2059540600_7ac21940] Created: jakarta.faces.component.html.HtmlCommandButton
[0m[32m14:36:54,053 FINE  [jakarta.enterprise.resource.webcontainer.faces.application] (default task-1) Created component with component type of 'jakarta.faces.HtmlCommandButton'
[0m[32m14:36:54,053 FINE  [jakarta.enterprise.resource.webcontainer.faces.facelets.tag.component] (default task-1) /index.xhtml @36,117 <h:commandButton> Component[2059540600_7ac2193d] Created: jakarta.faces.component.html.HtmlCommandButton
[0m[32m14:36:54,053 FINE  [jakarta.enterprise.resource.webcontainer.faces.application] (default task-1) Rendering View: /index.xhtml
[0m[32m14:36:54,056 DEBUG [org.wildfly.clustering.marshalling.ByteBufferMarshalledValue] (default task-1) Marshalled size of java.util.concurrent.ConcurrentHashMap object = 588 bytes
[0m[32m14:36:54,060 FINE  [jakarta.enterprise.resource.webcontainer.faces.renderkit] (default task-1) component.getValue() returned wjSlYmfu-0LvC8q8pitedaRn7ssft7aX2zzTJWtW
[0m[32m14:36:54,060 FINE  [jakarta.enterprise.resource.webcontainer.faces.renderkit] (default task-1) Value to be rendered wjSlYmfu-0LvC8q8pitedaRn7ssft7aX2zzTJWtW
[0m[32m14:36:54,061 FINE  [jakarta.enterprise.resource.webcontainer.faces.renderkit] (default task-1) component.getValue() returned 060a48fb51ef
[0m[32m14:36:54,062 FINE  [jakarta.enterprise.resource.webcontainer.faces.renderkit] (default task-1) Value to be rendered 060a48fb51ef
[0m[32m14:36:54,062 FINE  [jakarta.enterprise.resource.webcontainer.faces.renderkit] (default task-1) component.getValue() returned 0
[0m[32m14:36:54,063 FINE  [jakarta.enterprise.resource.webcontainer.faces.application] (default task-1) Created converter of type 'jakarta.faces.convert.IntegerConverter'
[0m[32m14:36:54,063 FINE  [jakarta.enterprise.resource.webcontainer.faces.renderkit] (default task-1) Value to be rendered 0
[0m[32m14:36:54,064 FINE  [jakarta.enterprise.resource.webcontainer.faces.application] (default task-1) Begin writing marker for viewId /index.xhtml
[0m[32m14:36:54,064 FINE  [jakarta.enterprise.resource.webcontainer.faces.application] (default task-1) End writing marker for viewId /index.xhtml
[0m[32m14:36:54,065 FINE  [jakarta.faces.component] (default task-1) j_id1
[0m[32m14:36:54,065 FINE  [jakarta.enterprise.resource.webcontainer.faces.lifecycle] (default task-1) Exiting RenderResponsePhase
[0m[32m14:36:54,065 FINE  [jakarta.enterprise.resource.webcontainer.faces.timing] (default task-1)  [TIMING] - [21ms] : Execution time for phase (including any PhaseListeners) -> RENDER_RESPONSE 6
[0m[32m14:36:54,067 DEBUG [io.undertow.request.io] (default task-1) UT005013: An IOException occurred: java.net.SocketException: Connection reset
	at java.base/sun.nio.ch.SocketChannelImpl.throwConnectionReset(SocketChannelImpl.java:401)
	at java.base/sun.nio.ch.SocketChannelImpl.read(SocketChannelImpl.java:434)
	at org.jboss.xnio.nio@3.8.16.Final-redhat-00001//org.xnio.nio.NioSocketConduit.read(NioSocketConduit.java:289)
	at org.jboss.xnio@3.8.16.Final-redhat-00001//org.xnio.conduits.AbstractStreamSourceConduit.read(AbstractStreamSourceConduit.java:51)
	at io.undertow.core@2.3.23.SP3-redhat-00001//io.undertow.conduits.ReadTimeoutStreamSourceConduit.read(ReadTimeoutStreamSourceConduit.java:181)
	at org.jboss.xnio@3.8.16.Final-redhat-00001//org.xnio.conduits.AbstractStreamSourceConduit.read(AbstractStreamSourceConduit.java:51)
	at io.undertow.core@2.3.23.SP3-redhat-00001//io.undertow.conduits.BytesReceivedStreamSourceConduit.read(BytesReceivedStreamSourceConduit.java:67)
	at org.jboss.xnio@3.8.16.Final-redhat-00001//org.xnio.conduits.ConduitStreamSourceChannel.read(ConduitStreamSourceChannel.java:127)
	at io.undertow.core@2.3.23.SP3-redhat-00001//io.undertow.util.ConnectionUtils.doDrain(ConnectionUtils.java:96)
	at io.undertow.core@2.3.23.SP3-redhat-00001//io.undertow.util.ConnectionUtils.cleanClose(ConnectionUtils.java:74)
	at io.undertow.core@2.3.23.SP3-redhat-00001//io.undertow.server.protocol.http.HttpReadListener.exchangeComplete(HttpReadListener.java:374)
	at io.undertow.core@2.3.23.SP3-redhat-00001//io.undertow.server.protocol.http.HttpServerConnection.exchangeComplete(HttpServerConnection.java:244)
	at io.undertow.core@2.3.23.SP3-redhat-00001//io.undertow.server.HttpServerExchange$ExchangeCompleteNextListener.proceed(HttpServerExchange.java:2062)
	at io.undertow.core@2.3.23.SP3-redhat-00001//io.undertow.server.ConnectorStatisticsImpl$1.exchangeEvent(ConnectorStatisticsImpl.java:75)
	at io.undertow.core@2.3.23.SP3-redhat-00001//io.undertow.server.HttpServerExchange$ExchangeCompleteNextListener.proceed(HttpServerExchange.java:2060)
	at io.undertow.core@2.3.23.SP3-redhat-00001//io.undertow.server.handlers.MetricsHandler$2.exchangeEvent(MetricsHandler.java:60)
	at io.undertow.core@2.3.23.SP3-redhat-00001//io.undertow.server.HttpServerExchange.invokeExchangeCompleteListeners(HttpServerExchange.java:1436)
	at io.undertow.core@2.3.23.SP3-redhat-00001//io.undertow.server.HttpServerExchange.terminateResponse(HttpServerExchange.java:1723)
	at io.undertow.core@2.3.23.SP3-redhat-00001//io.undertow.server.Connectors.terminateResponse(Connectors.java:198)
	at io.undertow.core@2.3.23.SP3-redhat-00001//io.undertow.server.protocol.http.ServerFixedLengthStreamSinkConduit.channelFinished(ServerFixedLengthStreamSinkConduit.java:58)
	at io.undertow.core@2.3.23.SP3-redhat-00001//io.undertow.conduits.AbstractFixedLengthStreamSinkConduit.exitFlush(AbstractFixedLengthStreamSinkConduit.java:316)
	at io.undertow.core@2.3.23.SP3-redhat-00001//io.undertow.conduits.AbstractFixedLengthStreamSinkConduit.flush(AbstractFixedLengthStreamSinkConduit.java:234)
	at org.jboss.xnio@3.8.16.Final-redhat-00001//org.xnio.conduits.ConduitStreamSinkChannel.flush(ConduitStreamSinkChannel.java:162)
	at io.undertow.core@2.3.23.SP3-redhat-00001//io.undertow.channels.DetachableStreamSinkChannel.flush(DetachableStreamSinkChannel.java:119)
	at org.jboss.xnio@3.8.16.Final-redhat-00001//org.xnio.channels.Channels.flushBlocking(Channels.java:63)
	at io.undertow.servlet@2.3.23.SP3-redhat-00001//io.undertow.servlet.spec.ServletOutputStreamImpl.close(ServletOutputStreamImpl.java:654)
	at io.undertow.servlet@2.3.23.SP3-redhat-00001//io.undertow.servlet.spec.ServletPrintWriter.close(ServletPrintWriter.java:130)
	at io.undertow.servlet@2.3.23.SP3-redhat-00001//io.undertow.servlet.spec.ServletPrintWriterDelegate.close(ServletPrintWriterDelegate.java:79)
	at io.undertow.servlet@2.3.23.SP3-redhat-00001//io.undertow.servlet.spec.HttpServletResponseImpl.closeStreamAndWriter(HttpServletResponseImpl.java:505)
	at io.undertow.servlet@2.3.23.SP3-redhat-00001//io.undertow.servlet.spec.HttpServletResponseImpl.responseDone(HttpServletResponseImpl.java:606)
	at io.undertow.servlet@2.3.23.SP3-redhat-00001//io.undertow.servlet.handlers.ServletInitialHandler.handleFirstRequest(ServletInitialHandler.java:330)
	at io.undertow.servlet@2.3.23.SP3-redhat-00001//io.undertow.servlet.handlers.ServletInitialHandler$1.call(ServletInitialHandler.java:130)
	at io.undertow.servlet@2.3.23.SP3-redhat-00001//io.undertow.servlet.handlers.ServletInitialHandler$1.call(ServletInitialHandler.java:127)
	at io.undertow.servlet@2.3.23.SP3-redhat-00001//io.undertow.servlet.core.ServletRequestContextThreadSetupAction$1.call(ServletRequestContextThreadSetupAction.java:48)
	at io.undertow.servlet@2.3.23.SP3-redhat-00001//io.undertow.servlet.core.ContextClassLoaderSetupAction$1.call(ContextClassLoaderSetupAction.java:43)
	at org.wildfly.extension.undertow@8.1.1.GA-redhat-00012//org.wildfly.extension.undertow.deployment.UndertowDeploymentInfoService$UndertowThreadSetupAction.lambda$create$0(UndertowDeploymentInfoService.java:1421)
	at org.wildfly.extension.undertow@8.1.1.GA-redhat-00012//org.wildfly.extension.undertow.deployment.UndertowDeploymentInfoService$UndertowThreadSetupAction.lambda$create$0(UndertowDeploymentInfoService.java:1421)
	at org.wildfly.extension.undertow@8.1.1.GA-redhat-00012//org.wildfly.extension.undertow.deployment.UndertowDeploymentInfoService$UndertowThreadSetupAction.lambda$create$0(UndertowDeploymentInfoService.java:1421)
	at org.wildfly.extension.undertow@8.1.1.GA-redhat-00012//org.wildfly.extension.undertow.deployment.UndertowDeploymentInfoService$UndertowThreadSetupAction.lambda$create$0(UndertowDeploymentInfoService.java:1421)
	at io.undertow.servlet@2.3.23.SP3-redhat-00001//io.undertow.servlet.handlers.ServletInitialHandler.dispatchRequest(ServletInitialHandler.java:251)
	at io.undertow.servlet@2.3.23.SP3-redhat-00001//io.undertow.servlet.handlers.ServletInitialHandler.lambda$new$1(ServletInitialHandler.java:99)
	at io.undertow.core@2.3.23.SP3-redhat-00001//io.undertow.server.Connectors.executeRootHandler(Connectors.java:418)
	at io.undertow.core@2.3.23.SP3-redhat-00001//io.undertow.server.HttpServerExchange$1.run(HttpServerExchange.java:938)
	at org.jboss.threads@2.5.0.redhat-00001//org.jboss.threads.ContextClassLoaderSavingRunnable.run(ContextClassLoaderSavingRunnable.java:35)
	at org.jboss.threads@2.5.0.redhat-00001//org.jboss.threads.EnhancedQueueExecutor.safeRun(EnhancedQueueExecutor.java:2024)
	at org.jboss.threads@2.5.0.redhat-00001//org.jboss.threads.EnhancedQueueExecutor$ThreadBody.doRunTask(EnhancedQueueExecutor.java:1520)
	at org.jboss.threads@2.5.0.redhat-00001//org.jboss.threads.EnhancedQueueExecutor$ThreadBody.run(EnhancedQueueExecutor.java:1411)
	at org.jboss.xnio@3.8.16.Final-redhat-00001//org.xnio.XnioWorker$WorkerThreadFactory$1$1.run(XnioWorker.java:1282)
	at java.base/java.lang.Thread.run(Thread.java:1583)

[0m[32m14:36:54,069 DEBUG [org.wildfly.clustering.marshalling.ByteBufferMarshalledValue] (default task-1) Marshalled size of java.util.concurrent.ConcurrentHashMap object = 1884 bytes
[0m[32m14:36:56,068 DEBUG [io.undertow.request] (default I/O-9) Matched default handler path /index.xhtml
[0m[32m14:36:56,070 FINE  [jakarta.enterprise.resource.webcontainer.faces.lifecycle] (default task-1) execute(com.sun.faces.context.FacesContextImpl@5d782b39)
[0m[32m14:36:56,070 FINE  [jakarta.enterprise.resource.webcontainer.faces.lifecycle] (default task-1) Entering RestoreViewPhase
[0m[32m14:36:56,071 FINE  [jakarta.enterprise.resource.webcontainer.faces.application] (default task-1) Created component with component type of 'jakarta.faces.ViewRoot'
[0m[32m14:36:56,071 FINE  [jakarta.enterprise.resource.webcontainer.faces.application] (default task-1) Created component with component type of 'jakarta.faces.ViewRoot'
[0m[32m14:36:56,071 FINE  [jakarta.enterprise.resource.webcontainer.faces.application] (default task-1) Created component with component type of 'jakarta.faces.ViewRoot'
[0m[32m14:36:56,071 FINE  [jakarta.enterprise.resource.webcontainer.faces.lifecycle] (default task-1) New request: creating a view for /index.xhtml
[0m[32m14:36:56,072 FINE  [jakarta.enterprise.resource.webcontainer.faces.application] (default task-1) Created component with component type of 'jakarta.faces.ViewRoot'
[0m[32m14:36:56,072 FINE  [jakarta.enterprise.resource.webcontainer.faces.application] (default task-1) Created new view for /index.xhtml
[0m[32m14:36:56,072 FINE  [jakarta.enterprise.resource.webcontainer.faces.application] (default task-1) Locale for this view as determined by calculateLocale en_US
[0m[32m14:36:56,072 FINE  [jakarta.enterprise.resource.webcontainer.faces.application] (default task-1) Created component with component type of 'jakarta.faces.ViewRoot'
[0m[32m14:36:56,073 FINE  [jakarta.enterprise.resource.webcontainer.faces.application] (default task-1) RenderKitId for this view as determined by calculateRenderKitId HTML_BASIC
[0m[32m14:36:56,074 FINE  [jakarta.enterprise.resource.webcontainer.faces.lifecycle] (default task-1) Exiting RestoreViewPhase
[0m[32m14:36:56,075 FINE  [jakarta.enterprise.resource.webcontainer.faces.timing] (default task-1)  [TIMING] - [5ms] : Execution time for phase (including any PhaseListeners) -> RESTORE_VIEW 1
[0m[32m14:36:56,075 FINE  [jakarta.enterprise.resource.webcontainer.faces.lifecycle] (default task-1) render(com.sun.faces.context.FacesContextImpl@5d782b39)
[0m[32m14:36:56,075 FINE  [jakarta.enterprise.resource.webcontainer.faces.lifecycle] (default task-1) Entering RenderResponsePhase
[0m[32m14:36:56,078 FINE  [jakarta.enterprise.resource.webcontainer.faces.lifecycle] (default task-1) About to render view /index.xhtml
[0m[32m14:36:56,079 FINE  [jakarta.enterprise.resource.webcontainer.faces.application] (default task-1) Building View: /index.xhtml
[0m[32m14:36:56,079 FINE  [jakarta.enterprise.resource.webcontainer.faces.application] (default task-1) Created component with component type of 'jakarta.faces.Output'
[0m[32m14:36:56,080 FINE  [jakarta.enterprise.resource.webcontainer.faces.facelets.tag.component] (default task-1) /index.xhtml @6,11 <h:head> Component[2059540600_7ac2185f] Created: jakarta.faces.component.UIOutput
[0m[32m14:36:56,080 FINE  [jakarta.enterprise.resource.webcontainer.faces.application] (default task-1) Created component with component type of 'jakarta.faces.OutputBody'
[0m[32m14:36:56,080 FINE  [jakarta.enterprise.resource.webcontainer.faces.facelets.tag.component] (default task-1) /index.xhtml @10,11 <h:body> Component[2059540600_7ac21839] Created: jakarta.faces.component.html.HtmlBody
[0m[32m14:36:56,082 FINE  [jakarta.enterprise.resource.webcontainer.faces.application] (default task-1) Created component with component type of 'jakarta.faces.HtmlPanelGroup'
[0m[32m14:36:56,082 FINE  [jakarta.enterprise.resource.webcontainer.faces.facelets.tag.component] (default task-1) /index.xhtml @13,60 <h:panelGroup> Component[2059540600_7ac21823] Created: jakarta.faces.component.html.HtmlPanelGroup
[0m[32m14:36:56,082 FINE  [jakarta.enterprise.resource.webcontainer.faces.application] (default task-1) Created component with component type of 'jakarta.faces.HtmlOutputText'
[0m[32m14:36:56,083 FINE  [jakarta.enterprise.resource.webcontainer.faces.facelets.tag.component] (default task-1) /index.xhtml @15,61 <h:outputText> Component[2059540600_7ac2180d] Created: jakarta.faces.component.html.HtmlOutputText
[0m[32m14:36:56,083 FINE  [jakarta.enterprise.resource.webcontainer.faces.application] (default task-1) Created component with component type of 'jakarta.faces.HtmlPanelGroup'
[0m[32m14:36:56,083 FINE  [jakarta.enterprise.resource.webcontainer.faces.facelets.tag.component] (default task-1) /index.xhtml @17,60 <h:panelGroup> Component[2059540600_7ac218fa] Created: jakarta.faces.component.html.HtmlPanelGroup
[0m[32m14:36:56,083 FINE  [jakarta.enterprise.resource.webcontainer.faces.application] (default task-1) Created component with component type of 'jakarta.faces.HtmlOutputText'
[0m[32m14:36:56,083 FINE  [jakarta.enterprise.resource.webcontainer.faces.facelets.tag.component] (default task-1) /index.xhtml @19,60 <h:outputText> Component[2059540600_7ac218e4] Created: jakarta.faces.component.html.HtmlOutputText
[0m[32m14:36:56,083 FINE  [jakarta.enterprise.resource.webcontainer.faces.application] (default task-1) Created component with component type of 'jakarta.faces.HtmlPanelGroup'
[0m[32m14:36:56,084 FINE  [jakarta.enterprise.resource.webcontainer.faces.facelets.tag.component] (default task-1) /index.xhtml @21,61 <h:panelGroup> Component[2059540600_7ac218d1] Created: jakarta.faces.component.html.HtmlPanelGroup
[0m[32m14:36:56,084 FINE  [jakarta.enterprise.resource.webcontainer.faces.application] (default task-1) Created component with component type of 'jakarta.faces.HtmlOutputText'
[0m[32m14:36:56,084 FINE  [jakarta.enterprise.resource.webcontainer.faces.facelets.tag.component] (default task-1) /index.xhtml @23,59 <h:outputText> Component[2059540600_7ac218bb] Created: jakarta.faces.component.html.HtmlOutputText
[0m[32m14:36:56,084 FINE  [jakarta.enterprise.resource.webcontainer.faces.application] (default task-1) Created component with component type of 'jakarta.faces.HtmlForm'
[0m[32m14:36:56,084 FINE  [jakarta.enterprise.resource.webcontainer.faces.facelets.tag.component] (default task-1) /index.xhtml @26,11 <h:form> Component[2059540600_7ac218a8] Created: jakarta.faces.component.html.HtmlForm
[0m[32m14:36:56,085 FINE  [jakarta.enterprise.resource.webcontainer.faces.application] (default task-1) Created component with component type of 'jakarta.faces.HtmlPanelGroup'
[0m[32m14:36:56,085 FINE  [jakarta.enterprise.resource.webcontainer.faces.facelets.tag.component] (default task-1) /index.xhtml @27,62 <h:panelGroup> Component[2059540600_7ac21892] Created: jakarta.faces.component.html.HtmlPanelGroup
[0m[32m14:36:56,087 FINE  [jakarta.enterprise.resource.webcontainer.faces.application] (default task-1) Created component with component type of 'jakarta.faces.HtmlCommandButton'
[0m[32m14:36:56,087 FINE  [jakarta.enterprise.resource.webcontainer.faces.facelets.tag.component] (default task-1) /index.xhtml @29,119 <h:commandButton> Component[2059540600_7ac2197c] Created: jakarta.faces.component.html.HtmlCommandButton
[0m[32m14:36:56,088 FINE  [jakarta.enterprise.resource.webcontainer.faces.application] (default task-1) Created component with component type of 'jakarta.faces.HtmlCommandButton'
[0m[32m14:36:56,088 FINE  [jakarta.enterprise.resource.webcontainer.faces.facelets.tag.component] (default task-1) /index.xhtml @30,112 <h:commandButton> Component[2059540600_7ac21969] Created: jakarta.faces.component.html.HtmlCommandButton
[0m[32m14:36:56,089 FINE  [jakarta.enterprise.resource.webcontainer.faces.application] (default task-1) Created component with component type of 'jakarta.faces.HtmlPanelGroup'
[0m[32m14:36:56,089 FINE  [jakarta.enterprise.resource.webcontainer.faces.facelets.tag.component] (default task-1) /index.xhtml @33,34 <h:panelGroup> Component[2059540600_7ac21966] Created: jakarta.faces.component.html.HtmlPanelGroup
[0m[32m14:36:56,090 FINE  [jakarta.enterprise.resource.webcontainer.faces.application] (default task-1) Created component with component type of 'jakarta.faces.HtmlCommandButton'
[0m[32m14:36:56,090 FINE  [jakarta.enterprise.resource.webcontainer.faces.facelets.tag.component] (default task-1) /index.xhtml @35,124 <h:commandButton> Component[2059540600_7ac21940] Created: jakarta.faces.component.html.HtmlCommandButton
[0m[32m14:36:56,091 FINE  [jakarta.enterprise.resource.webcontainer.faces.application] (default task-1) Created component with component type of 'jakarta.faces.HtmlCommandButton'
[0m[32m14:36:56,091 FINE  [jakarta.enterprise.resource.webcontainer.faces.facelets.tag.component] (default task-1) /index.xhtml @36,117 <h:commandButton> Component[2059540600_7ac2193d] Created: jakarta.faces.component.html.HtmlCommandButton
[0m[32m14:36:56,091 FINE  [jakarta.enterprise.resource.webcontainer.faces.application] (default task-1) Rendering View: /index.xhtml
[0m[32m14:36:56,096 DEBUG [org.wildfly.clustering.marshalling.ByteBufferMarshalledValue] (default task-1) Marshalled size of java.util.concurrent.ConcurrentHashMap object = 588 bytes
[0m[32m14:36:56,100 FINE  [jakarta.enterprise.resource.webcontainer.faces.renderkit] (default task-1) component.getValue() returned zCSBRPpOGUqpmPrusV8hH6dsBdIu-R7gknXvMNf9
[0m[32m14:36:56,100 FINE  [jakarta.enterprise.resource.webcontainer.faces.renderkit] (default task-1) Value to be rendered zCSBRPpOGUqpmPrusV8hH6dsBdIu-R7gknXvMNf9
[0m[32m14:36:56,101 FINE  [jakarta.enterprise.resource.webcontainer.faces.renderkit] (default task-1) component.getValue() returned 060a48fb51ef
[0m[32m14:36:56,103 FINE  [jakarta.enterprise.resource.webcontainer.faces.renderkit] (default task-1) Value to be rendered 060a48fb51ef
[0m[32m14:36:56,103 FINE  [jakarta.enterprise.resource.webcontainer.faces.renderkit] (default task-1) component.getValue() returned 0
[0m[32m14:36:56,106 FINE  [jakarta.enterprise.resource.webcontainer.faces.application] (default task-1) Created converter of type 'jakarta.faces.convert.IntegerConverter'
[0m[32m14:36:56,106 FINE  [jakarta.enterprise.resource.webcontainer.faces.renderkit] (default task-1) Value to be rendered 0
[0m[32m14:36:56,110 FINE  [jakarta.enterprise.resource.webcontainer.faces.application] (default task-1) Begin writing marker for viewId /index.xhtml
[0m[32m14:36:56,110 FINE  [jakarta.enterprise.resource.webcontainer.faces.application] (default task-1) End writing marker for viewId /index.xhtml
[0m[32m14:36:56,111 FINE  [jakarta.faces.component] (default task-1) j_id1
[0m[32m14:36:56,111 FINE  [jakarta.enterprise.resource.webcontainer.faces.lifecycle] (default task-1) Exiting RenderResponsePhase
[0m[32m14:36:56,111 FINE  [jakarta.enterprise.resource.webcontainer.faces.timing] (default task-1)  [TIMING] - [36ms] : Execution time for phase (including any PhaseListeners) -> RENDER_RESPONSE 6
[0m[32m14:36:56,112 DEBUG [io.undertow.request.io] (default I/O-9) UT005013: An IOException occurred: java.net.SocketException: Connection reset
	at java.base/sun.nio.ch.SocketChannelImpl.throwConnectionReset(SocketChannelImpl.java:401)
	at java.base/sun.nio.ch.SocketChannelImpl.read(SocketChannelImpl.java:434)
	at org.jboss.xnio.nio@3.8.16.Final-redhat-00001//org.xnio.nio.NioSocketConduit.read(NioSocketConduit.java:289)
	at org.jboss.xnio@3.8.16.Final-redhat-00001//org.xnio.conduits.AbstractStreamSourceConduit.read(AbstractStreamSourceConduit.java:51)
	at io.undertow.core@2.3.23.SP3-redhat-00001//io.undertow.conduits.ReadTimeoutStreamSourceConduit.read(ReadTimeoutStreamSourceConduit.java:181)
	at org.jboss.xnio@3.8.16.Final-redhat-00001//org.xnio.conduits.AbstractStreamSourceConduit.read(AbstractStreamSourceConduit.java:51)
	at io.undertow.core@2.3.23.SP3-redhat-00001//io.undertow.conduits.BytesReceivedStreamSourceConduit.read(BytesReceivedStreamSourceConduit.java:67)
	at org.jboss.xnio@3.8.16.Final-redhat-00001//org.xnio.conduits.ConduitStreamSourceChannel.read(ConduitStreamSourceChannel.java:127)
	at io.undertow.core@2.3.23.SP3-redhat-00001//io.undertow.util.ConnectionUtils$4.handleEvent(ConnectionUtils.java:110)
	at io.undertow.core@2.3.23.SP3-redhat-00001//io.undertow.util.ConnectionUtils$4.handleEvent(ConnectionUtils.java:106)
	at org.jboss.xnio@3.8.16.Final-redhat-00001//org.xnio.ChannelListeners.invokeChannelListener(ChannelListeners.java:92)
	at org.jboss.xnio@3.8.16.Final-redhat-00001//org.xnio.conduits.ReadReadyHandler$ChannelListenerHandler.readReady(ReadReadyHandler.java:66)
	at io.undertow.core@2.3.23.SP3-redhat-00001//io.undertow.conduits.ReadTimeoutStreamSourceConduit$2.readReady(ReadTimeoutStreamSourceConduit.java:106)
	at org.jboss.xnio.nio@3.8.16.Final-redhat-00001//org.xnio.nio.NioSocketConduit.handleReady(NioSocketConduit.java:89)
	at org.jboss.xnio.nio@3.8.16.Final-redhat-00001//org.xnio.nio.WorkerThread.run(WorkerThread.java:603)

[0m[32m14:36:56,114 DEBUG [org.wildfly.clustering.marshalling.ByteBufferMarshalledValue] (default task-1) Marshalled size of java.util.concurrent.ConcurrentHashMap object = 1884 bytes
[0m[32m14:36:58,116 DEBUG [io.undertow.request] (default I/O-7) Matched default handler path /index.xhtml
[0m[32m14:36:58,118 FINE  [jakarta.enterprise.resource.webcontainer.faces.lifecycle] (default task-1) execute(com.sun.faces.context.FacesContextImpl@c379dfa)
[0m[32m14:36:58,119 FINE  [jakarta.enterprise.resource.webcontainer.faces.lifecycle] (default task-1) Entering RestoreViewPhase
[0m[32m14:36:58,119 FINE  [jakarta.enterprise.resource.webcontainer.faces.application] (default task-1) Created component with component type of 'jakarta.faces.ViewRoot'
[0m[32m14:36:58,120 FINE  [jakarta.enterprise.resource.webcontainer.faces.application] (default task-1) Created component with component type of 'jakarta.faces.ViewRoot'
[0m[32m14:36:58,120 FINE  [jakarta.enterprise.resource.webcontainer.faces.application] (default task-1) Created component with component type of 'jakarta.faces.ViewRoot'
[0m[32m14:36:58,120 FINE  [jakarta.enterprise.resource.webcontainer.faces.lifecycle] (default task-1) New request: creating a view for /index.xhtml
[0m[32m14:36:58,121 FINE  [jakarta.enterprise.resource.webcontainer.faces.application] (default task-1) Created component with component type of 'jakarta.faces.ViewRoot'
[0m[32m14:36:58,121 FINE  [jakarta.enterprise.resource.webcontainer.faces.application] (default task-1) Created new view for /index.xhtml
[0m[32m14:36:58,121 FINE  [jakarta.enterprise.resource.webcontainer.faces.application] (default task-1) Locale for this view as determined by calculateLocale en_US
[0m[32m14:36:58,121 FINE  [jakarta.enterprise.resource.webcontainer.faces.application] (default task-1) Created component with component type of 'jakarta.faces.ViewRoot'
[0m[32m14:36:58,121 FINE  [jakarta.enterprise.resource.webcontainer.faces.application] (default task-1) RenderKitId for this view as determined by calculateRenderKitId HTML_BASIC
[0m[32m14:36:58,123 FINE  [jakarta.enterprise.resource.webcontainer.faces.lifecycle] (default task-1) Exiting RestoreViewPhase
[0m[32m14:36:58,123 FINE  [jakarta.enterprise.resource.webcontainer.faces.timing] (default task-1)  [TIMING] - [4ms] : Execution time for phase (including any PhaseListeners) -> RESTORE_VIEW 1
[0m[32m14:36:58,123 FINE  [jakarta.enterprise.resource.webcontainer.faces.lifecycle] (default task-1) render(com.sun.faces.context.FacesContextImpl@c379dfa)
[0m[32m14:36:58,123 FINE  [jakarta.enterprise.resource.webcontainer.faces.lifecycle] (default task-1) Entering RenderResponsePhase
[0m[32m14:36:58,123 FINE  [jakarta.enterprise.resource.webcontainer.faces.lifecycle] (default task-1) About to render view /index.xhtml
[0m[32m14:36:58,124 FINE  [jakarta.enterprise.resource.webcontainer.faces.application] (default task-1) Building View: /index.xhtml
[0m[32m14:36:58,125 FINE  [jakarta.enterprise.resource.webcontainer.faces.application] (default task-1) Created component with component type of 'jakarta.faces.Output'
[0m[32m14:36:58,125 FINE  [jakarta.enterprise.resource.webcontainer.faces.facelets.tag.component] (default task-1) /index.xhtml @6,11 <h:head> Component[2059540600_7ac2185f] Created: jakarta.faces.component.UIOutput
[0m[32m14:36:58,126 FINE  [jakarta.enterprise.resource.webcontainer.faces.application] (default task-1) Created component with component type of 'jakarta.faces.OutputBody'
[0m[32m14:36:58,126 FINE  [jakarta.enterprise.resource.webcontainer.faces.facelets.tag.component] (default task-1) /index.xhtml @10,11 <h:body> Component[2059540600_7ac21839] Created: jakarta.faces.component.html.HtmlBody
[0m[32m14:36:58,126 FINE  [jakarta.enterprise.resource.webcontainer.faces.application] (default task-1) Created component with component type of 'jakarta.faces.HtmlPanelGroup'
[0m[32m14:36:58,126 FINE  [jakarta.enterprise.resource.webcontainer.faces.facelets.tag.component] (default task-1) /index.xhtml @13,60 <h:panelGroup> Component[2059540600_7ac21823] Created: jakarta.faces.component.html.HtmlPanelGroup
[0m[32m14:36:58,127 FINE  [jakarta.enterprise.resource.webcontainer.faces.application] (default task-1) Created component with component type of 'jakarta.faces.HtmlOutputText'
[0m[32m14:36:58,127 FINE  [jakarta.enterprise.resource.webcontainer.faces.facelets.tag.component] (default task-1) /index.xhtml @15,61 <h:outputText> Component[2059540600_7ac2180d] Created: jakarta.faces.component.html.HtmlOutputText
[0m[32m14:36:58,127 FINE  [jakarta.enterprise.resource.webcontainer.faces.application] (default task-1) Created component with component type of 'jakarta.faces.HtmlPanelGroup'
[0m[32m14:36:58,128 FINE  [jakarta.enterprise.resource.webcontainer.faces.facelets.tag.component] (default task-1) /index.xhtml @17,60 <h:panelGroup> Component[2059540600_7ac218fa] Created: jakarta.faces.component.html.HtmlPanelGroup
[0m[32m14:36:58,128 FINE  [jakarta.enterprise.resource.webcontainer.faces.application] (default task-1) Created component with component type of 'jakarta.faces.HtmlOutputText'
[0m[32m14:36:58,128 FINE  [jakarta.enterprise.resource.webcontainer.faces.facelets.tag.component] (default task-1) /index.xhtml @19,60 <h:outputText> Component[2059540600_7ac218e4] Created: jakarta.faces.component.html.HtmlOutputText
[0m[32m14:36:58,128 FINE  [jakarta.enterprise.resource.webcontainer.faces.application] (default task-1) Created component with component type of 'jakarta.faces.HtmlPanelGroup'
[0m[32m14:36:58,129 FINE  [jakarta.enterprise.resource.webcontainer.faces.facelets.tag.component] (default task-1) /index.xhtml @21,61 <h:panelGroup> Component[2059540600_7ac218d1] Created: jakarta.faces.component.html.HtmlPanelGroup
[0m[32m14:36:58,129 FINE  [jakarta.enterprise.resource.webcontainer.faces.application] (default task-1) Created component with component type of 'jakarta.faces.HtmlOutputText'
[0m[32m14:36:58,129 FINE  [jakarta.enterprise.resource.webcontainer.faces.facelets.tag.component] (default task-1) /index.xhtml @23,59 <h:outputText> Component[2059540600_7ac218bb] Created: jakarta.faces.component.html.HtmlOutputText
[0m[32m14:36:58,129 FINE  [jakarta.enterprise.resource.webcontainer.faces.application] (default task-1) Created component with component type of 'jakarta.faces.HtmlForm'
[0m[32m14:36:58,130 FINE  [jakarta.enterprise.resource.webcontainer.faces.facelets.tag.component] (default task-1) /index.xhtml @26,11 <h:form> Component[2059540600_7ac218a8] Created: jakarta.faces.component.html.HtmlForm
[0m[32m14:36:58,130 FINE  [jakarta.enterprise.resource.webcontainer.faces.application] (default task-1) Created component with component type of 'jakarta.faces.HtmlPanelGroup'
[0m[32m14:36:58,131 FINE  [jakarta.enterprise.resource.webcontainer.faces.facelets.tag.component] (default task-1) /index.xhtml @27,62 <h:panelGroup> Component[2059540600_7ac21892] Created: jakarta.faces.component.html.HtmlPanelGroup
[0m[32m14:36:58,132 FINE  [jakarta.enterprise.resource.webcontainer.faces.application] (default task-1) Created component with component type of 'jakarta.faces.HtmlCommandButton'
[0m[32m14:36:58,133 FINE  [jakarta.enterprise.resource.webcontainer.faces.facelets.tag.component] (default task-1) /index.xhtml @29,119 <h:commandButton> Component[2059540600_7ac2197c] Created: jakarta.faces.component.html.HtmlCommandButton
[0m[32m14:36:58,134 FINE  [jakarta.enterprise.resource.webcontainer.faces.application] (default task-1) Created component with component type of 'jakarta.faces.HtmlCommandButton'
[0m[32m14:36:58,135 FINE  [jakarta.enterprise.resource.webcontainer.faces.facelets.tag.component] (default task-1) /index.xhtml @30,112 <h:commandButton> Component[2059540600_7ac21969] Created: jakarta.faces.component.html.HtmlCommandButton
[0m[32m14:36:58,136 FINE  [jakarta.enterprise.resource.webcontainer.faces.application] (default task-1) Created component with component type of 'jakarta.faces.HtmlPanelGroup'
[0m[32m14:36:58,136 FINE  [jakarta.enterprise.resource.webcontainer.faces.facelets.tag.component] (default task-1) /index.xhtml @33,34 <h:panelGroup> Component[2059540600_7ac21966] Created: jakarta.faces.component.html.HtmlPanelGroup
[0m[32m14:36:58,137 FINE  [jakarta.enterprise.resource.webcontainer.faces.application] (default task-1) Created component with component type of 'jakarta.faces.HtmlCommandButton'
[0m[32m14:36:58,137 FINE  [jakarta.enterprise.resource.webcontainer.faces.facelets.tag.component] (default task-1) /index.xhtml @35,124 <h:commandButton> Component[2059540600_7ac21940] Created: jakarta.faces.component.html.HtmlCommandButton
[0m[32m14:36:58,138 FINE  [jakarta.enterprise.resource.webcontainer.faces.application] (default task-1) Created component with component type of 'jakarta.faces.HtmlCommandButton'
[0m[32m14:36:58,138 FINE  [jakarta.enterprise.resource.webcontainer.faces.facelets.tag.component] (default task-1) /index.xhtml @36,117 <h:commandButton> Component[2059540600_7ac2193d] Created: jakarta.faces.component.html.HtmlCommandButton
[0m[32m14:36:58,139 FINE  [jakarta.enterprise.resource.webcontainer.faces.application] (default task-1) Rendering View: /index.xhtml
[0m[32m14:36:58,143 DEBUG [org.wildfly.clustering.marshalling.ByteBufferMarshalledValue] (default task-1) Marshalled size of java.util.concurrent.ConcurrentHashMap object = 588 bytes
[0m[32m14:36:58,153 FINE  [jakarta.enterprise.resource.webcontainer.faces.renderkit] (default task-1) component.getValue() returned jxJq2qEktPOKsQ7YOhrPEotjZkZIWmsaqPQoQyA5
[0m[32m14:36:58,156 FINE  [jakarta.enterprise.resource.webcontainer.faces.renderkit] (default task-1) Value to be rendered jxJq2qEktPOKsQ7YOhrPEotjZkZIWmsaqPQoQyA5
[0m[32m14:36:58,157 FINE  [jakarta.enterprise.resource.webcontainer.faces.renderkit] (default task-1) component.getValue() returned 060a48fb51ef
[0m[32m14:36:58,157 FINE  [jakarta.enterprise.resource.webcontainer.faces.renderkit] (default task-1) Value to be rendered 060a48fb51ef
[0m[32m14:36:58,158 FINE  [jakarta.enterprise.resource.webcontainer.faces.renderkit] (default task-1) component.getValue() returned 0
[0m[32m14:36:58,159 FINE  [jakarta.enterprise.resource.webcontainer.faces.application] (default task-1) Created converter of type 'jakarta.faces.convert.IntegerConverter'
[0m[32m14:36:58,159 FINE  [jakarta.enterprise.resource.webcontainer.faces.renderkit] (default task-1) Value to be rendered 0
[0m[32m14:36:58,161 FINE  [jakarta.enterprise.resource.webcontainer.faces.application] (default task-1) Begin writing marker for viewId /index.xhtml
[0m[32m14:36:58,161 FINE  [jakarta.enterprise.resource.webcontainer.faces.application] (default task-1) End writing marker for viewId /index.xhtml
[0m[32m14:36:58,162 FINE  [jakarta.faces.component] (default task-1) j_id1
[0m[32m14:36:58,162 FINE  [jakarta.enterprise.resource.webcontainer.faces.lifecycle] (default task-1) Exiting RenderResponsePhase
[0m[32m14:36:58,162 FINE  [jakarta.enterprise.resource.webcontainer.faces.timing] (default task-1)  [TIMING] - [39ms] : Execution time for phase (including any PhaseListeners) -> RENDER_RESPONSE 6
[0m[32m14:36:58,164 DEBUG [io.undertow.request.io] (default task-1) UT005013: An IOException occurred: java.net.SocketException: Connection reset
	at java.base/sun.nio.ch.SocketChannelImpl.throwConnectionReset(SocketChannelImpl.java:401)
	at java.base/sun.nio.ch.SocketChannelImpl.read(SocketChannelImpl.java:434)
	at org.jboss.xnio.nio@3.8.16.Final-redhat-00001//org.xnio.nio.NioSocketConduit.read(NioSocketConduit.java:289)
	at org.jboss.xnio@3.8.16.Final-redhat-00001//org.xnio.conduits.AbstractStreamSourceConduit.read(AbstractStreamSourceConduit.java:51)
	at io.undertow.core@2.3.23.SP3-redhat-00001//io.undertow.conduits.ReadTimeoutStreamSourceConduit.read(ReadTimeoutStreamSourceConduit.java:181)
	at org.jboss.xnio@3.8.16.Final-redhat-00001//org.xnio.conduits.AbstractStreamSourceConduit.read(AbstractStreamSourceConduit.java:51)
	at io.undertow.core@2.3.23.SP3-redhat-00001//io.undertow.conduits.BytesReceivedStreamSourceConduit.read(BytesReceivedStreamSourceConduit.java:67)
	at org.jboss.xnio@3.8.16.Final-redhat-00001//org.xnio.conduits.ConduitStreamSourceChannel.read(ConduitStreamSourceChannel.java:127)
	at io.undertow.core@2.3.23.SP3-redhat-00001//io.undertow.util.ConnectionUtils.doDrain(ConnectionUtils.java:96)
	at io.undertow.core@2.3.23.SP3-redhat-00001//io.undertow.util.ConnectionUtils.cleanClose(ConnectionUtils.java:74)
	at io.undertow.core@2.3.23.SP3-redhat-00001//io.undertow.server.protocol.http.HttpReadListener.exchangeComplete(HttpReadListener.java:374)
	at io.undertow.core@2.3.23.SP3-redhat-00001//io.undertow.server.protocol.http.HttpServerConnection.exchangeComplete(HttpServerConnection.java:244)
	at io.undertow.core@2.3.23.SP3-redhat-00001//io.undertow.server.HttpServerExchange$ExchangeCompleteNextListener.proceed(HttpServerExchange.java:2062)
	at io.undertow.core@2.3.23.SP3-redhat-00001//io.undertow.server.ConnectorStatisticsImpl$1.exchangeEvent(ConnectorStatisticsImpl.java:75)
	at io.undertow.core@2.3.23.SP3-redhat-00001//io.undertow.server.HttpServerExchange$ExchangeCompleteNextListener.proceed(HttpServerExchange.java:2060)
	at io.undertow.core@2.3.23.SP3-redhat-00001//io.undertow.server.handlers.MetricsHandler$2.exchangeEvent(MetricsHandler.java:60)
	at io.undertow.core@2.3.23.SP3-redhat-00001//io.undertow.server.HttpServerExchange.invokeExchangeCompleteListeners(HttpServerExchange.java:1436)
	at io.undertow.core@2.3.23.SP3-redhat-00001//io.undertow.server.HttpServerExchange.terminateResponse(HttpServerExchange.java:1723)
	at io.undertow.core@2.3.23.SP3-redhat-00001//io.undertow.server.Connectors.terminateResponse(Connectors.java:198)
	at io.undertow.core@2.3.23.SP3-redhat-00001//io.undertow.server.protocol.http.ServerFixedLengthStreamSinkConduit.channelFinished(ServerFixedLengthStreamSinkConduit.java:58)
	at io.undertow.core@2.3.23.SP3-redhat-00001//io.undertow.conduits.AbstractFixedLengthStreamSinkConduit.exitFlush(AbstractFixedLengthStreamSinkConduit.java:316)
	at io.undertow.core@2.3.23.SP3-redhat-00001//io.undertow.conduits.AbstractFixedLengthStreamSinkConduit.flush(AbstractFixedLengthStreamSinkConduit.java:234)
	at org.jboss.xnio@3.8.16.Final-redhat-00001//org.xnio.conduits.ConduitStreamSinkChannel.flush(ConduitStreamSinkChannel.java:162)
	at io.undertow.core@2.3.23.SP3-redhat-00001//io.undertow.channels.DetachableStreamSinkChannel.flush(DetachableStreamSinkChannel.java:119)
	at org.jboss.xnio@3.8.16.Final-redhat-00001//org.xnio.channels.Channels.flushBlocking(Channels.java:63)
	at io.undertow.servlet@2.3.23.SP3-redhat-00001//io.undertow.servlet.spec.ServletOutputStreamImpl.close(ServletOutputStreamImpl.java:654)
	at io.undertow.servlet@2.3.23.SP3-redhat-00001//io.undertow.servlet.spec.ServletPrintWriter.close(ServletPrintWriter.java:130)
	at io.undertow.servlet@2.3.23.SP3-redhat-00001//io.undertow.servlet.spec.ServletPrintWriterDelegate.close(ServletPrintWriterDelegate.java:79)
	at io.undertow.servlet@2.3.23.SP3-redhat-00001//io.undertow.servlet.spec.HttpServletResponseImpl.closeStreamAndWriter(HttpServletResponseImpl.java:505)
	at io.undertow.servlet@2.3.23.SP3-redhat-00001//io.undertow.servlet.spec.HttpServletResponseImpl.responseDone(HttpServletResponseImpl.java:606)
	at io.undertow.servlet@2.3.23.SP3-redhat-00001//io.undertow.servlet.handlers.ServletInitialHandler.handleFirstRequest(ServletInitialHandler.java:330)
	at io.undertow.servlet@2.3.23.SP3-redhat-00001//io.undertow.servlet.handlers.ServletInitialHandler$1.call(ServletInitialHandler.java:130)
	at io.undertow.servlet@2.3.23.SP3-redhat-00001//io.undertow.servlet.handlers.ServletInitialHandler$1.call(ServletInitialHandler.java:127)
	at io.undertow.servlet@2.3.23.SP3-redhat-00001//io.undertow.servlet.core.ServletRequestContextThreadSetupAction$1.call(ServletRequestContextThreadSetupAction.java:48)
	at io.undertow.servlet@2.3.23.SP3-redhat-00001//io.undertow.servlet.core.ContextClassLoaderSetupAction$1.call(ContextClassLoaderSetupAction.java:43)
	at org.wildfly.extension.undertow@8.1.1.GA-redhat-00012//org.wildfly.extension.undertow.deployment.UndertowDeploymentInfoService$UndertowThreadSetupAction.lambda$create$0(UndertowDeploymentInfoService.java:1421)
	at org.wildfly.extension.undertow@8.1.1.GA-redhat-00012//org.wildfly.extension.undertow.deployment.UndertowDeploymentInfoService$UndertowThreadSetupAction.lambda$create$0(UndertowDeploymentInfoService.java:1421)
	at org.wildfly.extension.undertow@8.1.1.GA-redhat-00012//org.wildfly.extension.undertow.deployment.UndertowDeploymentInfoService$UndertowThreadSetupAction.lambda$create$0(UndertowDeploymentInfoService.java:1421)
	at org.wildfly.extension.undertow@8.1.1.GA-redhat-00012//org.wildfly.extension.undertow.deployment.UndertowDeploymentInfoService$UndertowThreadSetupAction.lambda$create$0(UndertowDeploymentInfoService.java:1421)
	at io.undertow.servlet@2.3.23.SP3-redhat-00001//io.undertow.servlet.handlers.ServletInitialHandler.dispatchRequest(ServletInitialHandler.java:251)
	at io.undertow.servlet@2.3.23.SP3-redhat-00001//io.undertow.servlet.handlers.ServletInitialHandler.lambda$new$1(ServletInitialHandler.java:99)
	at io.undertow.core@2.3.23.SP3-redhat-00001//io.undertow.server.Connectors.executeRootHandler(Connectors.java:418)
	at io.undertow.core@2.3.23.SP3-redhat-00001//io.undertow.server.HttpServerExchange$1.run(HttpServerExchange.java:938)
	at org.jboss.threads@2.5.0.redhat-00001//org.jboss.threads.ContextClassLoaderSavingRunnable.run(ContextClassLoaderSavingRunnable.java:35)
	at org.jboss.threads@2.5.0.redhat-00001//org.jboss.threads.EnhancedQueueExecutor.safeRun(EnhancedQueueExecutor.java:2024)
	at org.jboss.threads@2.5.0.redhat-00001//org.jboss.threads.EnhancedQueueExecutor$ThreadBody.doRunTask(EnhancedQueueExecutor.java:1520)
	at org.jboss.threads@2.5.0.redhat-00001//org.jboss.threads.EnhancedQueueExecutor$ThreadBody.run(EnhancedQueueExecutor.java:1411)
	at org.jboss.xnio@3.8.16.Final-redhat-00001//org.xnio.XnioWorker$WorkerThreadFactory$1$1.run(XnioWorker.java:1282)
	at java.base/java.lang.Thread.run(Thread.java:1583)

[0m[32m14:36:58,167 DEBUG [org.wildfly.clustering.marshalling.ByteBufferMarshalledValue] (default task-1) Marshalled size of java.util.concurrent.ConcurrentHashMap object = 1884 bytes
[0m[32m14:37:00,166 DEBUG [io.undertow.request] (default I/O-8) Matched default handler path /index.xhtml
[0m[32m14:37:00,168 FINE  [jakarta.enterprise.resource.webcontainer.faces.lifecycle] (default task-1) execute(com.sun.faces.context.FacesContextImpl@3052c8d4)
[0m[32m14:37:00,168 FINE  [jakarta.enterprise.resource.webcontainer.faces.lifecycle] (default task-1) Entering RestoreViewPhase
[0m[32m14:37:00,169 FINE  [jakarta.enterprise.resource.webcontainer.faces.application] (default task-1) Created component with component type of 'jakarta.faces.ViewRoot'
[0m[32m14:37:00,169 FINE  [jakarta.enterprise.resource.webcontainer.faces.application] (default task-1) Created component with component type of 'jakarta.faces.ViewRoot'
[0m[32m14:37:00,169 FINE  [jakarta.enterprise.resource.webcontainer.faces.application] (default task-1) Created component with component type of 'jakarta.faces.ViewRoot'
[0m[32m14:37:00,170 FINE  [jakarta.enterprise.resource.webcontainer.faces.lifecycle] (default task-1) New request: creating a view for /index.xhtml
[0m[32m14:37:00,170 FINE  [jakarta.enterprise.resource.webcontainer.faces.application] (default task-1) Created component with component type of 'jakarta.faces.ViewRoot'
[0m[32m14:37:00,170 FINE  [jakarta.enterprise.resource.webcontainer.faces.application] (default task-1) Created new view for /index.xhtml
[0m[32m14:37:00,170 FINE  [jakarta.enterprise.resource.webcontainer.faces.application] (default task-1) Locale for this view as determined by calculateLocale en_US
[0m[32m14:37:00,171 FINE  [jakarta.enterprise.resource.webcontainer.faces.application] (default task-1) Created component with component type of 'jakarta.faces.ViewRoot'
[0m[32m14:37:00,171 FINE  [jakarta.enterprise.resource.webcontainer.faces.application] (default task-1) RenderKitId for this view as determined by calculateRenderKitId HTML_BASIC
[0m[32m14:37:00,172 FINE  [jakarta.enterprise.resource.webcontainer.faces.lifecycle] (default task-1) Exiting RestoreViewPhase
[0m[32m14:37:00,172 FINE  [jakarta.enterprise.resource.webcontainer.faces.timing] (default task-1)  [TIMING] - [4ms] : Execution time for phase (including any PhaseListeners) -> RESTORE_VIEW 1
[0m[32m14:37:00,173 FINE  [jakarta.enterprise.resource.webcontainer.faces.lifecycle] (default task-1) render(com.sun.faces.context.FacesContextImpl@3052c8d4)
[0m[32m14:37:00,173 FINE  [jakarta.enterprise.resource.webcontainer.faces.lifecycle] (default task-1) Entering RenderResponsePhase
[0m[32m14:37:00,173 FINE  [jakarta.enterprise.resource.webcontainer.faces.lifecycle] (default task-1) About to render view /index.xhtml
[0m[32m14:37:00,173 FINE  [jakarta.enterprise.resource.webcontainer.faces.application] (default task-1) Building View: /index.xhtml
[0m[32m14:37:00,175 FINE  [jakarta.enterprise.resource.webcontainer.faces.application] (default task-1) Created component with component type of 'jakarta.faces.Output'
[0m[32m14:37:00,175 FINE  [jakarta.enterprise.resource.webcontainer.faces.facelets.tag.component] (default task-1) /index.xhtml @6,11 <h:head> Component[2059540600_7ac2185f] Created: jakarta.faces.component.UIOutput
[0m[32m14:37:00,175 FINE  [jakarta.enterprise.resource.webcontainer.faces.application] (default task-1) Created component with component type of 'jakarta.faces.OutputBody'
[0m[32m14:37:00,176 FINE  [jakarta.enterprise.resource.webcontainer.faces.facelets.tag.component] (default task-1) /index.xhtml @10,11 <h:body> Component[2059540600_7ac21839] Created: jakarta.faces.component.html.HtmlBody
[0m[32m14:37:00,176 FINE  [jakarta.enterprise.resource.webcontainer.faces.application] (default task-1) Created component with component type of 'jakarta.faces.HtmlPanelGroup'
[0m[32m14:37:00,176 FINE  [jakarta.enterprise.resource.webcontainer.faces.facelets.tag.component] (default task-1) /index.xhtml @13,60 <h:panelGroup> Component[2059540600_7ac21823] Created: jakarta.faces.component.html.HtmlPanelGroup
[0m[32m14:37:00,177 FINE  [jakarta.enterprise.resource.webcontainer.faces.application] (default task-1) Created component with component type of 'jakarta.faces.HtmlOutputText'
[0m[32m14:37:00,177 FINE  [jakarta.enterprise.resource.webcontainer.faces.facelets.tag.component] (default task-1) /index.xhtml @15,61 <h:outputText> Component[2059540600_7ac2180d] Created: jakarta.faces.component.html.HtmlOutputText
[0m[32m14:37:00,177 FINE  [jakarta.enterprise.resource.webcontainer.faces.application] (default task-1) Created component with component type of 'jakarta.faces.HtmlPanelGroup'
[0m[32m14:37:00,177 FINE  [jakarta.enterprise.resource.webcontainer.faces.facelets.tag.component] (default task-1) /index.xhtml @17,60 <h:panelGroup> Component[2059540600_7ac218fa] Created: jakarta.faces.component.html.HtmlPanelGroup
[0m[32m14:37:00,178 FINE  [jakarta.enterprise.resource.webcontainer.faces.application] (default task-1) Created component with component type of 'jakarta.faces.HtmlOutputText'
[0m[32m14:37:00,178 FINE  [jakarta.enterprise.resource.webcontainer.faces.facelets.tag.component] (default task-1) /index.xhtml @19,60 <h:outputText> Component[2059540600_7ac218e4] Created: jakarta.faces.component.html.HtmlOutputText
[0m[32m14:37:00,179 FINE  [jakarta.enterprise.resource.webcontainer.faces.application] (default task-1) Created component with component type of 'jakarta.faces.HtmlPanelGroup'
[0m[32m14:37:00,180 FINE  [jakarta.enterprise.resource.webcontainer.faces.facelets.tag.component] (default task-1) /index.xhtml @21,61 <h:panelGroup> Component[2059540600_7ac218d1] Created: jakarta.faces.component.html.HtmlPanelGroup
[0m[32m14:37:00,181 FINE  [jakarta.enterprise.resource.webcontainer.faces.application] (default task-1) Created component with component type of 'jakarta.faces.HtmlOutputText'
[0m[32m14:37:00,181 FINE  [jakarta.enterprise.resource.webcontainer.faces.facelets.tag.component] (default task-1) /index.xhtml @23,59 <h:outputText> Component[2059540600_7ac218bb] Created: jakarta.faces.component.html.HtmlOutputText
[0m[32m14:37:00,182 FINE  [jakarta.enterprise.resource.webcontainer.faces.application] (default task-1) Created component with component type of 'jakarta.faces.HtmlForm'
[0m[32m14:37:00,182 FINE  [jakarta.enterprise.resource.webcontainer.faces.facelets.tag.component] (default task-1) /index.xhtml @26,11 <h:form> Component[2059540600_7ac218a8] Created: jakarta.faces.component.html.HtmlForm
[0m[32m14:37:00,182 FINE  [jakarta.enterprise.resource.webcontainer.faces.application] (default task-1) Created component with component type of 'jakarta.faces.HtmlPanelGroup'
[0m[32m14:37:00,182 FINE  [jakarta.enterprise.resource.webcontainer.faces.facelets.tag.component] (default task-1) /index.xhtml @27,62 <h:panelGroup> Component[2059540600_7ac21892] Created: jakarta.faces.component.html.HtmlPanelGroup
[0m[32m14:37:00,183 FINE  [jakarta.enterprise.resource.webcontainer.faces.application] (default task-1) Created component with component type of 'jakarta.faces.HtmlCommandButton'
[0m[32m14:37:00,183 FINE  [jakarta.enterprise.resource.webcontainer.faces.facelets.tag.component] (default task-1) /index.xhtml @29,119 <h:commandButton> Component[2059540600_7ac2197c] Created: jakarta.faces.component.html.HtmlCommandButton
[0m[32m14:37:00,183 FINE  [jakarta.enterprise.resource.webcontainer.faces.application] (default task-1) Created component with component type of 'jakarta.faces.HtmlCommandButton'
[0m[32m14:37:00,184 FINE  [jakarta.enterprise.resource.webcontainer.faces.facelets.tag.component] (default task-1) /index.xhtml @30,112 <h:commandButton> Component[2059540600_7ac21969] Created: jakarta.faces.component.html.HtmlCommandButton
[0m[32m14:37:00,184 FINE  [jakarta.enterprise.resource.webcontainer.faces.application] (default task-1) Created component with component type of 'jakarta.faces.HtmlPanelGroup'
[0m[32m14:37:00,184 FINE  [jakarta.enterprise.resource.webcontainer.faces.facelets.tag.component] (default task-1) /index.xhtml @33,34 <h:panelGroup> Component[2059540600_7ac21966] Created: jakarta.faces.component.html.HtmlPanelGroup
[0m[32m14:37:00,184 FINE  [jakarta.enterprise.resource.webcontainer.faces.application] (default task-1) Created component with component type of 'jakarta.faces.HtmlCommandButton'
[0m[32m14:37:00,185 FINE  [jakarta.enterprise.resource.webcontainer.faces.facelets.tag.component] (default task-1) /index.xhtml @35,124 <h:commandButton> Component[2059540600_7ac21940] Created: jakarta.faces.component.html.HtmlCommandButton
[0m[32m14:37:00,185 FINE  [jakarta.enterprise.resource.webcontainer.faces.application] (default task-1) Created component with component type of 'jakarta.faces.HtmlCommandButton'
[0m[32m14:37:00,185 FINE  [jakarta.enterprise.resource.webcontainer.faces.facelets.tag.component] (default task-1) /index.xhtml @36,117 <h:commandButton> Component[2059540600_7ac2193d] Created: jakarta.faces.component.html.HtmlCommandButton
[0m[32m14:37:00,187 FINE  [jakarta.enterprise.resource.webcontainer.faces.application] (default task-1) Rendering View: /index.xhtml
[0m[32m14:37:00,192 DEBUG [org.wildfly.clustering.marshalling.ByteBufferMarshalledValue] (default task-1) Marshalled size of java.util.concurrent.ConcurrentHashMap object = 588 bytes
[0m[32m14:37:00,206 FINE  [jakarta.enterprise.resource.webcontainer.faces.renderkit] (default task-1) component.getValue() returned rrXSaw-RjaDpiY-vqokHaNn49DskdFwEKEwN-5ZH
[0m[32m14:37:00,207 FINE  [jakarta.enterprise.resource.webcontainer.faces.renderkit] (default task-1) Value to be rendered rrXSaw-RjaDpiY-vqokHaNn49DskdFwEKEwN-5ZH
[0m[32m14:37:00,209 FINE  [jakarta.enterprise.resource.webcontainer.faces.renderkit] (default task-1) component.getValue() returned 060a48fb51ef
[0m[32m14:37:00,209 FINE  [jakarta.enterprise.resource.webcontainer.faces.renderkit] (default task-1) Value to be rendered 060a48fb51ef
[0m[32m14:37:00,210 FINE  [jakarta.enterprise.resource.webcontainer.faces.renderkit] (default task-1) component.getValue() returned 0
[0m[32m14:37:00,211 FINE  [jakarta.enterprise.resource.webcontainer.faces.application] (default task-1) Created converter of type 'jakarta.faces.convert.IntegerConverter'
[0m[32m14:37:00,212 FINE  [jakarta.enterprise.resource.webcontainer.faces.renderkit] (default task-1) Value to be rendered 0
[0m[32m14:37:00,214 FINE  [jakarta.enterprise.resource.webcontainer.faces.application] (default task-1) Begin writing marker for viewId /index.xhtml
[0m[32m14:37:00,214 FINE  [jakarta.enterprise.resource.webcontainer.faces.application] (default task-1) End writing marker for viewId /index.xhtml
[0m[32m14:37:00,215 FINE  [jakarta.faces.component] (default task-1) j_id1
[0m[32m14:37:00,215 FINE  [jakarta.enterprise.resource.webcontainer.faces.lifecycle] (default task-1) Exiting RenderResponsePhase
[0m[32m14:37:00,216 FINE  [jakarta.enterprise.resource.webcontainer.faces.timing] (default task-1)  [TIMING] - [42ms] : Execution time for phase (including any PhaseListeners) -> RENDER_RESPONSE 6
[0m[32m14:37:00,217 DEBUG [io.undertow.request.io] (default task-1) UT005013: An IOException occurred: java.net.SocketException: Connection reset
	at java.base/sun.nio.ch.SocketChannelImpl.throwConnectionReset(SocketChannelImpl.java:401)
	at java.base/sun.nio.ch.SocketChannelImpl.read(SocketChannelImpl.java:434)
	at org.jboss.xnio.nio@3.8.16.Final-redhat-00001//org.xnio.nio.NioSocketConduit.read(NioSocketConduit.java:289)
	at org.jboss.xnio@3.8.16.Final-redhat-00001//org.xnio.conduits.AbstractStreamSourceConduit.read(AbstractStreamSourceConduit.java:51)
	at io.undertow.core@2.3.23.SP3-redhat-00001//io.undertow.conduits.ReadTimeoutStreamSourceConduit.read(ReadTimeoutStreamSourceConduit.java:181)
	at org.jboss.xnio@3.8.16.Final-redhat-00001//org.xnio.conduits.AbstractStreamSourceConduit.read(AbstractStreamSourceConduit.java:51)
	at io.undertow.core@2.3.23.SP3-redhat-00001//io.undertow.conduits.BytesReceivedStreamSourceConduit.read(BytesReceivedStreamSourceConduit.java:67)
	at org.jboss.xnio@3.8.16.Final-redhat-00001//org.xnio.conduits.ConduitStreamSourceChannel.read(ConduitStreamSourceChannel.java:127)
	at io.undertow.core@2.3.23.SP3-redhat-00001//io.undertow.util.ConnectionUtils.doDrain(ConnectionUtils.java:96)
	at io.undertow.core@2.3.23.SP3-redhat-00001//io.undertow.util.ConnectionUtils.cleanClose(ConnectionUtils.java:74)
	at io.undertow.core@2.3.23.SP3-redhat-00001//io.undertow.server.protocol.http.HttpReadListener.exchangeComplete(HttpReadListener.java:374)
	at io.undertow.core@2.3.23.SP3-redhat-00001//io.undertow.server.protocol.http.HttpServerConnection.exchangeComplete(HttpServerConnection.java:244)
	at io.undertow.core@2.3.23.SP3-redhat-00001//io.undertow.server.HttpServerExchange$ExchangeCompleteNextListener.proceed(HttpServerExchange.java:2062)
	at io.undertow.core@2.3.23.SP3-redhat-00001//io.undertow.server.ConnectorStatisticsImpl$1.exchangeEvent(ConnectorStatisticsImpl.java:75)
	at io.undertow.core@2.3.23.SP3-redhat-00001//io.undertow.server.HttpServerExchange$ExchangeCompleteNextListener.proceed(HttpServerExchange.java:2060)
	at io.undertow.core@2.3.23.SP3-redhat-00001//io.undertow.server.handlers.MetricsHandler$2.exchangeEvent(MetricsHandler.java:60)
	at io.undertow.core@2.3.23.SP3-redhat-00001//io.undertow.server.HttpServerExchange.invokeExchangeCompleteListeners(HttpServerExchange.java:1436)
	at io.undertow.core@2.3.23.SP3-redhat-00001//io.undertow.server.HttpServerExchange.terminateResponse(HttpServerExchange.java:1723)
	at io.undertow.core@2.3.23.SP3-redhat-00001//io.undertow.server.Connectors.terminateResponse(Connectors.java:198)
	at io.undertow.core@2.3.23.SP3-redhat-00001//io.undertow.server.protocol.http.ServerFixedLengthStreamSinkConduit.channelFinished(ServerFixedLengthStreamSinkConduit.java:58)
	at io.undertow.core@2.3.23.SP3-redhat-00001//io.undertow.conduits.AbstractFixedLengthStreamSinkConduit.exitFlush(AbstractFixedLengthStreamSinkConduit.java:316)
	at io.undertow.core@2.3.23.SP3-redhat-00001//io.undertow.conduits.AbstractFixedLengthStreamSinkConduit.flush(AbstractFixedLengthStreamSinkConduit.java:234)
	at org.jboss.xnio@3.8.16.Final-redhat-00001//org.xnio.conduits.ConduitStreamSinkChannel.flush(ConduitStreamSinkChannel.java:162)
	at io.undertow.core@2.3.23.SP3-redhat-00001//io.undertow.channels.DetachableStreamSinkChannel.flush(DetachableStreamSinkChannel.java:119)
	at org.jboss.xnio@3.8.16.Final-redhat-00001//org.xnio.channels.Channels.flushBlocking(Channels.java:63)
	at io.undertow.servlet@2.3.23.SP3-redhat-00001//io.undertow.servlet.spec.ServletOutputStreamImpl.close(ServletOutputStreamImpl.java:654)
	at io.undertow.servlet@2.3.23.SP3-redhat-00001//io.undertow.servlet.spec.ServletPrintWriter.close(ServletPrintWriter.java:130)
	at io.undertow.servlet@2.3.23.SP3-redhat-00001//io.undertow.servlet.spec.ServletPrintWriterDelegate.close(ServletPrintWriterDelegate.java:79)
	at io.undertow.servlet@2.3.23.SP3-redhat-00001//io.undertow.servlet.spec.HttpServletResponseImpl.closeStreamAndWriter(HttpServletResponseImpl.java:505)
	at io.undertow.servlet@2.3.23.SP3-redhat-00001//io.undertow.servlet.spec.HttpServletResponseImpl.responseDone(HttpServletResponseImpl.java:606)
	at io.undertow.servlet@2.3.23.SP3-redhat-00001//io.undertow.servlet.handlers.ServletInitialHandler.handleFirstRequest(ServletInitialHandler.java:330)
	at io.undertow.servlet@2.3.23.SP3-redhat-00001//io.undertow.servlet.handlers.ServletInitialHandler$1.call(ServletInitialHandler.java:130)
	at io.undertow.servlet@2.3.23.SP3-redhat-00001//io.undertow.servlet.handlers.ServletInitialHandler$1.call(ServletInitialHandler.java:127)
	at io.undertow.servlet@2.3.23.SP3-redhat-00001//io.undertow.servlet.core.ServletRequestContextThreadSetupAction$1.call(ServletRequestContextThreadSetupAction.java:48)
	at io.undertow.servlet@2.3.23.SP3-redhat-00001//io.undertow.servlet.core.ContextClassLoaderSetupAction$1.call(ContextClassLoaderSetupAction.java:43)
	at org.wildfly.extension.undertow@8.1.1.GA-redhat-00012//org.wildfly.extension.undertow.deployment.UndertowDeploymentInfoService$UndertowThreadSetupAction.lambda$create$0(UndertowDeploymentInfoService.java:1421)
	at org.wildfly.extension.undertow@8.1.1.GA-redhat-00012//org.wildfly.extension.undertow.deployment.UndertowDeploymentInfoService$UndertowThreadSetupAction.lambda$create$0(UndertowDeploymentInfoService.java:1421)
	at org.wildfly.extension.undertow@8.1.1.GA-redhat-00012//org.wildfly.extension.undertow.deployment.UndertowDeploymentInfoService$UndertowThreadSetupAction.lambda$create$0(UndertowDeploymentInfoService.java:1421)
	at org.wildfly.extension.undertow@8.1.1.GA-redhat-00012//org.wildfly.extension.undertow.deployment.UndertowDeploymentInfoService$UndertowThreadSetupAction.lambda$create$0(UndertowDeploymentInfoService.java:1421)
	at io.undertow.servlet@2.3.23.SP3-redhat-00001//io.undertow.servlet.handlers.ServletInitialHandler.dispatchRequest(ServletInitialHandler.java:251)
	at io.undertow.servlet@2.3.23.SP3-redhat-00001//io.undertow.servlet.handlers.ServletInitialHandler.lambda$new$1(ServletInitialHandler.java:99)
	at io.undertow.core@2.3.23.SP3-redhat-00001//io.undertow.server.Connectors.executeRootHandler(Connectors.java:418)
	at io.undertow.core@2.3.23.SP3-redhat-00001//io.undertow.server.HttpServerExchange$1.run(HttpServerExchange.java:938)
	at org.jboss.threads@2.5.0.redhat-00001//org.jboss.threads.ContextClassLoaderSavingRunnable.run(ContextClassLoaderSavingRunnable.java:35)
	at org.jboss.threads@2.5.0.redhat-00001//org.jboss.threads.EnhancedQueueExecutor.safeRun(EnhancedQueueExecutor.java:2024)
	at org.jboss.threads@2.5.0.redhat-00001//org.jboss.threads.EnhancedQueueExecutor$ThreadBody.doRunTask(EnhancedQueueExecutor.java:1520)
	at org.jboss.threads@2.5.0.redhat-00001//org.jboss.threads.EnhancedQueueExecutor$ThreadBody.run(EnhancedQueueExecutor.java:1411)
	at org.jboss.xnio@3.8.16.Final-redhat-00001//org.xnio.XnioWorker$WorkerThreadFactory$1$1.run(XnioWorker.java:1282)
	at java.base/java.lang.Thread.run(Thread.java:1583)

[0m[32m14:37:00,221 DEBUG [org.wildfly.clustering.marshalling.ByteBufferMarshalledValue] (default task-1) Marshalled size of java.util.concurrent.ConcurrentHashMap object = 1884 bytes
[0m[32m14:37:02,219 DEBUG [io.undertow.request] (default I/O-3) Matched default handler path /index.xhtml
[0m[32m14:37:02,220 FINE  [jakarta.enterprise.resource.webcontainer.faces.lifecycle] (default task-1) execute(com.sun.faces.context.FacesContextImpl@539f94ee)
[0m[32m14:37:02,221 FINE  [jakarta.enterprise.resource.webcontainer.faces.lifecycle] (default task-1) Entering RestoreViewPhase
[0m[32m14:37:02,221 FINE  [jakarta.enterprise.resource.webcontainer.faces.application] (default task-1) Created component with component type of 'jakarta.faces.ViewRoot'
[0m[32m14:37:02,221 FINE  [jakarta.enterprise.resource.webcontainer.faces.application] (default task-1) Created component with component type of 'jakarta.faces.ViewRoot'
[0m[32m14:37:02,221 FINE  [jakarta.enterprise.resource.webcontainer.faces.application] (default task-1) Created component with component type of 'jakarta.faces.ViewRoot'
[0m[32m14:37:02,221 FINE  [jakarta.enterprise.resource.webcontainer.faces.lifecycle] (default task-1) New request: creating a view for /index.xhtml
[0m[32m14:37:02,221 FINE  [jakarta.enterprise.resource.webcontainer.faces.application] (default task-1) Created component with component type of 'jakarta.faces.ViewRoot'
[0m[32m14:37:02,221 FINE  [jakarta.enterprise.resource.webcontainer.faces.application] (default task-1) Created new view for /index.xhtml
[0m[32m14:37:02,222 FINE  [jakarta.enterprise.resource.webcontainer.faces.application] (default task-1) Locale for this view as determined by calculateLocale en_US
[0m[32m14:37:02,222 FINE  [jakarta.enterprise.resource.webcontainer.faces.application] (default task-1) Created component with component type of 'jakarta.faces.ViewRoot'
[0m[32m14:37:02,222 FINE  [jakarta.enterprise.resource.webcontainer.faces.application] (default task-1) RenderKitId for this view as determined by calculateRenderKitId HTML_BASIC
[0m[32m14:37:02,222 FINE  [jakarta.enterprise.resource.webcontainer.faces.lifecycle] (default task-1) Exiting RestoreViewPhase
[0m[32m14:37:02,223 FINE  [jakarta.enterprise.resource.webcontainer.faces.timing] (default task-1)  [TIMING] - [1ms] : Execution time for phase (including any PhaseListeners) -> RESTORE_VIEW 1
[0m[32m14:37:02,223 FINE  [jakarta.enterprise.resource.webcontainer.faces.lifecycle] (default task-1) render(com.sun.faces.context.FacesContextImpl@539f94ee)
[0m[32m14:37:02,223 FINE  [jakarta.enterprise.resource.webcontainer.faces.lifecycle] (default task-1) Entering RenderResponsePhase
[0m[32m14:37:02,223 FINE  [jakarta.enterprise.resource.webcontainer.faces.lifecycle] (default task-1) About to render view /index.xhtml
[0m[32m14:37:02,223 FINE  [jakarta.enterprise.resource.webcontainer.faces.application] (default task-1) Building View: /index.xhtml
[0m[32m14:37:02,223 FINE  [jakarta.enterprise.resource.webcontainer.faces.application] (default task-1) Created component with component type of 'jakarta.faces.Output'
[0m[32m14:37:02,224 FINE  [jakarta.enterprise.resource.webcontainer.faces.facelets.tag.component] (default task-1) /index.xhtml @6,11 <h:head> Component[2059540600_7ac2185f] Created: jakarta.faces.component.UIOutput
[0m[32m14:37:02,224 FINE  [jakarta.enterprise.resource.webcontainer.faces.application] (default task-1) Created component with component type of 'jakarta.faces.OutputBody'
[0m[32m14:37:02,224 FINE  [jakarta.enterprise.resource.webcontainer.faces.facelets.tag.component] (default task-1) /index.xhtml @10,11 <h:body> Component[2059540600_7ac21839] Created: jakarta.faces.component.html.HtmlBody
[0m[32m14:37:02,224 FINE  [jakarta.enterprise.resource.webcontainer.faces.application] (default task-1) Created component with component type of 'jakarta.faces.HtmlPanelGroup'
[0m[32m14:37:02,224 FINE  [jakarta.enterprise.resource.webcontainer.faces.facelets.tag.component] (default task-1) /index.xhtml @13,60 <h:panelGroup> Component[2059540600_7ac21823] Created: jakarta.faces.component.html.HtmlPanelGroup
[0m[32m14:37:02,224 FINE  [jakarta.enterprise.resource.webcontainer.faces.application] (default task-1) Created component with component type of 'jakarta.faces.HtmlOutputText'
[0m[32m14:37:02,224 FINE  [jakarta.enterprise.resource.webcontainer.faces.facelets.tag.component] (default task-1) /index.xhtml @15,61 <h:outputText> Component[2059540600_7ac2180d] Created: jakarta.faces.component.html.HtmlOutputText
[0m[32m14:37:02,224 FINE  [jakarta.enterprise.resource.webcontainer.faces.application] (default task-1) Created component with component type of 'jakarta.faces.HtmlPanelGroup'
[0m[32m14:37:02,225 FINE  [jakarta.enterprise.resource.webcontainer.faces.facelets.tag.component] (default task-1) /index.xhtml @17,60 <h:panelGroup> Component[2059540600_7ac218fa] Created: jakarta.faces.component.html.HtmlPanelGroup
[0m[32m14:37:02,225 FINE  [jakarta.enterprise.resource.webcontainer.faces.application] (default task-1) Created component with component type of 'jakarta.faces.HtmlOutputText'
[0m[32m14:37:02,225 FINE  [jakarta.enterprise.resource.webcontainer.faces.facelets.tag.component] (default task-1) /index.xhtml @19,60 <h:outputText> Component[2059540600_7ac218e4] Created: jakarta.faces.component.html.HtmlOutputText
[0m[32m14:37:02,225 FINE  [jakarta.enterprise.resource.webcontainer.faces.application] (default task-1) Created component with component type of 'jakarta.faces.HtmlPanelGroup'
[0m[32m14:37:02,225 FINE  [jakarta.enterprise.resource.webcontainer.faces.facelets.tag.component] (default task-1) /index.xhtml @21,61 <h:panelGroup> Component[2059540600_7ac218d1] Created: jakarta.faces.component.html.HtmlPanelGroup
[0m[32m14:37:02,225 FINE  [jakarta.enterprise.resource.webcontainer.faces.application] (default task-1) Created component with component type of 'jakarta.faces.HtmlOutputText'
[0m[32m14:37:02,225 FINE  [jakarta.enterprise.resource.webcontainer.faces.facelets.tag.component] (default task-1) /index.xhtml @23,59 <h:outputText> Component[2059540600_7ac218bb] Created: jakarta.faces.component.html.HtmlOutputText
[0m[32m14:37:02,225 FINE  [jakarta.enterprise.resource.webcontainer.faces.application] (default task-1) Created component with component type of 'jakarta.faces.HtmlForm'
[0m[32m14:37:02,225 FINE  [jakarta.enterprise.resource.webcontainer.faces.facelets.tag.component] (default task-1) /index.xhtml @26,11 <h:form> Component[2059540600_7ac218a8] Created: jakarta.faces.component.html.HtmlForm
[0m[32m14:37:02,225 FINE  [jakarta.enterprise.resource.webcontainer.faces.application] (default task-1) Created component with component type of 'jakarta.faces.HtmlPanelGroup'
[0m[32m14:37:02,226 FINE  [jakarta.enterprise.resource.webcontainer.faces.facelets.tag.component] (default task-1) /index.xhtml @27,62 <h:panelGroup> Component[2059540600_7ac21892] Created: jakarta.faces.component.html.HtmlPanelGroup
[0m[32m14:37:02,226 FINE  [jakarta.enterprise.resource.webcontainer.faces.application] (default task-1) Created component with component type of 'jakarta.faces.HtmlCommandButton'
[0m[32m14:37:02,226 FINE  [jakarta.enterprise.resource.webcontainer.faces.facelets.tag.component] (default task-1) /index.xhtml @29,119 <h:commandButton> Component[2059540600_7ac2197c] Created: jakarta.faces.component.html.HtmlCommandButton
[0m[32m14:37:02,226 FINE  [jakarta.enterprise.resource.webcontainer.faces.application] (default task-1) Created component with component type of 'jakarta.faces.HtmlCommandButton'
[0m[32m14:37:02,226 FINE  [jakarta.enterprise.resource.webcontainer.faces.facelets.tag.component] (default task-1) /index.xhtml @30,112 <h:commandButton> Component[2059540600_7ac21969] Created: jakarta.faces.component.html.HtmlCommandButton
[0m[32m14:37:02,226 FINE  [jakarta.enterprise.resource.webcontainer.faces.application] (default task-1) Created component with component type of 'jakarta.faces.HtmlPanelGroup'
[0m[32m14:37:02,226 FINE  [jakarta.enterprise.resource.webcontainer.faces.facelets.tag.component] (default task-1) /index.xhtml @33,34 <h:panelGroup> Component[2059540600_7ac21966] Created: jakarta.faces.component.html.HtmlPanelGroup
[0m[32m14:37:02,226 FINE  [jakarta.enterprise.resource.webcontainer.faces.application] (default task-1) Created component with component type of 'jakarta.faces.HtmlCommandButton'
[0m[32m14:37:02,226 FINE  [jakarta.enterprise.resource.webcontainer.faces.facelets.tag.component] (default task-1) /index.xhtml @35,124 <h:commandButton> Component[2059540600_7ac21940] Created: jakarta.faces.component.html.HtmlCommandButton
[0m[32m14:37:02,226 FINE  [jakarta.enterprise.resource.webcontainer.faces.application] (default task-1) Created component with component type of 'jakarta.faces.HtmlCommandButton'
[0m[32m14:37:02,226 FINE  [jakarta.enterprise.resource.webcontainer.faces.facelets.tag.component] (default task-1) /index.xhtml @36,117 <h:commandButton> Component[2059540600_7ac2193d] Created: jakarta.faces.component.html.HtmlCommandButton
[0m[32m14:37:02,227 FINE  [jakarta.enterprise.resource.webcontainer.faces.application] (default task-1) Rendering View: /index.xhtml
[0m[32m14:37:02,229 DEBUG [org.wildfly.clustering.marshalling.ByteBufferMarshalledValue] (default task-1) Marshalled size of java.util.concurrent.ConcurrentHashMap object = 588 bytes
[0m[32m14:37:02,232 FINE  [jakarta.enterprise.resource.webcontainer.faces.renderkit] (default task-1) component.getValue() returned CEpO8phF3X-icSRpB6YwCUK2PNMy-S6l_WaL9WBU
[0m[32m14:37:02,232 FINE  [jakarta.enterprise.resource.webcontainer.faces.renderkit] (default task-1) Value to be rendered CEpO8phF3X-icSRpB6YwCUK2PNMy-S6l_WaL9WBU
[0m[32m14:37:02,232 FINE  [jakarta.enterprise.resource.webcontainer.faces.renderkit] (default task-1) component.getValue() returned 060a48fb51ef
[0m[32m14:37:02,232 FINE  [jakarta.enterprise.resource.webcontainer.faces.renderkit] (default task-1) Value to be rendered 060a48fb51ef
[0m[32m14:37:02,233 FINE  [jakarta.enterprise.resource.webcontainer.faces.renderkit] (default task-1) component.getValue() returned 0
[0m[32m14:37:02,233 FINE  [jakarta.enterprise.resource.webcontainer.faces.application] (default task-1) Created converter of type 'jakarta.faces.convert.IntegerConverter'
[0m[32m14:37:02,233 FINE  [jakarta.enterprise.resource.webcontainer.faces.renderkit] (default task-1) Value to be rendered 0
[0m[32m14:37:02,234 FINE  [jakarta.enterprise.resource.webcontainer.faces.application] (default task-1) Begin writing marker for viewId /index.xhtml
[0m[32m14:37:02,234 FINE  [jakarta.enterprise.resource.webcontainer.faces.application] (default task-1) End writing marker for viewId /index.xhtml
[0m[32m14:37:02,235 FINE  [jakarta.faces.component] (default task-1) j_id1
[0m[32m14:37:02,235 FINE  [jakarta.enterprise.resource.webcontainer.faces.lifecycle] (default task-1) Exiting RenderResponsePhase
[0m[32m14:37:02,235 FINE  [jakarta.enterprise.resource.webcontainer.faces.timing] (default task-1)  [TIMING] - [12ms] : Execution time for phase (including any PhaseListeners) -> RENDER_RESPONSE 6
[0m[32m14:37:02,237 DEBUG [org.wildfly.clustering.marshalling.ByteBufferMarshalledValue] (default task-1) Marshalled size of java.util.concurrent.ConcurrentHashMap object = 1884 bytes
[0m[32m14:37:03,595 DEBUG [io.undertow.request] (default I/O-2) Matched default handler path /.well-known/appspecific/com.chrome.devtools.json
[0m[32m14:37:04,239 DEBUG [io.undertow.request] (default I/O-2) Matched default handler path /index.xhtml
[0m[32m14:37:04,240 FINE  [jakarta.enterprise.resource.webcontainer.faces.lifecycle] (default task-1) execute(com.sun.faces.context.FacesContextImpl@244c0e0d)
[0m[32m14:37:04,240 FINE  [jakarta.enterprise.resource.webcontainer.faces.lifecycle] (default task-1) Entering RestoreViewPhase
[0m[32m14:37:04,240 FINE  [jakarta.enterprise.resource.webcontainer.faces.application] (default task-1) Created component with component type of 'jakarta.faces.ViewRoot'
[0m[32m14:37:04,240 FINE  [jakarta.enterprise.resource.webcontainer.faces.application] (default task-1) Created component with component type of 'jakarta.faces.ViewRoot'
[0m[32m14:37:04,240 FINE  [jakarta.enterprise.resource.webcontainer.faces.application] (default task-1) Created component with component type of 'jakarta.faces.ViewRoot'
[0m[32m14:37:04,240 FINE  [jakarta.enterprise.resource.webcontainer.faces.lifecycle] (default task-1) New request: creating a view for /index.xhtml
[0m[32m14:37:04,241 FINE  [jakarta.enterprise.resource.webcontainer.faces.application] (default task-1) Created component with component type of 'jakarta.faces.ViewRoot'
[0m[32m14:37:04,241 FINE  [jakarta.enterprise.resource.webcontainer.faces.application] (default task-1) Created new view for /index.xhtml
[0m[32m14:37:04,241 FINE  [jakarta.enterprise.resource.webcontainer.faces.application] (default task-1) Locale for this view as determined by calculateLocale en_US
[0m[32m14:37:04,241 FINE  [jakarta.enterprise.resource.webcontainer.faces.application] (default task-1) Created component with component type of 'jakarta.faces.ViewRoot'
[0m[32m14:37:04,241 FINE  [jakarta.enterprise.resource.webcontainer.faces.application] (default task-1) RenderKitId for this view as determined by calculateRenderKitId HTML_BASIC
[0m[32m14:37:04,242 FINE  [jakarta.enterprise.resource.webcontainer.faces.lifecycle] (default task-1) Exiting RestoreViewPhase
[0m[32m14:37:04,242 FINE  [jakarta.enterprise.resource.webcontainer.faces.timing] (default task-1)  [TIMING] - [2ms] : Execution time for phase (including any PhaseListeners) -> RESTORE_VIEW 1
[0m[32m14:37:04,242 FINE  [jakarta.enterprise.resource.webcontainer.faces.lifecycle] (default task-1) render(com.sun.faces.context.FacesContextImpl@244c0e0d)
[0m[32m14:37:04,242 FINE  [jakarta.enterprise.resource.webcontainer.faces.lifecycle] (default task-1) Entering RenderResponsePhase
[0m[32m14:37:04,242 FINE  [jakarta.enterprise.resource.webcontainer.faces.lifecycle] (default task-1) About to render view /index.xhtml
[0m[32m14:37:04,242 FINE  [jakarta.enterprise.resource.webcontainer.faces.application] (default task-1) Building View: /index.xhtml
[0m[32m14:37:04,242 FINE  [jakarta.enterprise.resource.webcontainer.faces.application] (default task-1) Created component with component type of 'jakarta.faces.Output'
[0m[32m14:37:04,243 FINE  [jakarta.enterprise.resource.webcontainer.faces.facelets.tag.component] (default task-1) /index.xhtml @6,11 <h:head> Component[2059540600_7ac2185f] Created: jakarta.faces.component.UIOutput
[0m[32m14:37:04,243 FINE  [jakarta.enterprise.resource.webcontainer.faces.application] (default task-1) Created component with component type of 'jakarta.faces.OutputBody'
[0m[32m14:37:04,243 FINE  [jakarta.enterprise.resource.webcontainer.faces.facelets.tag.component] (default task-1) /index.xhtml @10,11 <h:body> Component[2059540600_7ac21839] Created: jakarta.faces.component.html.HtmlBody
[0m[32m14:37:04,243 FINE  [jakarta.enterprise.resource.webcontainer.faces.application] (default task-1) Created component with component type of 'jakarta.faces.HtmlPanelGroup'
[0m[32m14:37:04,243 FINE  [jakarta.enterprise.resource.webcontainer.faces.facelets.tag.component] (default task-1) /index.xhtml @13,60 <h:panelGroup> Component[2059540600_7ac21823] Created: jakarta.faces.component.html.HtmlPanelGroup
[0m[32m14:37:04,243 FINE  [jakarta.enterprise.resource.webcontainer.faces.application] (default task-1) Created component with component type of 'jakarta.faces.HtmlOutputText'
[0m[32m14:37:04,243 FINE  [jakarta.enterprise.resource.webcontainer.faces.facelets.tag.component] (default task-1) /index.xhtml @15,61 <h:outputText> Component[2059540600_7ac2180d] Created: jakarta.faces.component.html.HtmlOutputText
[0m[32m14:37:04,243 FINE  [jakarta.enterprise.resource.webcontainer.faces.application] (default task-1) Created component with component type of 'jakarta.faces.HtmlPanelGroup'
[0m[32m14:37:04,244 FINE  [jakarta.enterprise.resource.webcontainer.faces.facelets.tag.component] (default task-1) /index.xhtml @17,60 <h:panelGroup> Component[2059540600_7ac218fa] Created: jakarta.faces.component.html.HtmlPanelGroup
[0m[32m14:37:04,244 FINE  [jakarta.enterprise.resource.webcontainer.faces.application] (default task-1) Created component with component type of 'jakarta.faces.HtmlOutputText'
[0m[32m14:37:04,244 FINE  [jakarta.enterprise.resource.webcontainer.faces.facelets.tag.component] (default task-1) /index.xhtml @19,60 <h:outputText> Component[2059540600_7ac218e4] Created: jakarta.faces.component.html.HtmlOutputText
[0m[32m14:37:04,244 FINE  [jakarta.enterprise.resource.webcontainer.faces.application] (default task-1) Created component with component type of 'jakarta.faces.HtmlPanelGroup'
[0m[32m14:37:04,244 FINE  [jakarta.enterprise.resource.webcontainer.faces.facelets.tag.component] (default task-1) /index.xhtml @21,61 <h:panelGroup> Component[2059540600_7ac218d1] Created: jakarta.faces.component.html.HtmlPanelGroup
[0m[32m14:37:04,244 FINE  [jakarta.enterprise.resource.webcontainer.faces.application] (default task-1) Created component with component type of 'jakarta.faces.HtmlOutputText'
[0m[32m14:37:04,245 FINE  [jakarta.enterprise.resource.webcontainer.faces.facelets.tag.component] (default task-1) /index.xhtml @23,59 <h:outputText> Component[2059540600_7ac218bb] Created: jakarta.faces.component.html.HtmlOutputText
[0m[32m14:37:04,245 FINE  [jakarta.enterprise.resource.webcontainer.faces.application] (default task-1) Created component with component type of 'jakarta.faces.HtmlForm'
[0m[32m14:37:04,245 FINE  [jakarta.enterprise.resource.webcontainer.faces.facelets.tag.component] (default task-1) /index.xhtml @26,11 <h:form> Component[2059540600_7ac218a8] Created: jakarta.faces.component.html.HtmlForm
[0m[32m14:37:04,245 FINE  [jakarta.enterprise.resource.webcontainer.faces.application] (default task-1) Created component with component type of 'jakarta.faces.HtmlPanelGroup'
[0m[32m14:37:04,245 FINE  [jakarta.enterprise.resource.webcontainer.faces.facelets.tag.component] (default task-1) /index.xhtml @27,62 <h:panelGroup> Component[2059540600_7ac21892] Created: jakarta.faces.component.html.HtmlPanelGroup
[0m[32m14:37:04,245 FINE  [jakarta.enterprise.resource.webcontainer.faces.application] (default task-1) Created component with component type of 'jakarta.faces.HtmlCommandButton'
[0m[32m14:37:04,245 FINE  [jakarta.enterprise.resource.webcontainer.faces.facelets.tag.component] (default task-1) /index.xhtml @29,119 <h:commandButton> Component[2059540600_7ac2197c] Created: jakarta.faces.component.html.HtmlCommandButton
[0m[32m14:37:04,245 FINE  [jakarta.enterprise.resource.webcontainer.faces.application] (default task-1) Created component with component type of 'jakarta.faces.HtmlCommandButton'
[0m[32m14:37:04,245 FINE  [jakarta.enterprise.resource.webcontainer.faces.facelets.tag.component] (default task-1) /index.xhtml @30,112 <h:commandButton> Component[2059540600_7ac21969] Created: jakarta.faces.component.html.HtmlCommandButton
[0m[32m14:37:04,245 FINE  [jakarta.enterprise.resource.webcontainer.faces.application] (default task-1) Created component with component type of 'jakarta.faces.HtmlPanelGroup'
[0m[32m14:37:04,245 FINE  [jakarta.enterprise.resource.webcontainer.faces.facelets.tag.component] (default task-1) /index.xhtml @33,34 <h:panelGroup> Component[2059540600_7ac21966] Created: jakarta.faces.component.html.HtmlPanelGroup
[0m[32m14:37:04,245 FINE  [jakarta.enterprise.resource.webcontainer.faces.application] (default task-1) Created component with component type of 'jakarta.faces.HtmlCommandButton'
[0m[32m14:37:04,245 FINE  [jakarta.enterprise.resource.webcontainer.faces.facelets.tag.component] (default task-1) /index.xhtml @35,124 <h:commandButton> Component[2059540600_7ac21940] Created: jakarta.faces.component.html.HtmlCommandButton
[0m[32m14:37:04,246 FINE  [jakarta.enterprise.resource.webcontainer.faces.application] (default task-1) Created component with component type of 'jakarta.faces.HtmlCommandButton'
[0m[32m14:37:04,246 FINE  [jakarta.enterprise.resource.webcontainer.faces.facelets.tag.component] (default task-1) /index.xhtml @36,117 <h:commandButton> Component[2059540600_7ac2193d] Created: jakarta.faces.component.html.HtmlCommandButton
[0m[32m14:37:04,246 FINE  [jakarta.enterprise.resource.webcontainer.faces.application] (default task-1) Rendering View: /index.xhtml
[0m[32m14:37:04,248 DEBUG [org.wildfly.clustering.marshalling.ByteBufferMarshalledValue] (default task-1) Marshalled size of java.util.concurrent.ConcurrentHashMap object = 588 bytes
[0m[32m14:37:04,295 FINE  [jakarta.enterprise.resource.webcontainer.faces.renderkit] (default task-1) component.getValue() returned t48g4rIG_uaABTGbgZqzFz6ocQZx2olSVZb_5LKx
[0m[32m14:37:04,295 FINE  [jakarta.enterprise.resource.webcontainer.faces.renderkit] (default task-1) Value to be rendered t48g4rIG_uaABTGbgZqzFz6ocQZx2olSVZb_5LKx
[0m[32m14:37:04,296 FINE  [jakarta.enterprise.resource.webcontainer.faces.renderkit] (default task-1) component.getValue() returned 060a48fb51ef
[0m[32m14:37:04,296 FINE  [jakarta.enterprise.resource.webcontainer.faces.renderkit] (default task-1) Value to be rendered 060a48fb51ef
[0m[32m14:37:04,296 FINE  [jakarta.enterprise.resource.webcontainer.faces.renderkit] (default task-1) component.getValue() returned 0
[0m[32m14:37:04,296 FINE  [jakarta.enterprise.resource.webcontainer.faces.application] (default task-1) Created converter of type 'jakarta.faces.convert.IntegerConverter'
[0m[32m14:37:04,297 FINE  [jakarta.enterprise.resource.webcontainer.faces.renderkit] (default task-1) Value to be rendered 0
[0m[32m14:37:04,297 FINE  [jakarta.enterprise.resource.webcontainer.faces.application] (default task-1) Begin writing marker for viewId /index.xhtml
[0m[32m14:37:04,298 FINE  [jakarta.enterprise.resource.webcontainer.faces.application] (default task-1) End writing marker for viewId /index.xhtml
[0m[32m14:37:04,298 FINE  [jakarta.faces.component] (default task-1) j_id1
[0m[32m14:37:04,298 FINE  [jakarta.enterprise.resource.webcontainer.faces.lifecycle] (default task-1) Exiting RenderResponsePhase
[0m[32m14:37:04,298 FINE  [jakarta.enterprise.resource.webcontainer.faces.timing] (default task-1)  [TIMING] - [56ms] : Execution time for phase (including any PhaseListeners) -> RENDER_RESPONSE 6
[0m[32m14:37:04,300 DEBUG [io.undertow.request.io] (default task-1) UT005013: An IOException occurred: java.net.SocketException: Connection reset
	at java.base/sun.nio.ch.SocketChannelImpl.throwConnectionReset(SocketChannelImpl.java:401)
	at java.base/sun.nio.ch.SocketChannelImpl.read(SocketChannelImpl.java:434)
	at org.jboss.xnio.nio@3.8.16.Final-redhat-00001//org.xnio.nio.NioSocketConduit.read(NioSocketConduit.java:289)
	at org.jboss.xnio@3.8.16.Final-redhat-00001//org.xnio.conduits.AbstractStreamSourceConduit.read(AbstractStreamSourceConduit.java:51)
	at io.undertow.core@2.3.23.SP3-redhat-00001//io.undertow.conduits.ReadTimeoutStreamSourceConduit.read(ReadTimeoutStreamSourceConduit.java:181)
	at org.jboss.xnio@3.8.16.Final-redhat-00001//org.xnio.conduits.AbstractStreamSourceConduit.read(AbstractStreamSourceConduit.java:51)
	at io.undertow.core@2.3.23.SP3-redhat-00001//io.undertow.conduits.BytesReceivedStreamSourceConduit.read(BytesReceivedStreamSourceConduit.java:67)
	at org.jboss.xnio@3.8.16.Final-redhat-00001//org.xnio.conduits.ConduitStreamSourceChannel.read(ConduitStreamSourceChannel.java:127)
	at io.undertow.core@2.3.23.SP3-redhat-00001//io.undertow.util.ConnectionUtils.doDrain(ConnectionUtils.java:96)
	at io.undertow.core@2.3.23.SP3-redhat-00001//io.undertow.util.ConnectionUtils.cleanClose(ConnectionUtils.java:74)
	at io.undertow.core@2.3.23.SP3-redhat-00001//io.undertow.server.protocol.http.HttpReadListener.exchangeComplete(HttpReadListener.java:374)
	at io.undertow.core@2.3.23.SP3-redhat-00001//io.undertow.server.protocol.http.HttpServerConnection.exchangeComplete(HttpServerConnection.java:244)
	at io.undertow.core@2.3.23.SP3-redhat-00001//io.undertow.server.HttpServerExchange$ExchangeCompleteNextListener.proceed(HttpServerExchange.java:2062)
	at io.undertow.core@2.3.23.SP3-redhat-00001//io.undertow.server.ConnectorStatisticsImpl$1.exchangeEvent(ConnectorStatisticsImpl.java:75)
	at io.undertow.core@2.3.23.SP3-redhat-00001//io.undertow.server.HttpServerExchange$ExchangeCompleteNextListener.proceed(HttpServerExchange.java:2060)
	at io.undertow.core@2.3.23.SP3-redhat-00001//io.undertow.server.handlers.MetricsHandler$2.exchangeEvent(MetricsHandler.java:60)
	at io.undertow.core@2.3.23.SP3-redhat-00001//io.undertow.server.HttpServerExchange.invokeExchangeCompleteListeners(HttpServerExchange.java:1436)
	at io.undertow.core@2.3.23.SP3-redhat-00001//io.undertow.server.HttpServerExchange.terminateResponse(HttpServerExchange.java:1723)
	at io.undertow.core@2.3.23.SP3-redhat-00001//io.undertow.server.Connectors.terminateResponse(Connectors.java:198)
	at io.undertow.core@2.3.23.SP3-redhat-00001//io.undertow.server.protocol.http.ServerFixedLengthStreamSinkConduit.channelFinished(ServerFixedLengthStreamSinkConduit.java:58)
	at io.undertow.core@2.3.23.SP3-redhat-00001//io.undertow.conduits.AbstractFixedLengthStreamSinkConduit.exitFlush(AbstractFixedLengthStreamSinkConduit.java:316)
	at io.undertow.core@2.3.23.SP3-redhat-00001//io.undertow.conduits.AbstractFixedLengthStreamSinkConduit.flush(AbstractFixedLengthStreamSinkConduit.java:234)
	at org.jboss.xnio@3.8.16.Final-redhat-00001//org.xnio.conduits.ConduitStreamSinkChannel.flush(ConduitStreamSinkChannel.java:162)
	at io.undertow.core@2.3.23.SP3-redhat-00001//io.undertow.channels.DetachableStreamSinkChannel.flush(DetachableStreamSinkChannel.java:119)
	at org.jboss.xnio@3.8.16.Final-redhat-00001//org.xnio.channels.Channels.flushBlocking(Channels.java:63)
	at io.undertow.servlet@2.3.23.SP3-redhat-00001//io.undertow.servlet.spec.ServletOutputStreamImpl.close(ServletOutputStreamImpl.java:654)
	at io.undertow.servlet@2.3.23.SP3-redhat-00001//io.undertow.servlet.spec.ServletPrintWriter.close(ServletPrintWriter.java:130)
	at io.undertow.servlet@2.3.23.SP3-redhat-00001//io.undertow.servlet.spec.ServletPrintWriterDelegate.close(ServletPrintWriterDelegate.java:79)
	at io.undertow.servlet@2.3.23.SP3-redhat-00001//io.undertow.servlet.spec.HttpServletResponseImpl.closeStreamAndWriter(HttpServletResponseImpl.java:505)
	at io.undertow.servlet@2.3.23.SP3-redhat-00001//io.undertow.servlet.spec.HttpServletResponseImpl.responseDone(HttpServletResponseImpl.java:606)
	at io.undertow.servlet@2.3.23.SP3-redhat-00001//io.undertow.servlet.handlers.ServletInitialHandler.handleFirstRequest(ServletInitialHandler.java:330)
	at io.undertow.servlet@2.3.23.SP3-redhat-00001//io.undertow.servlet.handlers.ServletInitialHandler$1.call(ServletInitialHandler.java:130)
	at io.undertow.servlet@2.3.23.SP3-redhat-00001//io.undertow.servlet.handlers.ServletInitialHandler$1.call(ServletInitialHandler.java:127)
	at io.undertow.servlet@2.3.23.SP3-redhat-00001//io.undertow.servlet.core.ServletRequestContextThreadSetupAction$1.call(ServletRequestContextThreadSetupAction.java:48)
	at io.undertow.servlet@2.3.23.SP3-redhat-00001//io.undertow.servlet.core.ContextClassLoaderSetupAction$1.call(ContextClassLoaderSetupAction.java:43)
	at org.wildfly.extension.undertow@8.1.1.GA-redhat-00012//org.wildfly.extension.undertow.deployment.UndertowDeploymentInfoService$UndertowThreadSetupAction.lambda$create$0(UndertowDeploymentInfoService.java:1421)
	at org.wildfly.extension.undertow@8.1.1.GA-redhat-00012//org.wildfly.extension.undertow.deployment.UndertowDeploymentInfoService$UndertowThreadSetupAction.lambda$create$0(UndertowDeploymentInfoService.java:1421)
	at org.wildfly.extension.undertow@8.1.1.GA-redhat-00012//org.wildfly.extension.undertow.deployment.UndertowDeploymentInfoService$UndertowThreadSetupAction.lambda$create$0(UndertowDeploymentInfoService.java:1421)
	at org.wildfly.extension.undertow@8.1.1.GA-redhat-00012//org.wildfly.extension.undertow.deployment.UndertowDeploymentInfoService$UndertowThreadSetupAction.lambda$create$0(UndertowDeploymentInfoService.java:1421)
	at io.undertow.servlet@2.3.23.SP3-redhat-00001//io.undertow.servlet.handlers.ServletInitialHandler.dispatchRequest(ServletInitialHandler.java:251)
	at io.undertow.servlet@2.3.23.SP3-redhat-00001//io.undertow.servlet.handlers.ServletInitialHandler.lambda$new$1(ServletInitialHandler.java:99)
	at io.undertow.core@2.3.23.SP3-redhat-00001//io.undertow.server.Connectors.executeRootHandler(Connectors.java:418)
	at io.undertow.core@2.3.23.SP3-redhat-00001//io.undertow.server.HttpServerExchange$1.run(HttpServerExchange.java:938)
	at org.jboss.threads@2.5.0.redhat-00001//org.jboss.threads.ContextClassLoaderSavingRunnable.run(ContextClassLoaderSavingRunnable.java:35)
	at org.jboss.threads@2.5.0.redhat-00001//org.jboss.threads.EnhancedQueueExecutor.safeRun(EnhancedQueueExecutor.java:2024)
	at org.jboss.threads@2.5.0.redhat-00001//org.jboss.threads.EnhancedQueueExecutor$ThreadBody.doRunTask(EnhancedQueueExecutor.java:1520)
	at org.jboss.threads@2.5.0.redhat-00001//org.jboss.threads.EnhancedQueueExecutor$ThreadBody.run(EnhancedQueueExecutor.java:1411)
	at org.jboss.xnio@3.8.16.Final-redhat-00001//org.xnio.XnioWorker$WorkerThreadFactory$1$1.run(XnioWorker.java:1282)
	at java.base/java.lang.Thread.run(Thread.java:1583)

[0m[32m14:37:04,301 DEBUG [org.wildfly.clustering.marshalling.ByteBufferMarshalledValue] (default task-1) Marshalled size of java.util.concurrent.ConcurrentHashMap object = 1884 bytes
[0m[32m14:37:05,248 DEBUG [io.undertow.request] (default I/O-2) Matched default handler path /index.xhtml
[0m[32m14:37:05,250 FINE  [jakarta.enterprise.resource.webcontainer.faces.lifecycle] (default task-1) execute(com.sun.faces.context.FacesContextImpl@6f407b34)
[0m[32m14:37:05,251 FINE  [jakarta.enterprise.resource.webcontainer.faces.lifecycle] (default task-1) Entering RestoreViewPhase
[0m[32m14:37:05,251 FINE  [jakarta.enterprise.resource.webcontainer.faces.application] (default task-1) Created component with component type of 'jakarta.faces.ViewRoot'
[0m[32m14:37:05,251 FINE  [jakarta.enterprise.resource.webcontainer.faces.application] (default task-1) Created component with component type of 'jakarta.faces.ViewRoot'
[0m[32m14:37:05,251 FINE  [jakarta.enterprise.resource.webcontainer.faces.application] (default task-1) Created component with component type of 'jakarta.faces.ViewRoot'
[0m[32m14:37:05,251 FINE  [jakarta.enterprise.resource.webcontainer.faces.lifecycle] (default task-1) New request: creating a view for /index.xhtml
[0m[32m14:37:05,251 FINE  [jakarta.enterprise.resource.webcontainer.faces.application] (default task-1) Created component with component type of 'jakarta.faces.ViewRoot'
[0m[32m14:37:05,251 FINE  [jakarta.enterprise.resource.webcontainer.faces.application] (default task-1) Created new view for /index.xhtml
[0m[32m14:37:05,252 FINE  [jakarta.enterprise.resource.webcontainer.faces.application] (default task-1) Locale for this view as determined by calculateLocale en_US
[0m[32m14:37:05,252 FINE  [jakarta.enterprise.resource.webcontainer.faces.application] (default task-1) Created component with component type of 'jakarta.faces.ViewRoot'
[0m[32m14:37:05,252 FINE  [jakarta.enterprise.resource.webcontainer.faces.application] (default task-1) RenderKitId for this view as determined by calculateRenderKitId HTML_BASIC
[0m[32m14:37:05,252 FINE  [jakarta.enterprise.resource.webcontainer.faces.lifecycle] (default task-1) Exiting RestoreViewPhase
[0m[32m14:37:05,252 FINE  [jakarta.enterprise.resource.webcontainer.faces.timing] (default task-1)  [TIMING] - [1ms] : Execution time for phase (including any PhaseListeners) -> RESTORE_VIEW 1
[0m[32m14:37:05,252 FINE  [jakarta.enterprise.resource.webcontainer.faces.lifecycle] (default task-1) render(com.sun.faces.context.FacesContextImpl@6f407b34)
[0m[32m14:37:05,252 FINE  [jakarta.enterprise.resource.webcontainer.faces.lifecycle] (default task-1) Entering RenderResponsePhase
[0m[32m14:37:05,252 FINE  [jakarta.enterprise.resource.webcontainer.faces.lifecycle] (default task-1) About to render view /index.xhtml
[0m[32m14:37:05,253 FINE  [jakarta.enterprise.resource.webcontainer.faces.application] (default task-1) Building View: /index.xhtml
[0m[32m14:37:05,253 FINE  [jakarta.enterprise.resource.webcontainer.faces.application] (default task-1) Created component with component type of 'jakarta.faces.Output'
[0m[32m14:37:05,253 FINE  [jakarta.enterprise.resource.webcontainer.faces.facelets.tag.component] (default task-1) /index.xhtml @6,11 <h:head> Component[2059540600_7ac2185f] Created: jakarta.faces.component.UIOutput
[0m[32m14:37:05,253 FINE  [jakarta.enterprise.resource.webcontainer.faces.application] (default task-1) Created component with component type of 'jakarta.faces.OutputBody'
[0m[32m14:37:05,253 FINE  [jakarta.enterprise.resource.webcontainer.faces.facelets.tag.component] (default task-1) /index.xhtml @10,11 <h:body> Component[2059540600_7ac21839] Created: jakarta.faces.component.html.HtmlBody
[0m[32m14:37:05,254 FINE  [jakarta.enterprise.resource.webcontainer.faces.application] (default task-1) Created component with component type of 'jakarta.faces.HtmlPanelGroup'
[0m[32m14:37:05,254 FINE  [jakarta.enterprise.resource.webcontainer.faces.facelets.tag.component] (default task-1) /index.xhtml @13,60 <h:panelGroup> Component[2059540600_7ac21823] Created: jakarta.faces.component.html.HtmlPanelGroup
[0m[32m14:37:05,254 FINE  [jakarta.enterprise.resource.webcontainer.faces.application] (default task-1) Created component with component type of 'jakarta.faces.HtmlOutputText'
[0m[32m14:37:05,254 FINE  [jakarta.enterprise.resource.webcontainer.faces.facelets.tag.component] (default task-1) /index.xhtml @15,61 <h:outputText> Component[2059540600_7ac2180d] Created: jakarta.faces.component.html.HtmlOutputText
[0m[32m14:37:05,254 FINE  [jakarta.enterprise.resource.webcontainer.faces.application] (default task-1) Created component with component type of 'jakarta.faces.HtmlPanelGroup'
[0m[32m14:37:05,254 FINE  [jakarta.enterprise.resource.webcontainer.faces.facelets.tag.component] (default task-1) /index.xhtml @17,60 <h:panelGroup> Component[2059540600_7ac218fa] Created: jakarta.faces.component.html.HtmlPanelGroup
[0m[32m14:37:05,254 FINE  [jakarta.enterprise.resource.webcontainer.faces.application] (default task-1) Created component with component type of 'jakarta.faces.HtmlOutputText'
[0m[32m14:37:05,254 FINE  [jakarta.enterprise.resource.webcontainer.faces.facelets.tag.component] (default task-1) /index.xhtml @19,60 <h:outputText> Component[2059540600_7ac218e4] Created: jakarta.faces.component.html.HtmlOutputText
[0m[32m14:37:05,254 FINE  [jakarta.enterprise.resource.webcontainer.faces.application] (default task-1) Created component with component type of 'jakarta.faces.HtmlPanelGroup'
[0m[32m14:37:05,254 FINE  [jakarta.enterprise.resource.webcontainer.faces.facelets.tag.component] (default task-1) /index.xhtml @21,61 <h:panelGroup> Component[2059540600_7ac218d1] Created: jakarta.faces.component.html.HtmlPanelGroup
[0m[32m14:37:05,254 FINE  [jakarta.enterprise.resource.webcontainer.faces.application] (default task-1) Created component with component type of 'jakarta.faces.HtmlOutputText'
[0m[32m14:37:05,255 FINE  [jakarta.enterprise.resource.webcontainer.faces.facelets.tag.component] (default task-1) /index.xhtml @23,59 <h:outputText> Component[2059540600_7ac218bb] Created: jakarta.faces.component.html.HtmlOutputText
[0m[32m14:37:05,255 FINE  [jakarta.enterprise.resource.webcontainer.faces.application] (default task-1) Created component with component type of 'jakarta.faces.HtmlForm'
[0m[32m14:37:05,255 FINE  [jakarta.enterprise.resource.webcontainer.faces.facelets.tag.component] (default task-1) /index.xhtml @26,11 <h:form> Component[2059540600_7ac218a8] Created: jakarta.faces.component.html.HtmlForm
[0m[32m14:37:05,255 FINE  [jakarta.enterprise.resource.webcontainer.faces.application] (default task-1) Created component with component type of 'jakarta.faces.HtmlPanelGroup'
[0m[32m14:37:05,255 FINE  [jakarta.enterprise.resource.webcontainer.faces.facelets.tag.component] (default task-1) /index.xhtml @27,62 <h:panelGroup> Component[2059540600_7ac21892] Created: jakarta.faces.component.html.HtmlPanelGroup
[0m[32m14:37:05,255 FINE  [jakarta.enterprise.resource.webcontainer.faces.application] (default task-1) Created component with component type of 'jakarta.faces.HtmlCommandButton'
[0m[32m14:37:05,255 FINE  [jakarta.enterprise.resource.webcontainer.faces.facelets.tag.component] (default task-1) /index.xhtml @29,119 <h:commandButton> Component[2059540600_7ac2197c] Created: jakarta.faces.component.html.HtmlCommandButton
[0m[32m14:37:05,255 FINE  [jakarta.enterprise.resource.webcontainer.faces.application] (default task-1) Created component with component type of 'jakarta.faces.HtmlCommandButton'
[0m[32m14:37:05,255 FINE  [jakarta.enterprise.resource.webcontainer.faces.facelets.tag.component] (default task-1) /index.xhtml @30,112 <h:commandButton> Component[2059540600_7ac21969] Created: jakarta.faces.component.html.HtmlCommandButton
[0m[32m14:37:05,255 FINE  [jakarta.enterprise.resource.webcontainer.faces.application] (default task-1) Created component with component type of 'jakarta.faces.HtmlPanelGroup'
[0m[32m14:37:05,255 FINE  [jakarta.enterprise.resource.webcontainer.faces.facelets.tag.component] (default task-1) /index.xhtml @33,34 <h:panelGroup> Component[2059540600_7ac21966] Created: jakarta.faces.component.html.HtmlPanelGroup
[0m[32m14:37:05,255 FINE  [jakarta.enterprise.resource.webcontainer.faces.application] (default task-1) Created component with component type of 'jakarta.faces.HtmlCommandButton'
[0m[32m14:37:05,256 FINE  [jakarta.enterprise.resource.webcontainer.faces.facelets.tag.component] (default task-1) /index.xhtml @35,124 <h:commandButton> Component[2059540600_7ac21940] Created: jakarta.faces.component.html.HtmlCommandButton
[0m[32m14:37:05,256 FINE  [jakarta.enterprise.resource.webcontainer.faces.application] (default task-1) Created component with component type of 'jakarta.faces.HtmlCommandButton'
[0m[32m14:37:05,256 FINE  [jakarta.enterprise.resource.webcontainer.faces.facelets.tag.component] (default task-1) /index.xhtml @36,117 <h:commandButton> Component[2059540600_7ac2193d] Created: jakarta.faces.component.html.HtmlCommandButton
[0m[32m14:37:05,256 FINE  [jakarta.enterprise.resource.webcontainer.faces.application] (default task-1) Rendering View: /index.xhtml
[0m[32m14:37:05,257 FINE  [jakarta.enterprise.resource.webcontainer.faces.renderkit] (default task-1) component.getValue() returned jNQGv0URH6n513ivo2My-hSdtRiKOkU1NKyrSGui
[0m[32m14:37:05,257 FINE  [jakarta.enterprise.resource.webcontainer.faces.renderkit] (default task-1) Value to be rendered jNQGv0URH6n513ivo2My-hSdtRiKOkU1NKyrSGui
[0m[32m14:37:05,257 FINE  [jakarta.enterprise.resource.webcontainer.faces.renderkit] (default task-1) component.getValue() returned 060a48fb51ef
[0m[32m14:37:05,257 FINE  [jakarta.enterprise.resource.webcontainer.faces.renderkit] (default task-1) Value to be rendered 060a48fb51ef
[0m[32m14:37:05,257 FINE  [jakarta.enterprise.resource.webcontainer.faces.renderkit] (default task-1) component.getValue() returned 0
[0m[32m14:37:05,258 FINE  [jakarta.enterprise.resource.webcontainer.faces.application] (default task-1) Created converter of type 'jakarta.faces.convert.IntegerConverter'
[0m[32m14:37:05,258 FINE  [jakarta.enterprise.resource.webcontainer.faces.renderkit] (default task-1) Value to be rendered 0
[0m[32m14:37:05,259 FINE  [jakarta.enterprise.resource.webcontainer.faces.application] (default task-1) Begin writing marker for viewId /index.xhtml
[0m[32m14:37:05,259 FINE  [jakarta.enterprise.resource.webcontainer.faces.application] (default task-1) End writing marker for viewId /index.xhtml
[0m[32m14:37:05,259 FINE  [jakarta.faces.component] (default task-1) j_id1
[0m[32m14:37:05,259 FINE  [jakarta.enterprise.resource.webcontainer.faces.lifecycle] (default task-1) Exiting RenderResponsePhase
[0m[32m14:37:05,259 FINE  [jakarta.enterprise.resource.webcontainer.faces.timing] (default task-1)  [TIMING] - [7ms] : Execution time for phase (including any PhaseListeners) -> RENDER_RESPONSE 6
[0m[32m14:37:05,261 DEBUG [org.wildfly.clustering.marshalling.ByteBufferMarshalledValue] (default task-1) Marshalled size of java.util.concurrent.ConcurrentHashMap object = 1978 bytes
[0m[32m14:37:06,303 DEBUG [io.undertow.request] (default I/O-12) Matched default handler path /index.xhtml
[0m[32m14:37:06,304 FINE  [jakarta.enterprise.resource.webcontainer.faces.lifecycle] (default task-1) execute(com.sun.faces.context.FacesContextImpl@42eed7a7)
[0m[32m14:37:06,304 FINE  [jakarta.enterprise.resource.webcontainer.faces.lifecycle] (default task-1) Entering RestoreViewPhase
[0m[32m14:37:06,304 FINE  [jakarta.enterprise.resource.webcontainer.faces.application] (default task-1) Created component with component type of 'jakarta.faces.ViewRoot'
[0m[32m14:37:06,305 FINE  [jakarta.enterprise.resource.webcontainer.faces.application] (default task-1) Created component with component type of 'jakarta.faces.ViewRoot'
[0m[32m14:37:06,305 FINE  [jakarta.enterprise.resource.webcontainer.faces.application] (default task-1) Created component with component type of 'jakarta.faces.ViewRoot'
[0m[32m14:37:06,305 FINE  [jakarta.enterprise.resource.webcontainer.faces.lifecycle] (default task-1) New request: creating a view for /index.xhtml
[0m[32m14:37:06,305 FINE  [jakarta.enterprise.resource.webcontainer.faces.application] (default task-1) Created component with component type of 'jakarta.faces.ViewRoot'
[0m[32m14:37:06,305 FINE  [jakarta.enterprise.resource.webcontainer.faces.application] (default task-1) Created new view for /index.xhtml
[0m[32m14:37:06,305 FINE  [jakarta.enterprise.resource.webcontainer.faces.application] (default task-1) Locale for this view as determined by calculateLocale en_US
[0m[32m14:37:06,305 FINE  [jakarta.enterprise.resource.webcontainer.faces.application] (default task-1) Created component with component type of 'jakarta.faces.ViewRoot'
[0m[32m14:37:06,305 FINE  [jakarta.enterprise.resource.webcontainer.faces.application] (default task-1) RenderKitId for this view as determined by calculateRenderKitId HTML_BASIC
[0m[32m14:37:06,306 FINE  [jakarta.enterprise.resource.webcontainer.faces.lifecycle] (default task-1) Exiting RestoreViewPhase
[0m[32m14:37:06,306 FINE  [jakarta.enterprise.resource.webcontainer.faces.timing] (default task-1)  [TIMING] - [2ms] : Execution time for phase (including any PhaseListeners) -> RESTORE_VIEW 1
[0m[32m14:37:06,306 FINE  [jakarta.enterprise.resource.webcontainer.faces.lifecycle] (default task-1) render(com.sun.faces.context.FacesContextImpl@42eed7a7)
[0m[32m14:37:06,306 FINE  [jakarta.enterprise.resource.webcontainer.faces.lifecycle] (default task-1) Entering RenderResponsePhase
[0m[32m14:37:06,306 FINE  [jakarta.enterprise.resource.webcontainer.faces.lifecycle] (default task-1) About to render view /index.xhtml
[0m[32m14:37:06,307 FINE  [jakarta.enterprise.resource.webcontainer.faces.application] (default task-1) Building View: /index.xhtml
[0m[32m14:37:06,307 FINE  [jakarta.enterprise.resource.webcontainer.faces.application] (default task-1) Created component with component type of 'jakarta.faces.Output'
[0m[32m14:37:06,307 FINE  [jakarta.enterprise.resource.webcontainer.faces.facelets.tag.component] (default task-1) /index.xhtml @6,11 <h:head> Component[2059540600_7ac2185f] Created: jakarta.faces.component.UIOutput
[0m[32m14:37:06,307 FINE  [jakarta.enterprise.resource.webcontainer.faces.application] (default task-1) Created component with component type of 'jakarta.faces.OutputBody'
[0m[32m14:37:06,307 FINE  [jakarta.enterprise.resource.webcontainer.faces.facelets.tag.component] (default task-1) /index.xhtml @10,11 <h:body> Component[2059540600_7ac21839] Created: jakarta.faces.component.html.HtmlBody
[0m[32m14:37:06,308 FINE  [jakarta.enterprise.resource.webcontainer.faces.application] (default task-1) Created component with component type of 'jakarta.faces.HtmlPanelGroup'
[0m[32m14:37:06,308 FINE  [jakarta.enterprise.resource.webcontainer.faces.facelets.tag.component] (default task-1) /index.xhtml @13,60 <h:panelGroup> Component[2059540600_7ac21823] Created: jakarta.faces.component.html.HtmlPanelGroup
[0m[32m14:37:06,308 FINE  [jakarta.enterprise.resource.webcontainer.faces.application] (default task-1) Created component with component type of 'jakarta.faces.HtmlOutputText'
[0m[32m14:37:06,308 FINE  [jakarta.enterprise.resource.webcontainer.faces.facelets.tag.component] (default task-1) /index.xhtml @15,61 <h:outputText> Component[2059540600_7ac2180d] Created: jakarta.faces.component.html.HtmlOutputText
[0m[32m14:37:06,308 FINE  [jakarta.enterprise.resource.webcontainer.faces.application] (default task-1) Created component with component type of 'jakarta.faces.HtmlPanelGroup'
[0m[32m14:37:06,308 FINE  [jakarta.enterprise.resource.webcontainer.faces.facelets.tag.component] (default task-1) /index.xhtml @17,60 <h:panelGroup> Component[2059540600_7ac218fa] Created: jakarta.faces.component.html.HtmlPanelGroup
[0m[32m14:37:06,308 FINE  [jakarta.enterprise.resource.webcontainer.faces.application] (default task-1) Created component with component type of 'jakarta.faces.HtmlOutputText'
[0m[32m14:37:06,308 FINE  [jakarta.enterprise.resource.webcontainer.faces.facelets.tag.component] (default task-1) /index.xhtml @19,60 <h:outputText> Component[2059540600_7ac218e4] Created: jakarta.faces.component.html.HtmlOutputText
[0m[32m14:37:06,308 FINE  [jakarta.enterprise.resource.webcontainer.faces.application] (default task-1) Created component with component type of 'jakarta.faces.HtmlPanelGroup'
[0m[32m14:37:06,308 FINE  [jakarta.enterprise.resource.webcontainer.faces.facelets.tag.component] (default task-1) /index.xhtml @21,61 <h:panelGroup> Component[2059540600_7ac218d1] Created: jakarta.faces.component.html.HtmlPanelGroup
[0m[32m14:37:06,308 FINE  [jakarta.enterprise.resource.webcontainer.faces.application] (default task-1) Created component with component type of 'jakarta.faces.HtmlOutputText'
[0m[32m14:37:06,308 FINE  [jakarta.enterprise.resource.webcontainer.faces.facelets.tag.component] (default task-1) /index.xhtml @23,59 <h:outputText> Component[2059540600_7ac218bb] Created: jakarta.faces.component.html.HtmlOutputText
[0m[32m14:37:06,308 FINE  [jakarta.enterprise.resource.webcontainer.faces.application] (default task-1) Created component with component type of 'jakarta.faces.HtmlForm'
[0m[32m14:37:06,308 FINE  [jakarta.enterprise.resource.webcontainer.faces.facelets.tag.component] (default task-1) /index.xhtml @26,11 <h:form> Component[2059540600_7ac218a8] Created: jakarta.faces.component.html.HtmlForm
[0m[32m14:37:06,309 FINE  [jakarta.enterprise.resource.webcontainer.faces.application] (default task-1) Created component with component type of 'jakarta.faces.HtmlPanelGroup'
[0m[32m14:37:06,309 FINE  [jakarta.enterprise.resource.webcontainer.faces.facelets.tag.component] (default task-1) /index.xhtml @27,62 <h:panelGroup> Component[2059540600_7ac21892] Created: jakarta.faces.component.html.HtmlPanelGroup
[0m[32m14:37:06,309 FINE  [jakarta.enterprise.resource.webcontainer.faces.application] (default task-1) Created component with component type of 'jakarta.faces.HtmlCommandButton'
[0m[32m14:37:06,309 FINE  [jakarta.enterprise.resource.webcontainer.faces.facelets.tag.component] (default task-1) /index.xhtml @29,119 <h:commandButton> Component[2059540600_7ac2197c] Created: jakarta.faces.component.html.HtmlCommandButton
[0m[32m14:37:06,309 FINE  [jakarta.enterprise.resource.webcontainer.faces.application] (default task-1) Created component with component type of 'jakarta.faces.HtmlCommandButton'
[0m[32m14:37:06,309 FINE  [jakarta.enterprise.resource.webcontainer.faces.facelets.tag.component] (default task-1) /index.xhtml @30,112 <h:commandButton> Component[2059540600_7ac21969] Created: jakarta.faces.component.html.HtmlCommandButton
[0m[32m14:37:06,309 FINE  [jakarta.enterprise.resource.webcontainer.faces.application] (default task-1) Created component with component type of 'jakarta.faces.HtmlPanelGroup'
[0m[32m14:37:06,309 FINE  [jakarta.enterprise.resource.webcontainer.faces.facelets.tag.component] (default task-1) /index.xhtml @33,34 <h:panelGroup> Component[2059540600_7ac21966] Created: jakarta.faces.component.html.HtmlPanelGroup
[0m[32m14:37:06,309 FINE  [jakarta.enterprise.resource.webcontainer.faces.application] (default task-1) Created component with component type of 'jakarta.faces.HtmlCommandButton'
[0m[32m14:37:06,309 FINE  [jakarta.enterprise.resource.webcontainer.faces.facelets.tag.component] (default task-1) /index.xhtml @35,124 <h:commandButton> Component[2059540600_7ac21940] Created: jakarta.faces.component.html.HtmlCommandButton
[0m[32m14:37:06,309 FINE  [jakarta.enterprise.resource.webcontainer.faces.application] (default task-1) Created component with component type of 'jakarta.faces.HtmlCommandButton'
[0m[32m14:37:06,309 FINE  [jakarta.enterprise.resource.webcontainer.faces.facelets.tag.component] (default task-1) /index.xhtml @36,117 <h:commandButton> Component[2059540600_7ac2193d] Created: jakarta.faces.component.html.HtmlCommandButton
[0m[32m14:37:06,309 FINE  [jakarta.enterprise.resource.webcontainer.faces.application] (default task-1) Rendering View: /index.xhtml
[0m[32m14:37:06,315 DEBUG [org.wildfly.clustering.marshalling.ByteBufferMarshalledValue] (default task-1) Marshalled size of java.util.concurrent.ConcurrentHashMap object = 588 bytes
[0m[32m14:37:06,320 FINE  [jakarta.enterprise.resource.webcontainer.faces.renderkit] (default task-1) component.getValue() returned i51q7zUBbgQqtjnvMWUbZgQ5A8zr6dKa2COa0iVZ
[0m[32m14:37:06,320 FINE  [jakarta.enterprise.resource.webcontainer.faces.renderkit] (default task-1) Value to be rendered i51q7zUBbgQqtjnvMWUbZgQ5A8zr6dKa2COa0iVZ
[0m[32m14:37:06,320 FINE  [jakarta.enterprise.resource.webcontainer.faces.renderkit] (default task-1) component.getValue() returned 060a48fb51ef
[0m[32m14:37:06,320 FINE  [jakarta.enterprise.resource.webcontainer.faces.renderkit] (default task-1) Value to be rendered 060a48fb51ef
[0m[32m14:37:06,321 FINE  [jakarta.enterprise.resource.webcontainer.faces.renderkit] (default task-1) component.getValue() returned 0
[0m[32m14:37:06,321 FINE  [jakarta.enterprise.resource.webcontainer.faces.application] (default task-1) Created converter of type 'jakarta.faces.convert.IntegerConverter'
[0m[32m14:37:06,321 FINE  [jakarta.enterprise.resource.webcontainer.faces.renderkit] (default task-1) Value to be rendered 0
[0m[32m14:37:06,322 FINE  [jakarta.enterprise.resource.webcontainer.faces.application] (default task-1) Begin writing marker for viewId /index.xhtml
[0m[32m14:37:06,322 FINE  [jakarta.enterprise.resource.webcontainer.faces.application] (default task-1) End writing marker for viewId /index.xhtml
[0m[32m14:37:06,322 FINE  [jakarta.faces.component] (default task-1) j_id1
[0m[32m14:37:06,322 FINE  [jakarta.enterprise.resource.webcontainer.faces.lifecycle] (default task-1) Exiting RenderResponsePhase
[0m[32m14:37:06,323 FINE  [jakarta.enterprise.resource.webcontainer.faces.timing] (default task-1)  [TIMING] - [17ms] : Execution time for phase (including any PhaseListeners) -> RENDER_RESPONSE 6
[0m[32m14:37:06,324 DEBUG [io.undertow.request.io] (default I/O-12) UT005013: An IOException occurred: java.net.SocketException: Connection reset
	at java.base/sun.nio.ch.SocketChannelImpl.throwConnectionReset(SocketChannelImpl.java:401)
	at java.base/sun.nio.ch.SocketChannelImpl.read(SocketChannelImpl.java:434)
	at org.jboss.xnio.nio@3.8.16.Final-redhat-00001//org.xnio.nio.NioSocketConduit.read(NioSocketConduit.java:289)
	at org.jboss.xnio@3.8.16.Final-redhat-00001//org.xnio.conduits.AbstractStreamSourceConduit.read(AbstractStreamSourceConduit.java:51)
	at io.undertow.core@2.3.23.SP3-redhat-00001//io.undertow.conduits.ReadTimeoutStreamSourceConduit.read(ReadTimeoutStreamSourceConduit.java:181)
	at org.jboss.xnio@3.8.16.Final-redhat-00001//org.xnio.conduits.AbstractStreamSourceConduit.read(AbstractStreamSourceConduit.java:51)
	at io.undertow.core@2.3.23.SP3-redhat-00001//io.undertow.conduits.BytesReceivedStreamSourceConduit.read(BytesReceivedStreamSourceConduit.java:67)
	at org.jboss.xnio@3.8.16.Final-redhat-00001//org.xnio.conduits.ConduitStreamSourceChannel.read(ConduitStreamSourceChannel.java:127)
	at io.undertow.core@2.3.23.SP3-redhat-00001//io.undertow.util.ConnectionUtils$4.handleEvent(ConnectionUtils.java:110)
	at io.undertow.core@2.3.23.SP3-redhat-00001//io.undertow.util.ConnectionUtils$4.handleEvent(ConnectionUtils.java:106)
	at org.jboss.xnio@3.8.16.Final-redhat-00001//org.xnio.ChannelListeners.invokeChannelListener(ChannelListeners.java:92)
	at org.jboss.xnio@3.8.16.Final-redhat-00001//org.xnio.conduits.ReadReadyHandler$ChannelListenerHandler.readReady(ReadReadyHandler.java:66)
	at io.undertow.core@2.3.23.SP3-redhat-00001//io.undertow.conduits.ReadTimeoutStreamSourceConduit$2.readReady(ReadTimeoutStreamSourceConduit.java:106)
	at org.jboss.xnio.nio@3.8.16.Final-redhat-00001//org.xnio.nio.NioSocketConduit.handleReady(NioSocketConduit.java:89)
	at org.jboss.xnio.nio@3.8.16.Final-redhat-00001//org.xnio.nio.WorkerThread.run(WorkerThread.java:603)

[0m[32m14:37:06,324 DEBUG [org.wildfly.clustering.marshalling.ByteBufferMarshalledValue] (default task-1) Marshalled size of java.util.concurrent.ConcurrentHashMap object = 1884 bytes
[0m[32m14:37:06,997 DEBUG [io.undertow.request] (default I/O-2) Matched default handler path /index.xhtml
[0m[32m14:37:07,000 FINE  [jakarta.enterprise.resource.webcontainer.faces.lifecycle] (default task-1) execute(com.sun.faces.context.FacesContextImpl@69267836)
[0m[32m14:37:07,001 FINE  [jakarta.enterprise.resource.webcontainer.faces.lifecycle] (default task-1) Entering RestoreViewPhase
[0m[32m14:37:07,001 FINE  [jakarta.enterprise.resource.webcontainer.faces.application] (default task-1) Created component with component type of 'jakarta.faces.ViewRoot'
[0m[32m14:37:07,001 FINE  [jakarta.enterprise.resource.webcontainer.faces.application] (default task-1) Created component with component type of 'jakarta.faces.ViewRoot'
[0m[32m14:37:07,001 FINE  [jakarta.enterprise.resource.webcontainer.faces.application] (default task-1) Created component with component type of 'jakarta.faces.ViewRoot'
[0m[32m14:37:07,001 FINE  [jakarta.enterprise.resource.webcontainer.faces.application] (default task-1) Created component with component type of 'jakarta.faces.ViewRoot'
[0m[32m14:37:07,002 FINE  [jakarta.enterprise.resource.webcontainer.faces.application] (default task-1) Created component with component type of 'jakarta.faces.ViewRoot'
[0m[32m14:37:07,002 FINE  [jakarta.enterprise.resource.webcontainer.faces.application] (default task-1) Created component with component type of 'jakarta.faces.ViewRoot'
[0m[32m14:37:07,002 FINE  [jakarta.enterprise.resource.webcontainer.faces.application] (default task-1) Created new view for /index.xhtml
[0m[32m14:37:07,002 FINE  [jakarta.enterprise.resource.webcontainer.faces.application] (default task-1) Locale for this view as determined by calculateLocale en_US
[0m[32m14:37:07,002 FINE  [jakarta.enterprise.resource.webcontainer.faces.application] (default task-1) Created component with component type of 'jakarta.faces.ViewRoot'
[0m[32m14:37:07,002 FINE  [jakarta.enterprise.resource.webcontainer.faces.application] (default task-1) RenderKitId for this view as determined by calculateRenderKitId HTML_BASIC
[0m[32m14:37:07,002 FINE  [jakarta.enterprise.resource.webcontainer.faces.application] (default task-1) Building View: /index.xhtml
[0m[32m14:37:07,003 FINE  [jakarta.enterprise.resource.webcontainer.faces.application] (default task-1) Created component with component type of 'jakarta.faces.Output'
[0m[32m14:37:07,003 FINE  [jakarta.enterprise.resource.webcontainer.faces.facelets.tag.component] (default task-1) /index.xhtml @6,11 <h:head> Component[2059540600_7ac2185f] Created: jakarta.faces.component.UIOutput
[0m[32m14:37:07,003 FINE  [jakarta.enterprise.resource.webcontainer.faces.application] (default task-1) Created component with component type of 'jakarta.faces.OutputBody'
[0m[32m14:37:07,003 FINE  [jakarta.enterprise.resource.webcontainer.faces.facelets.tag.component] (default task-1) /index.xhtml @10,11 <h:body> Component[2059540600_7ac21839] Created: jakarta.faces.component.html.HtmlBody
[0m[32m14:37:07,003 FINE  [jakarta.enterprise.resource.webcontainer.faces.application] (default task-1) Created component with component type of 'jakarta.faces.HtmlPanelGroup'
[0m[32m14:37:07,003 FINE  [jakarta.enterprise.resource.webcontainer.faces.facelets.tag.component] (default task-1) /index.xhtml @13,60 <h:panelGroup> Component[2059540600_7ac21823] Created: jakarta.faces.component.html.HtmlPanelGroup
[0m[32m14:37:07,003 FINE  [jakarta.enterprise.resource.webcontainer.faces.application] (default task-1) Created component with component type of 'jakarta.faces.HtmlOutputText'
[0m[32m14:37:07,003 FINE  [jakarta.enterprise.resource.webcontainer.faces.facelets.tag.component] (default task-1) /index.xhtml @15,61 <h:outputText> Component[2059540600_7ac2180d] Created: jakarta.faces.component.html.HtmlOutputText
[0m[32m14:37:07,004 FINE  [jakarta.enterprise.resource.webcontainer.faces.application] (default task-1) Created component with component type of 'jakarta.faces.HtmlPanelGroup'
[0m[32m14:37:07,004 FINE  [jakarta.enterprise.resource.webcontainer.faces.facelets.tag.component] (default task-1) /index.xhtml @17,60 <h:panelGroup> Component[2059540600_7ac218fa] Created: jakarta.faces.component.html.HtmlPanelGroup
[0m[32m14:37:07,004 FINE  [jakarta.enterprise.resource.webcontainer.faces.application] (default task-1) Created component with component type of 'jakarta.faces.HtmlOutputText'
[0m[32m14:37:07,004 FINE  [jakarta.enterprise.resource.webcontainer.faces.facelets.tag.component] (default task-1) /index.xhtml @19,60 <h:outputText> Component[2059540600_7ac218e4] Created: jakarta.faces.component.html.HtmlOutputText
[0m[32m14:37:07,004 FINE  [jakarta.enterprise.resource.webcontainer.faces.application] (default task-1) Created component with component type of 'jakarta.faces.HtmlPanelGroup'
[0m[32m14:37:07,004 FINE  [jakarta.enterprise.resource.webcontainer.faces.facelets.tag.component] (default task-1) /index.xhtml @21,61 <h:panelGroup> Component[2059540600_7ac218d1] Created: jakarta.faces.component.html.HtmlPanelGroup
[0m[32m14:37:07,004 FINE  [jakarta.enterprise.resource.webcontainer.faces.application] (default task-1) Created component with component type of 'jakarta.faces.HtmlOutputText'
[0m[32m14:37:07,004 FINE  [jakarta.enterprise.resource.webcontainer.faces.facelets.tag.component] (default task-1) /index.xhtml @23,59 <h:outputText> Component[2059540600_7ac218bb] Created: jakarta.faces.component.html.HtmlOutputText
[0m[32m14:37:07,004 FINE  [jakarta.enterprise.resource.webcontainer.faces.application] (default task-1) Created component with component type of 'jakarta.faces.HtmlForm'
[0m[32m14:37:07,004 FINE  [jakarta.enterprise.resource.webcontainer.faces.facelets.tag.component] (default task-1) /index.xhtml @26,11 <h:form> Component[2059540600_7ac218a8] Created: jakarta.faces.component.html.HtmlForm
[0m[32m14:37:07,004 FINE  [jakarta.enterprise.resource.webcontainer.faces.application] (default task-1) Created component with component type of 'jakarta.faces.HtmlPanelGroup'
[0m[32m14:37:07,005 FINE  [jakarta.enterprise.resource.webcontainer.faces.facelets.tag.component] (default task-1) /index.xhtml @27,62 <h:panelGroup> Component[2059540600_7ac21892] Created: jakarta.faces.component.html.HtmlPanelGroup
[0m[32m14:37:07,005 FINE  [jakarta.enterprise.resource.webcontainer.faces.application] (default task-1) Created component with component type of 'jakarta.faces.HtmlCommandButton'
[0m[32m14:37:07,005 FINE  [jakarta.enterprise.resource.webcontainer.faces.facelets.tag.component] (default task-1) /index.xhtml @29,119 <h:commandButton> Component[2059540600_7ac2197c] Created: jakarta.faces.component.html.HtmlCommandButton
[0m[32m14:37:07,005 FINE  [jakarta.enterprise.resource.webcontainer.faces.application] (default task-1) Created component with component type of 'jakarta.faces.HtmlCommandButton'
[0m[32m14:37:07,005 FINE  [jakarta.enterprise.resource.webcontainer.faces.facelets.tag.component] (default task-1) /index.xhtml @30,112 <h:commandButton> Component[2059540600_7ac21969] Created: jakarta.faces.component.html.HtmlCommandButton
[0m[32m14:37:07,005 FINE  [jakarta.enterprise.resource.webcontainer.faces.application] (default task-1) Created component with component type of 'jakarta.faces.HtmlPanelGroup'
[0m[32m14:37:07,005 FINE  [jakarta.enterprise.resource.webcontainer.faces.facelets.tag.component] (default task-1) /index.xhtml @33,34 <h:panelGroup> Component[2059540600_7ac21966] Created: jakarta.faces.component.html.HtmlPanelGroup
[0m[32m14:37:07,005 FINE  [jakarta.enterprise.resource.webcontainer.faces.application] (default task-1) Created component with component type of 'jakarta.faces.HtmlCommandButton'
[0m[32m14:37:07,005 FINE  [jakarta.enterprise.resource.webcontainer.faces.facelets.tag.component] (default task-1) /index.xhtml @35,124 <h:commandButton> Component[2059540600_7ac21940] Created: jakarta.faces.component.html.HtmlCommandButton
[0m[32m14:37:07,005 FINE  [jakarta.enterprise.resource.webcontainer.faces.application] (default task-1) Created component with component type of 'jakarta.faces.HtmlCommandButton'
[0m[32m14:37:07,005 FINE  [jakarta.enterprise.resource.webcontainer.faces.facelets.tag.component] (default task-1) /index.xhtml @36,117 <h:commandButton> Component[2059540600_7ac2193d] Created: jakarta.faces.component.html.HtmlCommandButton
[0m[32m14:37:07,006 FINE  [jakarta.enterprise.resource.webcontainer.faces.lifecycle] (default task-1) Postback: restored view for /index.xhtml
[0m[32m14:37:07,006 FINE  [jakarta.enterprise.resource.webcontainer.faces.lifecycle] (default task-1) Exiting RestoreViewPhase
[0m[32m14:37:07,006 FINE  [jakarta.enterprise.resource.webcontainer.faces.timing] (default task-1)  [TIMING] - [6ms] : Execution time for phase (including any PhaseListeners) -> RESTORE_VIEW 1
[0m[32m14:37:07,006 FINE  [jakarta.enterprise.resource.webcontainer.faces.lifecycle] (default task-1) Entering ApplyRequestValuesPhase
[0m[32m14:37:07,007 FINE  [jakarta.enterprise.resource.webcontainer.faces.renderkit] (default task-1) No decoding necessary since the component j_idt9 is not an instance or a sub class of UIInput
[0m[32m14:37:07,007 FINE  [jakarta.enterprise.resource.webcontainer.faces.renderkit] (default task-1) No decoding necessary since the component j_idt7 is not an instance or a sub class of UIInput
[0m[32m14:37:07,007 FINE  [jakarta.enterprise.resource.webcontainer.faces.renderkit] (default task-1) No decoding necessary since the component j_idt13 is not an instance or a sub class of UIInput
[0m[32m14:37:07,007 FINE  [jakarta.enterprise.resource.webcontainer.faces.renderkit] (default task-1) No decoding necessary since the component j_idt11 is not an instance or a sub class of UIInput
[0m[32m14:37:07,007 FINE  [jakarta.enterprise.resource.webcontainer.faces.renderkit] (default task-1) No decoding necessary since the component j_idt17 is not an instance or a sub class of UIInput
[0m[32m14:37:07,007 FINE  [jakarta.enterprise.resource.webcontainer.faces.renderkit] (default task-1) No decoding necessary since the component j_idt15 is not an instance or a sub class of UIInput
[0m[32m14:37:07,008 FINE  [jakarta.enterprise.resource.webcontainer.faces.renderkit] (default task-1) UIForm with client ID j_idt18, submitted
[0m[32m14:37:07,010 FINE  [jakarta.enterprise.resource.webcontainer.faces.renderkit] (default task-1) This command resulted in form submission  ActionEvent queued.
[0m[32m14:37:07,010 FINE  [jakarta.enterprise.resource.webcontainer.faces.renderkit] (default task-1) End decoding component j_idt21
[0m[32m14:37:07,011 FINE  [jakarta.enterprise.resource.webcontainer.faces.renderkit] (default task-1) No decoding necessary since the component j_idt19 is not an instance or a sub class of UIInput
[0m[32m14:37:07,011 FINE  [jakarta.enterprise.resource.webcontainer.faces.renderkit] (default task-1) No decoding necessary since the component j_idt23 is not an instance or a sub class of UIInput
[0m[32m14:37:07,011 FINE  [jakarta.enterprise.resource.webcontainer.faces.lifecycle] (default task-1) Exiting ApplyRequestValuesPhase
[0m[32m14:37:07,012 FINE  [jakarta.enterprise.resource.webcontainer.faces.timing] (default task-1)  [TIMING] - [5ms] : Execution time for phase (including any PhaseListeners) -> APPLY_REQUEST_VALUES 2
[0m[32m14:37:07,012 FINE  [jakarta.enterprise.resource.webcontainer.faces.lifecycle] (default task-1) Entering ProcessValidationsPhase
[0m[32m14:37:07,012 FINE  [jakarta.enterprise.resource.webcontainer.faces.lifecycle] (default task-1) Exiting ProcessValidationsPhase
[0m[32m14:37:07,012 FINE  [jakarta.enterprise.resource.webcontainer.faces.timing] (default task-1)  [TIMING] - [0ms] : Execution time for phase (including any PhaseListeners) -> PROCESS_VALIDATIONS 3
[0m[32m14:37:07,012 FINE  [jakarta.enterprise.resource.webcontainer.faces.lifecycle] (default task-1) Entering UpdateModelValuesPhase
[0m[32m14:37:07,012 FINE  [jakarta.enterprise.resource.webcontainer.faces.lifecycle] (default task-1) Exiting UpdateModelValuesPhase
[0m[32m14:37:07,013 FINE  [jakarta.enterprise.resource.webcontainer.faces.timing] (default task-1)  [TIMING] - [0ms] : Execution time for phase (including any PhaseListeners) -> UPDATE_MODEL_VALUES 4
[0m[32m14:37:07,013 FINE  [jakarta.enterprise.resource.webcontainer.faces.lifecycle] (default task-1) Entering InvokeApplicationsPhase
[0m[32m14:37:07,013 FINE  [jakarta.enterprise.resource.webcontainer.faces.application] (default task-1) processAction(j_idt21)
[0m[32m14:37:07,014 FINE  [jakarta.enterprise.resource.webcontainer.faces.application] (default task-1) Redirecting to path /index.xhtml for outcome index.xhtml?faces-redirect=trueand viewId /index.xhtml
[0m[32m14:37:07,016 DEBUG [org.wildfly.clustering.marshalling.ByteBufferMarshalledValue] (default task-1) Marshalled size of java.util.concurrent.ConcurrentHashMap object = 1978 bytes
[0m[32m14:37:07,034 FINE  [jakarta.enterprise.resource.webcontainer.faces.application] (default task-1) Response complete for /index.xhtml
[0m[32m14:37:07,035 FINE  [jakarta.enterprise.resource.webcontainer.faces.lifecycle] (default task-1) Exiting InvokeApplicationsPhase
[0m[32m14:37:07,035 FINE  [jakarta.enterprise.resource.webcontainer.faces.timing] (default task-1)  [TIMING] - [22ms] : Execution time for phase (including any PhaseListeners) -> INVOKE_APPLICATION 5
[0m[32m14:37:07,035 FINE  [jakarta.enterprise.resource.webcontainer.faces.lifecycle] (default task-1) render(com.sun.faces.context.FacesContextImpl@69267836)
[0m[32m14:37:07,037 DEBUG [org.wildfly.clustering.marshalling.ByteBufferMarshalledValue] (default task-1) Marshalled size of java.util.concurrent.ConcurrentHashMap object = 1978 bytes
[0m[32m14:37:07,053 DEBUG [org.wildfly.clustering.marshalling.ByteBufferMarshalledValue] (default task-1) Marshalled size of java.util.concurrent.ConcurrentHashMap object = 1978 bytes
[0m[32m14:37:07,112 DEBUG [io.undertow.request] (default I/O-2) Matched default handler path /.well-known/appspecific/com.chrome.devtools.json
[0m[32m14:37:07,652 DEBUG [org.jgroups.protocols.dns.DNS_PING] (thread-14,ee,060a48fb51ef) 060a48fb51ef: entries collected from DNS (in 1 ms): [172.21.0.3:0, 172.21.0.4:0]
[0m[32m14:37:07,652 DEBUG [org.jgroups.protocols.dns.DNS_PING] (thread-14,ee,060a48fb51ef) 060a48fb51ef: sending discovery requests to hosts [172.21.0.3:0, 172.21.0.4:0] on ports [7600 .. 7600]
[0m[32m14:37:07,655 DEBUG [io.undertow.request] (default I/O-2) Matched default handler path /index.xhtml
[0m[32m14:37:07,658 FINE  [jakarta.enterprise.resource.webcontainer.faces.lifecycle] (default task-1) execute(com.sun.faces.context.FacesContextImpl@5c804252)
[0m[32m14:37:07,660 FINE  [jakarta.enterprise.resource.webcontainer.faces.lifecycle] (default task-1) Entering RestoreViewPhase
[0m[32m14:37:07,661 FINE  [jakarta.enterprise.resource.webcontainer.faces.application] (default task-1) Created component with component type of 'jakarta.faces.ViewRoot'
[0m[32m14:37:07,661 FINE  [jakarta.enterprise.resource.webcontainer.faces.application] (default task-1) Created component with component type of 'jakarta.faces.ViewRoot'
[0m[32m14:37:07,661 FINE  [jakarta.enterprise.resource.webcontainer.faces.application] (default task-1) Created component with component type of 'jakarta.faces.ViewRoot'
[0m[32m14:37:07,661 FINE  [jakarta.enterprise.resource.webcontainer.faces.lifecycle] (default task-1) New request: creating a view for /index.xhtml
[0m[32m14:37:07,661 FINE  [jakarta.enterprise.resource.webcontainer.faces.application] (default task-1) Created component with component type of 'jakarta.faces.ViewRoot'
[0m[32m14:37:07,661 FINE  [jakarta.enterprise.resource.webcontainer.faces.application] (default task-1) Created new view for /index.xhtml
[0m[32m14:37:07,661 FINE  [jakarta.enterprise.resource.webcontainer.faces.application] (default task-1) Locale for this view as determined by calculateLocale en_US
[0m[32m14:37:07,661 FINE  [jakarta.enterprise.resource.webcontainer.faces.application] (default task-1) Created component with component type of 'jakarta.faces.ViewRoot'
[0m[32m14:37:07,661 FINE  [jakarta.enterprise.resource.webcontainer.faces.application] (default task-1) RenderKitId for this view as determined by calculateRenderKitId HTML_BASIC
[0m[32m14:37:07,662 FINE  [jakarta.enterprise.resource.webcontainer.faces.lifecycle] (default task-1) Exiting RestoreViewPhase
[0m[32m14:37:07,662 FINE  [jakarta.enterprise.resource.webcontainer.faces.timing] (default task-1)  [TIMING] - [2ms] : Execution time for phase (including any PhaseListeners) -> RESTORE_VIEW 1
[0m[32m14:37:07,662 FINE  [jakarta.enterprise.resource.webcontainer.faces.lifecycle] (default task-1) render(com.sun.faces.context.FacesContextImpl@5c804252)
[0m[32m14:37:07,662 FINE  [jakarta.enterprise.resource.webcontainer.faces.lifecycle] (default task-1) Entering RenderResponsePhase
[0m[32m14:37:07,662 FINE  [jakarta.enterprise.resource.webcontainer.faces.lifecycle] (default task-1) About to render view /index.xhtml
[0m[32m14:37:07,662 FINE  [jakarta.enterprise.resource.webcontainer.faces.application] (default task-1) Building View: /index.xhtml
[0m[32m14:37:07,663 FINE  [jakarta.enterprise.resource.webcontainer.faces.application] (default task-1) Created component with component type of 'jakarta.faces.Output'
[0m[32m14:37:07,663 FINE  [jakarta.enterprise.resource.webcontainer.faces.facelets.tag.component] (default task-1) /index.xhtml @6,11 <h:head> Component[2059540600_7ac2185f] Created: jakarta.faces.component.UIOutput
[0m[32m14:37:07,663 FINE  [jakarta.enterprise.resource.webcontainer.faces.application] (default task-1) Created component with component type of 'jakarta.faces.OutputBody'
[0m[32m14:37:07,663 FINE  [jakarta.enterprise.resource.webcontainer.faces.facelets.tag.component] (default task-1) /index.xhtml @10,11 <h:body> Component[2059540600_7ac21839] Created: jakarta.faces.component.html.HtmlBody
[0m[32m14:37:07,663 FINE  [jakarta.enterprise.resource.webcontainer.faces.application] (default task-1) Created component with component type of 'jakarta.faces.HtmlPanelGroup'
[0m[32m14:37:07,663 FINE  [jakarta.enterprise.resource.webcontainer.faces.facelets.tag.component] (default task-1) /index.xhtml @13,60 <h:panelGroup> Component[2059540600_7ac21823] Created: jakarta.faces.component.html.HtmlPanelGroup
[0m[32m14:37:07,663 FINE  [jakarta.enterprise.resource.webcontainer.faces.application] (default task-1) Created component with component type of 'jakarta.faces.HtmlOutputText'
[0m[32m14:37:07,663 FINE  [jakarta.enterprise.resource.webcontainer.faces.facelets.tag.component] (default task-1) /index.xhtml @15,61 <h:outputText> Component[2059540600_7ac2180d] Created: jakarta.faces.component.html.HtmlOutputText
[0m[32m14:37:07,664 FINE  [jakarta.enterprise.resource.webcontainer.faces.application] (default task-1) Created component with component type of 'jakarta.faces.HtmlPanelGroup'
[0m[32m14:37:07,664 FINE  [jakarta.enterprise.resource.webcontainer.faces.facelets.tag.component] (default task-1) /index.xhtml @17,60 <h:panelGroup> Component[2059540600_7ac218fa] Created: jakarta.faces.component.html.HtmlPanelGroup
[0m[32m14:37:07,664 FINE  [jakarta.enterprise.resource.webcontainer.faces.application] (default task-1) Created component with component type of 'jakarta.faces.HtmlOutputText'
[0m[32m14:37:07,664 FINE  [jakarta.enterprise.resource.webcontainer.faces.facelets.tag.component] (default task-1) /index.xhtml @19,60 <h:outputText> Component[2059540600_7ac218e4] Created: jakarta.faces.component.html.HtmlOutputText
[0m[32m14:37:07,664 FINE  [jakarta.enterprise.resource.webcontainer.faces.application] (default task-1) Created component with component type of 'jakarta.faces.HtmlPanelGroup'
[0m[32m14:37:07,664 FINE  [jakarta.enterprise.resource.webcontainer.faces.facelets.tag.component] (default task-1) /index.xhtml @21,61 <h:panelGroup> Component[2059540600_7ac218d1] Created: jakarta.faces.component.html.HtmlPanelGroup
[0m[32m14:37:07,664 FINE  [jakarta.enterprise.resource.webcontainer.faces.application] (default task-1) Created component with component type of 'jakarta.faces.HtmlOutputText'
[0m[32m14:37:07,664 FINE  [jakarta.enterprise.resource.webcontainer.faces.facelets.tag.component] (default task-1) /index.xhtml @23,59 <h:outputText> Component[2059540600_7ac218bb] Created: jakarta.faces.component.html.HtmlOutputText
[0m[32m14:37:07,665 FINE  [jakarta.enterprise.resource.webcontainer.faces.application] (default task-1) Created component with component type of 'jakarta.faces.HtmlForm'
[0m[32m14:37:07,665 FINE  [jakarta.enterprise.resource.webcontainer.faces.facelets.tag.component] (default task-1) /index.xhtml @26,11 <h:form> Component[2059540600_7ac218a8] Created: jakarta.faces.component.html.HtmlForm
[0m[32m14:37:07,665 FINE  [jakarta.enterprise.resource.webcontainer.faces.application] (default task-1) Created component with component type of 'jakarta.faces.HtmlPanelGroup'
[0m[32m14:37:07,665 FINE  [jakarta.enterprise.resource.webcontainer.faces.facelets.tag.component] (default task-1) /index.xhtml @27,62 <h:panelGroup> Component[2059540600_7ac21892] Created: jakarta.faces.component.html.HtmlPanelGroup
[0m[32m14:37:07,665 FINE  [jakarta.enterprise.resource.webcontainer.faces.application] (default task-1) Created component with component type of 'jakarta.faces.HtmlCommandButton'
[0m[32m14:37:07,665 FINE  [jakarta.enterprise.resource.webcontainer.faces.facelets.tag.component] (default task-1) /index.xhtml @29,119 <h:commandButton> Component[2059540600_7ac2197c] Created: jakarta.faces.component.html.HtmlCommandButton
[0m[32m14:37:07,665 FINE  [jakarta.enterprise.resource.webcontainer.faces.application] (default task-1) Created component with component type of 'jakarta.faces.HtmlCommandButton'
[0m[32m14:37:07,665 FINE  [jakarta.enterprise.resource.webcontainer.faces.facelets.tag.component] (default task-1) /index.xhtml @30,112 <h:commandButton> Component[2059540600_7ac21969] Created: jakarta.faces.component.html.HtmlCommandButton
[0m[32m14:37:07,665 FINE  [jakarta.enterprise.resource.webcontainer.faces.application] (default task-1) Created component with component type of 'jakarta.faces.HtmlPanelGroup'
[0m[32m14:37:07,665 FINE  [jakarta.enterprise.resource.webcontainer.faces.facelets.tag.component] (default task-1) /index.xhtml @33,34 <h:panelGroup> Component[2059540600_7ac21966] Created: jakarta.faces.component.html.HtmlPanelGroup
[0m[32m14:37:07,665 FINE  [jakarta.enterprise.resource.webcontainer.faces.application] (default task-1) Created component with component type of 'jakarta.faces.HtmlCommandButton'
[0m[32m14:37:07,665 FINE  [jakarta.enterprise.resource.webcontainer.faces.facelets.tag.component] (default task-1) /index.xhtml @35,124 <h:commandButton> Component[2059540600_7ac21940] Created: jakarta.faces.component.html.HtmlCommandButton
[0m[32m14:37:07,665 FINE  [jakarta.enterprise.resource.webcontainer.faces.application] (default task-1) Created component with component type of 'jakarta.faces.HtmlCommandButton'
[0m[32m14:37:07,666 FINE  [jakarta.enterprise.resource.webcontainer.faces.facelets.tag.component] (default task-1) /index.xhtml @36,117 <h:commandButton> Component[2059540600_7ac2193d] Created: jakarta.faces.component.html.HtmlCommandButton
[0m[32m14:37:07,666 FINE  [jakarta.enterprise.resource.webcontainer.faces.application] (default task-1) Rendering View: /index.xhtml
[0m[32m14:37:07,667 FINE  [jakarta.enterprise.resource.webcontainer.faces.renderkit] (default task-1) component.getValue() returned jNQGv0URH6n513ivo2My-hSdtRiKOkU1NKyrSGui
[0m[32m14:37:07,667 FINE  [jakarta.enterprise.resource.webcontainer.faces.renderkit] (default task-1) Value to be rendered jNQGv0URH6n513ivo2My-hSdtRiKOkU1NKyrSGui
[0m[32m14:37:07,667 FINE  [jakarta.enterprise.resource.webcontainer.faces.renderkit] (default task-1) component.getValue() returned 060a48fb51ef
[0m[32m14:37:07,667 FINE  [jakarta.enterprise.resource.webcontainer.faces.renderkit] (default task-1) Value to be rendered 060a48fb51ef
[0m[32m14:37:07,667 FINE  [jakarta.enterprise.resource.webcontainer.faces.renderkit] (default task-1) component.getValue() returned 2
[0m[32m14:37:07,668 FINE  [jakarta.enterprise.resource.webcontainer.faces.application] (default task-1) Created converter of type 'jakarta.faces.convert.IntegerConverter'
[0m[32m14:37:07,668 FINE  [jakarta.enterprise.resource.webcontainer.faces.renderkit] (default task-1) Value to be rendered 2
[0m[32m14:37:07,669 FINE  [jakarta.enterprise.resource.webcontainer.faces.application] (default task-1) Begin writing marker for viewId /index.xhtml
[0m[32m14:37:07,669 FINE  [jakarta.enterprise.resource.webcontainer.faces.application] (default task-1) End writing marker for viewId /index.xhtml
[0m[32m14:37:07,669 FINE  [jakarta.faces.component] (default task-1) j_id1
[0m[32m14:37:07,670 FINE  [jakarta.enterprise.resource.webcontainer.faces.lifecycle] (default task-1) Exiting RenderResponsePhase
[0m[32m14:37:07,670 FINE  [jakarta.enterprise.resource.webcontainer.faces.timing] (default task-1)  [TIMING] - [8ms] : Execution time for phase (including any PhaseListeners) -> RENDER_RESPONSE 6
[0m[32m14:37:07,674 DEBUG [org.wildfly.clustering.marshalling.ByteBufferMarshalledValue] (non-blocking-thread-060a48fb51ef-p8-t8) Marshalled size of java.util.concurrent.ConcurrentHashMap object = 1978 bytes
[0m[32m14:37:08,218 DEBUG [io.undertow.request] (default I/O-2) Matched default handler path /index.xhtml
[0m[32m14:37:08,220 FINE  [jakarta.enterprise.resource.webcontainer.faces.lifecycle] (default task-1) execute(com.sun.faces.context.FacesContextImpl@1cf8ee41)
[0m[32m14:37:08,220 FINE  [jakarta.enterprise.resource.webcontainer.faces.lifecycle] (default task-1) Entering RestoreViewPhase
[0m[32m14:37:08,221 FINE  [jakarta.enterprise.resource.webcontainer.faces.application] (default task-1) Created component with component type of 'jakarta.faces.ViewRoot'
[0m[32m14:37:08,221 FINE  [jakarta.enterprise.resource.webcontainer.faces.application] (default task-1) Created component with component type of 'jakarta.faces.ViewRoot'
[0m[32m14:37:08,221 FINE  [jakarta.enterprise.resource.webcontainer.faces.application] (default task-1) Created component with component type of 'jakarta.faces.ViewRoot'
[0m[32m14:37:08,221 FINE  [jakarta.enterprise.resource.webcontainer.faces.application] (default task-1) Created component with component type of 'jakarta.faces.ViewRoot'
[0m[32m14:37:08,222 FINE  [jakarta.enterprise.resource.webcontainer.faces.application] (default task-1) Created component with component type of 'jakarta.faces.ViewRoot'
[0m[32m14:37:08,222 FINE  [jakarta.enterprise.resource.webcontainer.faces.application] (default task-1) Created component with component type of 'jakarta.faces.ViewRoot'
[0m[32m14:37:08,222 FINE  [jakarta.enterprise.resource.webcontainer.faces.application] (default task-1) Created new view for /index.xhtml
[0m[32m14:37:08,222 FINE  [jakarta.enterprise.resource.webcontainer.faces.application] (default task-1) Locale for this view as determined by calculateLocale en_US
[0m[32m14:37:08,222 FINE  [jakarta.enterprise.resource.webcontainer.faces.application] (default task-1) Created component with component type of 'jakarta.faces.ViewRoot'
[0m[32m14:37:08,222 FINE  [jakarta.enterprise.resource.webcontainer.faces.application] (default task-1) RenderKitId for this view as determined by calculateRenderKitId HTML_BASIC
[0m[32m14:37:08,222 FINE  [jakarta.enterprise.resource.webcontainer.faces.application] (default task-1) Building View: /index.xhtml
[0m[32m14:37:08,223 FINE  [jakarta.enterprise.resource.webcontainer.faces.application] (default task-1) Created component with component type of 'jakarta.faces.Output'
[0m[32m14:37:08,223 FINE  [jakarta.enterprise.resource.webcontainer.faces.facelets.tag.component] (default task-1) /index.xhtml @6,11 <h:head> Component[2059540600_7ac2185f] Created: jakarta.faces.component.UIOutput
[0m[32m14:37:08,223 FINE  [jakarta.enterprise.resource.webcontainer.faces.application] (default task-1) Created component with component type of 'jakarta.faces.OutputBody'
[0m[32m14:37:08,223 FINE  [jakarta.enterprise.resource.webcontainer.faces.facelets.tag.component] (default task-1) /index.xhtml @10,11 <h:body> Component[2059540600_7ac21839] Created: jakarta.faces.component.html.HtmlBody
[0m[32m14:37:08,223 FINE  [jakarta.enterprise.resource.webcontainer.faces.application] (default task-1) Created component with component type of 'jakarta.faces.HtmlPanelGroup'
[0m[32m14:37:08,223 FINE  [jakarta.enterprise.resource.webcontainer.faces.facelets.tag.component] (default task-1) /index.xhtml @13,60 <h:panelGroup> Component[2059540600_7ac21823] Created: jakarta.faces.component.html.HtmlPanelGroup
[0m[32m14:37:08,223 FINE  [jakarta.enterprise.resource.webcontainer.faces.application] (default task-1) Created component with component type of 'jakarta.faces.HtmlOutputText'
[0m[32m14:37:08,223 FINE  [jakarta.enterprise.resource.webcontainer.faces.facelets.tag.component] (default task-1) /index.xhtml @15,61 <h:outputText> Component[2059540600_7ac2180d] Created: jakarta.faces.component.html.HtmlOutputText
[0m[32m14:37:08,223 FINE  [jakarta.enterprise.resource.webcontainer.faces.application] (default task-1) Created component with component type of 'jakarta.faces.HtmlPanelGroup'
[0m[32m14:37:08,223 FINE  [jakarta.enterprise.resource.webcontainer.faces.facelets.tag.component] (default task-1) /index.xhtml @17,60 <h:panelGroup> Component[2059540600_7ac218fa] Created: jakarta.faces.component.html.HtmlPanelGroup
[0m[32m14:37:08,223 FINE  [jakarta.enterprise.resource.webcontainer.faces.application] (default task-1) Created component with component type of 'jakarta.faces.HtmlOutputText'
[0m[32m14:37:08,224 FINE  [jakarta.enterprise.resource.webcontainer.faces.facelets.tag.component] (default task-1) /index.xhtml @19,60 <h:outputText> Component[2059540600_7ac218e4] Created: jakarta.faces.component.html.HtmlOutputText
[0m[32m14:37:08,224 FINE  [jakarta.enterprise.resource.webcontainer.faces.application] (default task-1) Created component with component type of 'jakarta.faces.HtmlPanelGroup'
[0m[32m14:37:08,224 FINE  [jakarta.enterprise.resource.webcontainer.faces.facelets.tag.component] (default task-1) /index.xhtml @21,61 <h:panelGroup> Component[2059540600_7ac218d1] Created: jakarta.faces.component.html.HtmlPanelGroup
[0m[32m14:37:08,224 FINE  [jakarta.enterprise.resource.webcontainer.faces.application] (default task-1) Created component with component type of 'jakarta.faces.HtmlOutputText'
[0m[32m14:37:08,224 FINE  [jakarta.enterprise.resource.webcontainer.faces.facelets.tag.component] (default task-1) /index.xhtml @23,59 <h:outputText> Component[2059540600_7ac218bb] Created: jakarta.faces.component.html.HtmlOutputText
[0m[32m14:37:08,224 FINE  [jakarta.enterprise.resource.webcontainer.faces.application] (default task-1) Created component with component type of 'jakarta.faces.HtmlForm'
[0m[32m14:37:08,224 FINE  [jakarta.enterprise.resource.webcontainer.faces.facelets.tag.component] (default task-1) /index.xhtml @26,11 <h:form> Component[2059540600_7ac218a8] Created: jakarta.faces.component.html.HtmlForm
[0m[32m14:37:08,224 FINE  [jakarta.enterprise.resource.webcontainer.faces.application] (default task-1) Created component with component type of 'jakarta.faces.HtmlPanelGroup'
[0m[32m14:37:08,224 FINE  [jakarta.enterprise.resource.webcontainer.faces.facelets.tag.component] (default task-1) /index.xhtml @27,62 <h:panelGroup> Component[2059540600_7ac21892] Created: jakarta.faces.component.html.HtmlPanelGroup
[0m[32m14:37:08,224 FINE  [jakarta.enterprise.resource.webcontainer.faces.application] (default task-1) Created component with component type of 'jakarta.faces.HtmlCommandButton'
[0m[32m14:37:08,224 FINE  [jakarta.enterprise.resource.webcontainer.faces.facelets.tag.component] (default task-1) /index.xhtml @29,119 <h:commandButton> Component[2059540600_7ac2197c] Created: jakarta.faces.component.html.HtmlCommandButton
[0m[32m14:37:08,224 FINE  [jakarta.enterprise.resource.webcontainer.faces.application] (default task-1) Created component with component type of 'jakarta.faces.HtmlCommandButton'
[0m[32m14:37:08,224 FINE  [jakarta.enterprise.resource.webcontainer.faces.facelets.tag.component] (default task-1) /index.xhtml @30,112 <h:commandButton> Component[2059540600_7ac21969] Created: jakarta.faces.component.html.HtmlCommandButton
[0m[32m14:37:08,225 FINE  [jakarta.enterprise.resource.webcontainer.faces.application] (default task-1) Created component with component type of 'jakarta.faces.HtmlPanelGroup'
[0m[32m14:37:08,225 FINE  [jakarta.enterprise.resource.webcontainer.faces.facelets.tag.component] (default task-1) /index.xhtml @33,34 <h:panelGroup> Component[2059540600_7ac21966] Created: jakarta.faces.component.html.HtmlPanelGroup
[0m[32m14:37:08,225 FINE  [jakarta.enterprise.resource.webcontainer.faces.application] (default task-1) Created component with component type of 'jakarta.faces.HtmlCommandButton'
[0m[32m14:37:08,225 FINE  [jakarta.enterprise.resource.webcontainer.faces.facelets.tag.component] (default task-1) /index.xhtml @35,124 <h:commandButton> Component[2059540600_7ac21940] Created: jakarta.faces.component.html.HtmlCommandButton
[0m[32m14:37:08,225 FINE  [jakarta.enterprise.resource.webcontainer.faces.application] (default task-1) Created component with component type of 'jakarta.faces.HtmlCommandButton'
[0m[32m14:37:08,225 FINE  [jakarta.enterprise.resource.webcontainer.faces.facelets.tag.component] (default task-1) /index.xhtml @36,117 <h:commandButton> Component[2059540600_7ac2193d] Created: jakarta.faces.component.html.HtmlCommandButton
[0m[32m14:37:08,225 FINE  [jakarta.enterprise.resource.webcontainer.faces.lifecycle] (default task-1) Postback: restored view for /index.xhtml
[0m[32m14:37:08,225 FINE  [jakarta.enterprise.resource.webcontainer.faces.lifecycle] (default task-1) Exiting RestoreViewPhase
[0m[32m14:37:08,225 FINE  [jakarta.enterprise.resource.webcontainer.faces.timing] (default task-1)  [TIMING] - [5ms] : Execution time for phase (including any PhaseListeners) -> RESTORE_VIEW 1
[0m[32m14:37:08,225 FINE  [jakarta.enterprise.resource.webcontainer.faces.lifecycle] (default task-1) Entering ApplyRequestValuesPhase
[0m[32m14:37:08,225 FINE  [jakarta.enterprise.resource.webcontainer.faces.renderkit] (default task-1) No decoding necessary since the component j_idt9 is not an instance or a sub class of UIInput
[0m[32m14:37:08,226 FINE  [jakarta.enterprise.resource.webcontainer.faces.renderkit] (default task-1) No decoding necessary since the component j_idt7 is not an instance or a sub class of UIInput
[0m[32m14:37:08,226 FINE  [jakarta.enterprise.resource.webcontainer.faces.renderkit] (default task-1) No decoding necessary since the component j_idt13 is not an instance or a sub class of UIInput
[0m[32m14:37:08,226 FINE  [jakarta.enterprise.resource.webcontainer.faces.renderkit] (default task-1) No decoding necessary since the component j_idt11 is not an instance or a sub class of UIInput
[0m[32m14:37:08,226 FINE  [jakarta.enterprise.resource.webcontainer.faces.renderkit] (default task-1) No decoding necessary since the component j_idt17 is not an instance or a sub class of UIInput
[0m[32m14:37:08,226 FINE  [jakarta.enterprise.resource.webcontainer.faces.renderkit] (default task-1) No decoding necessary since the component j_idt15 is not an instance or a sub class of UIInput
[0m[32m14:37:08,226 FINE  [jakarta.enterprise.resource.webcontainer.faces.renderkit] (default task-1) UIForm with client ID j_idt18, submitted
[0m[32m14:37:08,226 FINE  [jakarta.enterprise.resource.webcontainer.faces.renderkit] (default task-1) This command resulted in form submission  ActionEvent queued.
[0m[32m14:37:08,226 FINE  [jakarta.enterprise.resource.webcontainer.faces.renderkit] (default task-1) End decoding component j_idt21
[0m[32m14:37:08,226 FINE  [jakarta.enterprise.resource.webcontainer.faces.renderkit] (default task-1) No decoding necessary since the component j_idt19 is not an instance or a sub class of UIInput
[0m[32m14:37:08,226 FINE  [jakarta.enterprise.resource.webcontainer.faces.renderkit] (default task-1) No decoding necessary since the component j_idt23 is not an instance or a sub class of UIInput
[0m[32m14:37:08,226 FINE  [jakarta.enterprise.resource.webcontainer.faces.lifecycle] (default task-1) Exiting ApplyRequestValuesPhase
[0m[32m14:37:08,226 FINE  [jakarta.enterprise.resource.webcontainer.faces.timing] (default task-1)  [TIMING] - [1ms] : Execution time for phase (including any PhaseListeners) -> APPLY_REQUEST_VALUES 2
[0m[32m14:37:08,226 FINE  [jakarta.enterprise.resource.webcontainer.faces.lifecycle] (default task-1) Entering ProcessValidationsPhase
[0m[32m14:37:08,227 FINE  [jakarta.enterprise.resource.webcontainer.faces.lifecycle] (default task-1) Exiting ProcessValidationsPhase
[0m[32m14:37:08,227 FINE  [jakarta.enterprise.resource.webcontainer.faces.timing] (default task-1)  [TIMING] - [1ms] : Execution time for phase (including any PhaseListeners) -> PROCESS_VALIDATIONS 3
[0m[32m14:37:08,227 FINE  [jakarta.enterprise.resource.webcontainer.faces.lifecycle] (default task-1) Entering UpdateModelValuesPhase
[0m[32m14:37:08,227 FINE  [jakarta.enterprise.resource.webcontainer.faces.lifecycle] (default task-1) Exiting UpdateModelValuesPhase
[0m[32m14:37:08,227 FINE  [jakarta.enterprise.resource.webcontainer.faces.timing] (default task-1)  [TIMING] - [0ms] : Execution time for phase (including any PhaseListeners) -> UPDATE_MODEL_VALUES 4
[0m[32m14:37:08,227 FINE  [jakarta.enterprise.resource.webcontainer.faces.lifecycle] (default task-1) Entering InvokeApplicationsPhase
[0m[32m14:37:08,227 FINE  [jakarta.enterprise.resource.webcontainer.faces.application] (default task-1) processAction(j_idt21)
[0m[32m14:37:08,228 FINE  [jakarta.enterprise.resource.webcontainer.faces.application] (default task-1) Redirecting to path /index.xhtml for outcome index.xhtml?faces-redirect=trueand viewId /index.xhtml
[0m[32m14:37:08,230 DEBUG [org.wildfly.clustering.marshalling.ByteBufferMarshalledValue] (default task-1) Marshalled size of java.util.concurrent.ConcurrentHashMap object = 1978 bytes
[0m[32m14:37:08,266 FINE  [jakarta.enterprise.resource.webcontainer.faces.application] (default task-1) Response complete for /index.xhtml
[0m[32m14:37:08,266 FINE  [jakarta.enterprise.resource.webcontainer.faces.lifecycle] (default task-1) Exiting InvokeApplicationsPhase
[0m[32m14:37:08,266 FINE  [jakarta.enterprise.resource.webcontainer.faces.timing] (default task-1)  [TIMING] - [39ms] : Execution time for phase (including any PhaseListeners) -> INVOKE_APPLICATION 5
[0m[32m14:37:08,266 FINE  [jakarta.enterprise.resource.webcontainer.faces.lifecycle] (default task-1) render(com.sun.faces.context.FacesContextImpl@1cf8ee41)
[0m[32m14:37:08,269 DEBUG [org.wildfly.clustering.marshalling.ByteBufferMarshalledValue] (default task-1) Marshalled size of java.util.concurrent.ConcurrentHashMap object = 1978 bytes
[0m[32m14:37:08,325 DEBUG [org.wildfly.clustering.marshalling.ByteBufferMarshalledValue] (default task-1) Marshalled size of java.util.concurrent.ConcurrentHashMap object = 1978 bytes
[0m[32m14:37:08,325 DEBUG [io.undertow.request] (default I/O-5) Matched default handler path /index.xhtml
[0m[32m14:37:08,327 FINE  [jakarta.enterprise.resource.webcontainer.faces.lifecycle] (default task-3) execute(com.sun.faces.context.FacesContextImpl@4ef4ee2f)
[0m[32m14:37:08,327 FINE  [jakarta.enterprise.resource.webcontainer.faces.lifecycle] (default task-3) Entering RestoreViewPhase
[0m[32m14:37:08,327 FINE  [jakarta.enterprise.resource.webcontainer.faces.application] (default task-3) Created component with component type of 'jakarta.faces.ViewRoot'
[0m[32m14:37:08,327 FINE  [jakarta.enterprise.resource.webcontainer.faces.application] (default task-3) Created component with component type of 'jakarta.faces.ViewRoot'
[0m[32m14:37:08,327 FINE  [jakarta.enterprise.resource.webcontainer.faces.application] (default task-3) Created component with component type of 'jakarta.faces.ViewRoot'
[0m[32m14:37:08,327 FINE  [jakarta.enterprise.resource.webcontainer.faces.lifecycle] (default task-3) New request: creating a view for /index.xhtml
[0m[32m14:37:08,327 FINE  [jakarta.enterprise.resource.webcontainer.faces.application] (default task-3) Created component with component type of 'jakarta.faces.ViewRoot'
[0m[32m14:37:08,328 FINE  [jakarta.enterprise.resource.webcontainer.faces.application] (default task-3) Created new view for /index.xhtml
[0m[32m14:37:08,328 FINE  [jakarta.enterprise.resource.webcontainer.faces.application] (default task-3) Locale for this view as determined by calculateLocale en_US
[0m[32m14:37:08,328 FINE  [jakarta.enterprise.resource.webcontainer.faces.application] (default task-3) Created component with component type of 'jakarta.faces.ViewRoot'
[0m[32m14:37:08,328 FINE  [jakarta.enterprise.resource.webcontainer.faces.application] (default task-3) RenderKitId for this view as determined by calculateRenderKitId HTML_BASIC
[0m[32m14:37:08,328 FINE  [jakarta.enterprise.resource.webcontainer.faces.lifecycle] (default task-3) Exiting RestoreViewPhase
[0m[32m14:37:08,329 FINE  [jakarta.enterprise.resource.webcontainer.faces.timing] (default task-3)  [TIMING] - [1ms] : Execution time for phase (including any PhaseListeners) -> RESTORE_VIEW 1
[0m[32m14:37:08,329 FINE  [jakarta.enterprise.resource.webcontainer.faces.lifecycle] (default task-3) render(com.sun.faces.context.FacesContextImpl@4ef4ee2f)
[0m[32m14:37:08,329 FINE  [jakarta.enterprise.resource.webcontainer.faces.lifecycle] (default task-3) Entering RenderResponsePhase
[0m[32m14:37:08,329 FINE  [jakarta.enterprise.resource.webcontainer.faces.lifecycle] (default task-3) About to render view /index.xhtml
[0m[32m14:37:08,329 FINE  [jakarta.enterprise.resource.webcontainer.faces.application] (default task-3) Building View: /index.xhtml
[0m[32m14:37:08,329 FINE  [jakarta.enterprise.resource.webcontainer.faces.application] (default task-3) Created component with component type of 'jakarta.faces.Output'
[0m[32m14:37:08,329 FINE  [jakarta.enterprise.resource.webcontainer.faces.facelets.tag.component] (default task-3) /index.xhtml @6,11 <h:head> Component[2059540600_7ac2185f] Created: jakarta.faces.component.UIOutput
[0m[32m14:37:08,329 FINE  [jakarta.enterprise.resource.webcontainer.faces.application] (default task-3) Created component with component type of 'jakarta.faces.OutputBody'
[0m[32m14:37:08,329 FINE  [jakarta.enterprise.resource.webcontainer.faces.facelets.tag.component] (default task-3) /index.xhtml @10,11 <h:body> Component[2059540600_7ac21839] Created: jakarta.faces.component.html.HtmlBody
[0m[32m14:37:08,330 FINE  [jakarta.enterprise.resource.webcontainer.faces.application] (default task-3) Created component with component type of 'jakarta.faces.HtmlPanelGroup'
[0m[32m14:37:08,330 FINE  [jakarta.enterprise.resource.webcontainer.faces.facelets.tag.component] (default task-3) /index.xhtml @13,60 <h:panelGroup> Component[2059540600_7ac21823] Created: jakarta.faces.component.html.HtmlPanelGroup
[0m[32m14:37:08,330 FINE  [jakarta.enterprise.resource.webcontainer.faces.application] (default task-3) Created component with component type of 'jakarta.faces.HtmlOutputText'
[0m[32m14:37:08,330 FINE  [jakarta.enterprise.resource.webcontainer.faces.facelets.tag.component] (default task-3) /index.xhtml @15,61 <h:outputText> Component[2059540600_7ac2180d] Created: jakarta.faces.component.html.HtmlOutputText
[0m[32m14:37:08,330 FINE  [jakarta.enterprise.resource.webcontainer.faces.application] (default task-3) Created component with component type of 'jakarta.faces.HtmlPanelGroup'
[0m[32m14:37:08,330 FINE  [jakarta.enterprise.resource.webcontainer.faces.facelets.tag.component] (default task-3) /index.xhtml @17,60 <h:panelGroup> Component[2059540600_7ac218fa] Created: jakarta.faces.component.html.HtmlPanelGroup
[0m[32m14:37:08,330 FINE  [jakarta.enterprise.resource.webcontainer.faces.application] (default task-3) Created component with component type of 'jakarta.faces.HtmlOutputText'
[0m[32m14:37:08,330 FINE  [jakarta.enterprise.resource.webcontainer.faces.facelets.tag.component] (default task-3) /index.xhtml @19,60 <h:outputText> Component[2059540600_7ac218e4] Created: jakarta.faces.component.html.HtmlOutputText
[0m[32m14:37:08,330 FINE  [jakarta.enterprise.resource.webcontainer.faces.application] (default task-3) Created component with component type of 'jakarta.faces.HtmlPanelGroup'
[0m[32m14:37:08,330 FINE  [jakarta.enterprise.resource.webcontainer.faces.facelets.tag.component] (default task-3) /index.xhtml @21,61 <h:panelGroup> Component[2059540600_7ac218d1] Created: jakarta.faces.component.html.HtmlPanelGroup
[0m[32m14:37:08,330 FINE  [jakarta.enterprise.resource.webcontainer.faces.application] (default task-3) Created component with component type of 'jakarta.faces.HtmlOutputText'
[0m[32m14:37:08,330 FINE  [jakarta.enterprise.resource.webcontainer.faces.facelets.tag.component] (default task-3) /index.xhtml @23,59 <h:outputText> Component[2059540600_7ac218bb] Created: jakarta.faces.component.html.HtmlOutputText
[0m[32m14:37:08,330 FINE  [jakarta.enterprise.resource.webcontainer.faces.application] (default task-3) Created component with component type of 'jakarta.faces.HtmlForm'
[0m[32m14:37:08,331 FINE  [jakarta.enterprise.resource.webcontainer.faces.facelets.tag.component] (default task-3) /index.xhtml @26,11 <h:form> Component[2059540600_7ac218a8] Created: jakarta.faces.component.html.HtmlForm
[0m[32m14:37:08,331 FINE  [jakarta.enterprise.resource.webcontainer.faces.application] (default task-3) Created component with component type of 'jakarta.faces.HtmlPanelGroup'
[0m[32m14:37:08,331 FINE  [jakarta.enterprise.resource.webcontainer.faces.facelets.tag.component] (default task-3) /index.xhtml @27,62 <h:panelGroup> Component[2059540600_7ac21892] Created: jakarta.faces.component.html.HtmlPanelGroup
[0m[32m14:37:08,331 FINE  [jakarta.enterprise.resource.webcontainer.faces.application] (default task-3) Created component with component type of 'jakarta.faces.HtmlCommandButton'
[0m[32m14:37:08,331 FINE  [jakarta.enterprise.resource.webcontainer.faces.facelets.tag.component] (default task-3) /index.xhtml @29,119 <h:commandButton> Component[2059540600_7ac2197c] Created: jakarta.faces.component.html.HtmlCommandButton
[0m[32m14:37:08,331 FINE  [jakarta.enterprise.resource.webcontainer.faces.application] (default task-3) Created component with component type of 'jakarta.faces.HtmlCommandButton'
[0m[32m14:37:08,331 FINE  [jakarta.enterprise.resource.webcontainer.faces.facelets.tag.component] (default task-3) /index.xhtml @30,112 <h:commandButton> Component[2059540600_7ac21969] Created: jakarta.faces.component.html.HtmlCommandButton
[0m[32m14:37:08,331 FINE  [jakarta.enterprise.resource.webcontainer.faces.application] (default task-3) Created component with component type of 'jakarta.faces.HtmlPanelGroup'
[0m[32m14:37:08,331 FINE  [jakarta.enterprise.resource.webcontainer.faces.facelets.tag.component] (default task-3) /index.xhtml @33,34 <h:panelGroup> Component[2059540600_7ac21966] Created: jakarta.faces.component.html.HtmlPanelGroup
[0m[32m14:37:08,331 FINE  [jakarta.enterprise.resource.webcontainer.faces.application] (default task-3) Created component with component type of 'jakarta.faces.HtmlCommandButton'
[0m[32m14:37:08,331 FINE  [jakarta.enterprise.resource.webcontainer.faces.facelets.tag.component] (default task-3) /index.xhtml @35,124 <h:commandButton> Component[2059540600_7ac21940] Created: jakarta.faces.component.html.HtmlCommandButton
[0m[32m14:37:08,331 FINE  [jakarta.enterprise.resource.webcontainer.faces.application] (default task-3) Created component with component type of 'jakarta.faces.HtmlCommandButton'
[0m[32m14:37:08,331 FINE  [jakarta.enterprise.resource.webcontainer.faces.facelets.tag.component] (default task-3) /index.xhtml @36,117 <h:commandButton> Component[2059540600_7ac2193d] Created: jakarta.faces.component.html.HtmlCommandButton
[0m[32m14:37:08,332 FINE  [jakarta.enterprise.resource.webcontainer.faces.application] (default task-3) Rendering View: /index.xhtml
[0m[32m14:37:08,340 DEBUG [io.undertow.request] (default I/O-2) Matched default handler path /.well-known/appspecific/com.chrome.devtools.json
[0m[32m14:37:08,343 DEBUG [org.wildfly.clustering.marshalling.ByteBufferMarshalledValue] (default task-3) Marshalled size of java.util.concurrent.ConcurrentHashMap object = 588 bytes
[0m[32m14:37:08,348 FINE  [jakarta.enterprise.resource.webcontainer.faces.renderkit] (default task-3) component.getValue() returned plVcPSt7wNrP_CCaxTTdjkYb-CzmlV5Dj6FmNSYa
[0m[32m14:37:08,349 FINE  [jakarta.enterprise.resource.webcontainer.faces.renderkit] (default task-3) Value to be rendered plVcPSt7wNrP_CCaxTTdjkYb-CzmlV5Dj6FmNSYa
[0m[32m14:37:08,349 FINE  [jakarta.enterprise.resource.webcontainer.faces.renderkit] (default task-3) component.getValue() returned 060a48fb51ef
[0m[32m14:37:08,349 FINE  [jakarta.enterprise.resource.webcontainer.faces.renderkit] (default task-3) Value to be rendered 060a48fb51ef
[0m[32m14:37:08,358 FINE  [jakarta.enterprise.resource.webcontainer.faces.renderkit] (default task-3) component.getValue() returned 0
[0m[32m14:37:08,359 FINE  [jakarta.enterprise.resource.webcontainer.faces.application] (default task-3) Created converter of type 'jakarta.faces.convert.IntegerConverter'
[0m[32m14:37:08,359 FINE  [jakarta.enterprise.resource.webcontainer.faces.renderkit] (default task-3) Value to be rendered 0
[0m[32m14:37:08,360 FINE  [jakarta.enterprise.resource.webcontainer.faces.application] (default task-3) Begin writing marker for viewId /index.xhtml
[0m[32m14:37:08,360 FINE  [jakarta.enterprise.resource.webcontainer.faces.application] (default task-3) End writing marker for viewId /index.xhtml
[0m[32m14:37:08,361 FINE  [jakarta.faces.component] (default task-3) j_id1
[0m[32m14:37:08,361 FINE  [jakarta.enterprise.resource.webcontainer.faces.lifecycle] (default task-3) Exiting RenderResponsePhase
[0m[32m14:37:08,361 FINE  [jakarta.enterprise.resource.webcontainer.faces.timing] (default task-3)  [TIMING] - [32ms] : Execution time for phase (including any PhaseListeners) -> RENDER_RESPONSE 6
[0m[32m14:37:08,362 DEBUG [io.undertow.request.io] (default task-3) UT005013: An IOException occurred: java.net.SocketException: Connection reset
	at java.base/sun.nio.ch.SocketChannelImpl.throwConnectionReset(SocketChannelImpl.java:401)
	at java.base/sun.nio.ch.SocketChannelImpl.read(SocketChannelImpl.java:434)
	at org.jboss.xnio.nio@3.8.16.Final-redhat-00001//org.xnio.nio.NioSocketConduit.read(NioSocketConduit.java:289)
	at org.jboss.xnio@3.8.16.Final-redhat-00001//org.xnio.conduits.AbstractStreamSourceConduit.read(AbstractStreamSourceConduit.java:51)
	at io.undertow.core@2.3.23.SP3-redhat-00001//io.undertow.conduits.ReadTimeoutStreamSourceConduit.read(ReadTimeoutStreamSourceConduit.java:181)
	at org.jboss.xnio@3.8.16.Final-redhat-00001//org.xnio.conduits.AbstractStreamSourceConduit.read(AbstractStreamSourceConduit.java:51)
	at io.undertow.core@2.3.23.SP3-redhat-00001//io.undertow.conduits.BytesReceivedStreamSourceConduit.read(BytesReceivedStreamSourceConduit.java:67)
	at org.jboss.xnio@3.8.16.Final-redhat-00001//org.xnio.conduits.ConduitStreamSourceChannel.read(ConduitStreamSourceChannel.java:127)
	at io.undertow.core@2.3.23.SP3-redhat-00001//io.undertow.util.ConnectionUtils.doDrain(ConnectionUtils.java:96)
	at io.undertow.core@2.3.23.SP3-redhat-00001//io.undertow.util.ConnectionUtils.cleanClose(ConnectionUtils.java:74)
	at io.undertow.core@2.3.23.SP3-redhat-00001//io.undertow.server.protocol.http.HttpReadListener.exchangeComplete(HttpReadListener.java:374)
	at io.undertow.core@2.3.23.SP3-redhat-00001//io.undertow.server.protocol.http.HttpServerConnection.exchangeComplete(HttpServerConnection.java:244)
	at io.undertow.core@2.3.23.SP3-redhat-00001//io.undertow.server.HttpServerExchange$ExchangeCompleteNextListener.proceed(HttpServerExchange.java:2062)
	at io.undertow.core@2.3.23.SP3-redhat-00001//io.undertow.server.ConnectorStatisticsImpl$1.exchangeEvent(ConnectorStatisticsImpl.java:75)
	at io.undertow.core@2.3.23.SP3-redhat-00001//io.undertow.server.HttpServerExchange$ExchangeCompleteNextListener.proceed(HttpServerExchange.java:2060)
	at io.undertow.core@2.3.23.SP3-redhat-00001//io.undertow.server.handlers.MetricsHandler$2.exchangeEvent(MetricsHandler.java:60)
	at io.undertow.core@2.3.23.SP3-redhat-00001//io.undertow.server.HttpServerExchange.invokeExchangeCompleteListeners(HttpServerExchange.java:1436)
	at io.undertow.core@2.3.23.SP3-redhat-00001//io.undertow.server.HttpServerExchange.terminateResponse(HttpServerExchange.java:1723)
	at io.undertow.core@2.3.23.SP3-redhat-00001//io.undertow.server.Connectors.terminateResponse(Connectors.java:198)
	at io.undertow.core@2.3.23.SP3-redhat-00001//io.undertow.server.protocol.http.ServerFixedLengthStreamSinkConduit.channelFinished(ServerFixedLengthStreamSinkConduit.java:58)
	at io.undertow.core@2.3.23.SP3-redhat-00001//io.undertow.conduits.AbstractFixedLengthStreamSinkConduit.exitFlush(AbstractFixedLengthStreamSinkConduit.java:316)
	at io.undertow.core@2.3.23.SP3-redhat-00001//io.undertow.conduits.AbstractFixedLengthStreamSinkConduit.flush(AbstractFixedLengthStreamSinkConduit.java:234)
	at org.jboss.xnio@3.8.16.Final-redhat-00001//org.xnio.conduits.ConduitStreamSinkChannel.flush(ConduitStreamSinkChannel.java:162)
	at io.undertow.core@2.3.23.SP3-redhat-00001//io.undertow.channels.DetachableStreamSinkChannel.flush(DetachableStreamSinkChannel.java:119)
	at org.jboss.xnio@3.8.16.Final-redhat-00001//org.xnio.channels.Channels.flushBlocking(Channels.java:63)
	at io.undertow.servlet@2.3.23.SP3-redhat-00001//io.undertow.servlet.spec.ServletOutputStreamImpl.close(ServletOutputStreamImpl.java:654)
	at io.undertow.servlet@2.3.23.SP3-redhat-00001//io.undertow.servlet.spec.ServletPrintWriter.close(ServletPrintWriter.java:130)
	at io.undertow.servlet@2.3.23.SP3-redhat-00001//io.undertow.servlet.spec.ServletPrintWriterDelegate.close(ServletPrintWriterDelegate.java:79)
	at io.undertow.servlet@2.3.23.SP3-redhat-00001//io.undertow.servlet.spec.HttpServletResponseImpl.closeStreamAndWriter(HttpServletResponseImpl.java:505)
	at io.undertow.servlet@2.3.23.SP3-redhat-00001//io.undertow.servlet.spec.HttpServletResponseImpl.responseDone(HttpServletResponseImpl.java:606)
	at io.undertow.servlet@2.3.23.SP3-redhat-00001//io.undertow.servlet.handlers.ServletInitialHandler.handleFirstRequest(ServletInitialHandler.java:330)
	at io.undertow.servlet@2.3.23.SP3-redhat-00001//io.undertow.servlet.handlers.ServletInitialHandler$1.call(ServletInitialHandler.java:130)
	at io.undertow.servlet@2.3.23.SP3-redhat-00001//io.undertow.servlet.handlers.ServletInitialHandler$1.call(ServletInitialHandler.java:127)
	at io.undertow.servlet@2.3.23.SP3-redhat-00001//io.undertow.servlet.core.ServletRequestContextThreadSetupAction$1.call(ServletRequestContextThreadSetupAction.java:48)
	at io.undertow.servlet@2.3.23.SP3-redhat-00001//io.undertow.servlet.core.ContextClassLoaderSetupAction$1.call(ContextClassLoaderSetupAction.java:43)
	at org.wildfly.extension.undertow@8.1.1.GA-redhat-00012//org.wildfly.extension.undertow.deployment.UndertowDeploymentInfoService$UndertowThreadSetupAction.lambda$create$0(UndertowDeploymentInfoService.java:1421)
	at org.wildfly.extension.undertow@8.1.1.GA-redhat-00012//org.wildfly.extension.undertow.deployment.UndertowDeploymentInfoService$UndertowThreadSetupAction.lambda$create$0(UndertowDeploymentInfoService.java:1421)
	at org.wildfly.extension.undertow@8.1.1.GA-redhat-00012//org.wildfly.extension.undertow.deployment.UndertowDeploymentInfoService$UndertowThreadSetupAction.lambda$create$0(UndertowDeploymentInfoService.java:1421)
	at org.wildfly.extension.undertow@8.1.1.GA-redhat-00012//org.wildfly.extension.undertow.deployment.UndertowDeploymentInfoService$UndertowThreadSetupAction.lambda$create$0(UndertowDeploymentInfoService.java:1421)
	at io.undertow.servlet@2.3.23.SP3-redhat-00001//io.undertow.servlet.handlers.ServletInitialHandler.dispatchRequest(ServletInitialHandler.java:251)
	at io.undertow.servlet@2.3.23.SP3-redhat-00001//io.undertow.servlet.handlers.ServletInitialHandler.lambda$new$1(ServletInitialHandler.java:99)
	at io.undertow.core@2.3.23.SP3-redhat-00001//io.undertow.server.Connectors.executeRootHandler(Connectors.java:418)
	at io.undertow.core@2.3.23.SP3-redhat-00001//io.undertow.server.HttpServerExchange$1.run(HttpServerExchange.java:938)
	at org.jboss.threads@2.5.0.redhat-00001//org.jboss.threads.ContextClassLoaderSavingRunnable.run(ContextClassLoaderSavingRunnable.java:35)
	at org.jboss.threads@2.5.0.redhat-00001//org.jboss.threads.EnhancedQueueExecutor.safeRun(EnhancedQueueExecutor.java:2024)
	at org.jboss.threads@2.5.0.redhat-00001//org.jboss.threads.EnhancedQueueExecutor$ThreadBody.doRunTask(EnhancedQueueExecutor.java:1520)
	at org.jboss.threads@2.5.0.redhat-00001//org.jboss.threads.EnhancedQueueExecutor$ThreadBody.run(EnhancedQueueExecutor.java:1411)
	at org.jboss.xnio@3.8.16.Final-redhat-00001//org.xnio.XnioWorker$WorkerThreadFactory$1$1.run(XnioWorker.java:1282)
	at java.base/java.lang.Thread.run(Thread.java:1583)

[0m[32m14:37:08,364 DEBUG [org.wildfly.clustering.marshalling.ByteBufferMarshalledValue] (default task-3) Marshalled size of java.util.concurrent.ConcurrentHashMap object = 1884 bytes
[0m[32m14:37:08,638 DEBUG [io.undertow.request] (default I/O-2) Matched default handler path /index.xhtml
[0m[32m14:37:08,640 FINE  [jakarta.enterprise.resource.webcontainer.faces.lifecycle] (default task-3) execute(com.sun.faces.context.FacesContextImpl@3c812225)
[0m[32m14:37:08,640 FINE  [jakarta.enterprise.resource.webcontainer.faces.lifecycle] (default task-3) Entering RestoreViewPhase
[0m[32m14:37:08,641 FINE  [jakarta.enterprise.resource.webcontainer.faces.application] (default task-3) Created component with component type of 'jakarta.faces.ViewRoot'
[0m[32m14:37:08,641 FINE  [jakarta.enterprise.resource.webcontainer.faces.application] (default task-3) Created component with component type of 'jakarta.faces.ViewRoot'
[0m[32m14:37:08,641 FINE  [jakarta.enterprise.resource.webcontainer.faces.application] (default task-3) Created component with component type of 'jakarta.faces.ViewRoot'
[0m[32m14:37:08,641 FINE  [jakarta.enterprise.resource.webcontainer.faces.lifecycle] (default task-3) New request: creating a view for /index.xhtml
[0m[32m14:37:08,641 FINE  [jakarta.enterprise.resource.webcontainer.faces.application] (default task-3) Created component with component type of 'jakarta.faces.ViewRoot'
[0m[32m14:37:08,641 FINE  [jakarta.enterprise.resource.webcontainer.faces.application] (default task-3) Created new view for /index.xhtml
[0m[32m14:37:08,641 FINE  [jakarta.enterprise.resource.webcontainer.faces.application] (default task-3) Locale for this view as determined by calculateLocale en_US
[0m[32m14:37:08,641 FINE  [jakarta.enterprise.resource.webcontainer.faces.application] (default task-3) Created component with component type of 'jakarta.faces.ViewRoot'
[0m[32m14:37:08,642 FINE  [jakarta.enterprise.resource.webcontainer.faces.application] (default task-3) RenderKitId for this view as determined by calculateRenderKitId HTML_BASIC
[0m[32m14:37:08,642 FINE  [jakarta.enterprise.resource.webcontainer.faces.lifecycle] (default task-3) Exiting RestoreViewPhase
[0m[32m14:37:08,642 FINE  [jakarta.enterprise.resource.webcontainer.faces.timing] (default task-3)  [TIMING] - [2ms] : Execution time for phase (including any PhaseListeners) -> RESTORE_VIEW 1
[0m[32m14:37:08,642 FINE  [jakarta.enterprise.resource.webcontainer.faces.lifecycle] (default task-3) render(com.sun.faces.context.FacesContextImpl@3c812225)
[0m[32m14:37:08,642 FINE  [jakarta.enterprise.resource.webcontainer.faces.lifecycle] (default task-3) Entering RenderResponsePhase
[0m[32m14:37:08,642 FINE  [jakarta.enterprise.resource.webcontainer.faces.lifecycle] (default task-3) About to render view /index.xhtml
[0m[32m14:37:08,642 FINE  [jakarta.enterprise.resource.webcontainer.faces.application] (default task-3) Building View: /index.xhtml
[0m[32m14:37:08,643 FINE  [jakarta.enterprise.resource.webcontainer.faces.application] (default task-3) Created component with component type of 'jakarta.faces.Output'
[0m[32m14:37:08,643 FINE  [jakarta.enterprise.resource.webcontainer.faces.facelets.tag.component] (default task-3) /index.xhtml @6,11 <h:head> Component[2059540600_7ac2185f] Created: jakarta.faces.component.UIOutput
[0m[32m14:37:08,643 FINE  [jakarta.enterprise.resource.webcontainer.faces.application] (default task-3) Created component with component type of 'jakarta.faces.OutputBody'
[0m[32m14:37:08,643 FINE  [jakarta.enterprise.resource.webcontainer.faces.facelets.tag.component] (default task-3) /index.xhtml @10,11 <h:body> Component[2059540600_7ac21839] Created: jakarta.faces.component.html.HtmlBody
[0m[32m14:37:08,643 FINE  [jakarta.enterprise.resource.webcontainer.faces.application] (default task-3) Created component with component type of 'jakarta.faces.HtmlPanelGroup'
[0m[32m14:37:08,660 FINE  [jakarta.enterprise.resource.webcontainer.faces.facelets.tag.component] (default task-3) /index.xhtml @13,60 <h:panelGroup> Component[2059540600_7ac21823] Created: jakarta.faces.component.html.HtmlPanelGroup
[0m[32m14:37:08,661 FINE  [jakarta.enterprise.resource.webcontainer.faces.application] (default task-3) Created component with component type of 'jakarta.faces.HtmlOutputText'
[0m[32m14:37:08,661 FINE  [jakarta.enterprise.resource.webcontainer.faces.facelets.tag.component] (default task-3) /index.xhtml @15,61 <h:outputText> Component[2059540600_7ac2180d] Created: jakarta.faces.component.html.HtmlOutputText
[0m[32m14:37:08,661 FINE  [jakarta.enterprise.resource.webcontainer.faces.application] (default task-3) Created component with component type of 'jakarta.faces.HtmlPanelGroup'
[0m[32m14:37:08,661 FINE  [jakarta.enterprise.resource.webcontainer.faces.facelets.tag.component] (default task-3) /index.xhtml @17,60 <h:panelGroup> Component[2059540600_7ac218fa] Created: jakarta.faces.component.html.HtmlPanelGroup
[0m[32m14:37:08,661 FINE  [jakarta.enterprise.resource.webcontainer.faces.application] (default task-3) Created component with component type of 'jakarta.faces.HtmlOutputText'
[0m[32m14:37:08,661 FINE  [jakarta.enterprise.resource.webcontainer.faces.facelets.tag.component] (default task-3) /index.xhtml @19,60 <h:outputText> Component[2059540600_7ac218e4] Created: jakarta.faces.component.html.HtmlOutputText
[0m[32m14:37:08,661 FINE  [jakarta.enterprise.resource.webcontainer.faces.application] (default task-3) Created component with component type of 'jakarta.faces.HtmlPanelGroup'
[0m[32m14:37:08,661 FINE  [jakarta.enterprise.resource.webcontainer.faces.facelets.tag.component] (default task-3) /index.xhtml @21,61 <h:panelGroup> Component[2059540600_7ac218d1] Created: jakarta.faces.component.html.HtmlPanelGroup
[0m[32m14:37:08,662 FINE  [jakarta.enterprise.resource.webcontainer.faces.application] (default task-3) Created component with component type of 'jakarta.faces.HtmlOutputText'
[0m[32m14:37:08,662 FINE  [jakarta.enterprise.resource.webcontainer.faces.facelets.tag.component] (default task-3) /index.xhtml @23,59 <h:outputText> Component[2059540600_7ac218bb] Created: jakarta.faces.component.html.HtmlOutputText
[0m[32m14:37:08,662 FINE  [jakarta.enterprise.resource.webcontainer.faces.application] (default task-3) Created component with component type of 'jakarta.faces.HtmlForm'
[0m[32m14:37:08,662 FINE  [jakarta.enterprise.resource.webcontainer.faces.facelets.tag.component] (default task-3) /index.xhtml @26,11 <h:form> Component[2059540600_7ac218a8] Created: jakarta.faces.component.html.HtmlForm
[0m[32m14:37:08,662 FINE  [jakarta.enterprise.resource.webcontainer.faces.application] (default task-3) Created component with component type of 'jakarta.faces.HtmlPanelGroup'
[0m[32m14:37:08,662 FINE  [jakarta.enterprise.resource.webcontainer.faces.facelets.tag.component] (default task-3) /index.xhtml @27,62 <h:panelGroup> Component[2059540600_7ac21892] Created: jakarta.faces.component.html.HtmlPanelGroup
[0m[32m14:37:08,662 FINE  [jakarta.enterprise.resource.webcontainer.faces.application] (default task-3) Created component with component type of 'jakarta.faces.HtmlCommandButton'
[0m[32m14:37:08,662 FINE  [jakarta.enterprise.resource.webcontainer.faces.facelets.tag.component] (default task-3) /index.xhtml @29,119 <h:commandButton> Component[2059540600_7ac2197c] Created: jakarta.faces.component.html.HtmlCommandButton
[0m[32m14:37:08,662 FINE  [jakarta.enterprise.resource.webcontainer.faces.application] (default task-3) Created component with component type of 'jakarta.faces.HtmlCommandButton'
[0m[32m14:37:08,662 FINE  [jakarta.enterprise.resource.webcontainer.faces.facelets.tag.component] (default task-3) /index.xhtml @30,112 <h:commandButton> Component[2059540600_7ac21969] Created: jakarta.faces.component.html.HtmlCommandButton
[0m[32m14:37:08,662 FINE  [jakarta.enterprise.resource.webcontainer.faces.application] (default task-3) Created component with component type of 'jakarta.faces.HtmlPanelGroup'
[0m[32m14:37:08,662 FINE  [jakarta.enterprise.resource.webcontainer.faces.facelets.tag.component] (default task-3) /index.xhtml @33,34 <h:panelGroup> Component[2059540600_7ac21966] Created: jakarta.faces.component.html.HtmlPanelGroup
[0m[32m14:37:08,663 FINE  [jakarta.enterprise.resource.webcontainer.faces.application] (default task-3) Created component with component type of 'jakarta.faces.HtmlCommandButton'
[0m[32m14:37:08,663 FINE  [jakarta.enterprise.resource.webcontainer.faces.facelets.tag.component] (default task-3) /index.xhtml @35,124 <h:commandButton> Component[2059540600_7ac21940] Created: jakarta.faces.component.html.HtmlCommandButton
[0m[32m14:37:08,663 FINE  [jakarta.enterprise.resource.webcontainer.faces.application] (default task-3) Created component with component type of 'jakarta.faces.HtmlCommandButton'
[0m[32m14:37:08,663 FINE  [jakarta.enterprise.resource.webcontainer.faces.facelets.tag.component] (default task-3) /index.xhtml @36,117 <h:commandButton> Component[2059540600_7ac2193d] Created: jakarta.faces.component.html.HtmlCommandButton
[0m[32m14:37:08,663 FINE  [jakarta.enterprise.resource.webcontainer.faces.application] (default task-3) Rendering View: /index.xhtml
[0m[32m14:37:08,664 FINE  [jakarta.enterprise.resource.webcontainer.faces.renderkit] (default task-3) component.getValue() returned jNQGv0URH6n513ivo2My-hSdtRiKOkU1NKyrSGui
[0m[32m14:37:08,664 FINE  [jakarta.enterprise.resource.webcontainer.faces.renderkit] (default task-3) Value to be rendered jNQGv0URH6n513ivo2My-hSdtRiKOkU1NKyrSGui
[0m[32m14:37:08,664 FINE  [jakarta.enterprise.resource.webcontainer.faces.renderkit] (default task-3) component.getValue() returned 060a48fb51ef
[0m[32m14:37:08,664 FINE  [jakarta.enterprise.resource.webcontainer.faces.renderkit] (default task-3) Value to be rendered 060a48fb51ef
[0m[32m14:37:08,664 FINE  [jakarta.enterprise.resource.webcontainer.faces.renderkit] (default task-3) component.getValue() returned 3
[0m[32m14:37:08,665 FINE  [jakarta.enterprise.resource.webcontainer.faces.application] (default task-3) Created converter of type 'jakarta.faces.convert.IntegerConverter'
[0m[32m14:37:08,665 FINE  [jakarta.enterprise.resource.webcontainer.faces.renderkit] (default task-3) Value to be rendered 3
[0m[32m14:37:08,666 FINE  [jakarta.enterprise.resource.webcontainer.faces.application] (default task-3) Begin writing marker for viewId /index.xhtml
[0m[32m14:37:08,666 FINE  [jakarta.enterprise.resource.webcontainer.faces.application] (default task-3) End writing marker for viewId /index.xhtml
[0m[32m14:37:08,667 FINE  [jakarta.faces.component] (default task-3) j_id1
[0m[32m14:37:08,667 FINE  [jakarta.enterprise.resource.webcontainer.faces.lifecycle] (default task-3) Exiting RenderResponsePhase
[0m[32m14:37:08,667 FINE  [jakarta.enterprise.resource.webcontainer.faces.timing] (default task-3)  [TIMING] - [25ms] : Execution time for phase (including any PhaseListeners) -> RENDER_RESPONSE 6
[0m[32m14:37:08,671 DEBUG [org.wildfly.clustering.marshalling.ByteBufferMarshalledValue] (default task-3) Marshalled size of java.util.concurrent.ConcurrentHashMap object = 1978 bytes
[0m[32m14:37:10,363 DEBUG [io.undertow.request] (default I/O-15) Matched default handler path /index.xhtml
[0m[32m14:37:10,365 FINE  [jakarta.enterprise.resource.webcontainer.faces.lifecycle] (default task-3) execute(com.sun.faces.context.FacesContextImpl@f8c97b6)
[0m[32m14:37:10,365 FINE  [jakarta.enterprise.resource.webcontainer.faces.lifecycle] (default task-3) Entering RestoreViewPhase
[0m[32m14:37:10,365 FINE  [jakarta.enterprise.resource.webcontainer.faces.application] (default task-3) Created component with component type of 'jakarta.faces.ViewRoot'
[0m[32m14:37:10,365 FINE  [jakarta.enterprise.resource.webcontainer.faces.application] (default task-3) Created component with component type of 'jakarta.faces.ViewRoot'
[0m[32m14:37:10,366 FINE  [jakarta.enterprise.resource.webcontainer.faces.application] (default task-3) Created component with component type of 'jakarta.faces.ViewRoot'
[0m[32m14:37:10,366 FINE  [jakarta.enterprise.resource.webcontainer.faces.lifecycle] (default task-3) New request: creating a view for /index.xhtml
[0m[32m14:37:10,366 FINE  [jakarta.enterprise.resource.webcontainer.faces.application] (default task-3) Created component with component type of 'jakarta.faces.ViewRoot'
[0m[32m14:37:10,366 FINE  [jakarta.enterprise.resource.webcontainer.faces.application] (default task-3) Created new view for /index.xhtml
[0m[32m14:37:10,366 FINE  [jakarta.enterprise.resource.webcontainer.faces.application] (default task-3) Locale for this view as determined by calculateLocale en_US
[0m[32m14:37:10,366 FINE  [jakarta.enterprise.resource.webcontainer.faces.application] (default task-3) Created component with component type of 'jakarta.faces.ViewRoot'
[0m[32m14:37:10,366 FINE  [jakarta.enterprise.resource.webcontainer.faces.application] (default task-3) RenderKitId for this view as determined by calculateRenderKitId HTML_BASIC
[0m[32m14:37:10,367 FINE  [jakarta.enterprise.resource.webcontainer.faces.lifecycle] (default task-3) Exiting RestoreViewPhase
[0m[32m14:37:10,367 FINE  [jakarta.enterprise.resource.webcontainer.faces.timing] (default task-3)  [TIMING] - [2ms] : Execution time for phase (including any PhaseListeners) -> RESTORE_VIEW 1
[0m[32m14:37:10,367 FINE  [jakarta.enterprise.resource.webcontainer.faces.lifecycle] (default task-3) render(com.sun.faces.context.FacesContextImpl@f8c97b6)
[0m[32m14:37:10,367 FINE  [jakarta.enterprise.resource.webcontainer.faces.lifecycle] (default task-3) Entering RenderResponsePhase
[0m[32m14:37:10,367 FINE  [jakarta.enterprise.resource.webcontainer.faces.lifecycle] (default task-3) About to render view /index.xhtml
[0m[32m14:37:10,367 FINE  [jakarta.enterprise.resource.webcontainer.faces.application] (default task-3) Building View: /index.xhtml
[0m[32m14:37:10,367 FINE  [jakarta.enterprise.resource.webcontainer.faces.application] (default task-3) Created component with component type of 'jakarta.faces.Output'
[0m[32m14:37:10,367 FINE  [jakarta.enterprise.resource.webcontainer.faces.facelets.tag.component] (default task-3) /index.xhtml @6,11 <h:head> Component[2059540600_7ac2185f] Created: jakarta.faces.component.UIOutput
[0m[32m14:37:10,368 FINE  [jakarta.enterprise.resource.webcontainer.faces.application] (default task-3) Created component with component type of 'jakarta.faces.OutputBody'
[0m[32m14:37:10,368 FINE  [jakarta.enterprise.resource.webcontainer.faces.facelets.tag.component] (default task-3) /index.xhtml @10,11 <h:body> Component[2059540600_7ac21839] Created: jakarta.faces.component.html.HtmlBody
[0m[32m14:37:10,368 FINE  [jakarta.enterprise.resource.webcontainer.faces.application] (default task-3) Created component with component type of 'jakarta.faces.HtmlPanelGroup'
[0m[32m14:37:10,368 FINE  [jakarta.enterprise.resource.webcontainer.faces.facelets.tag.component] (default task-3) /index.xhtml @13,60 <h:panelGroup> Component[2059540600_7ac21823] Created: jakarta.faces.component.html.HtmlPanelGroup
[0m[32m14:37:10,368 FINE  [jakarta.enterprise.resource.webcontainer.faces.application] (default task-3) Created component with component type of 'jakarta.faces.HtmlOutputText'
[0m[32m14:37:10,368 FINE  [jakarta.enterprise.resource.webcontainer.faces.facelets.tag.component] (default task-3) /index.xhtml @15,61 <h:outputText> Component[2059540600_7ac2180d] Created: jakarta.faces.component.html.HtmlOutputText
[0m[32m14:37:10,368 FINE  [jakarta.enterprise.resource.webcontainer.faces.application] (default task-3) Created component with component type of 'jakarta.faces.HtmlPanelGroup'
[0m[32m14:37:10,368 FINE  [jakarta.enterprise.resource.webcontainer.faces.facelets.tag.component] (default task-3) /index.xhtml @17,60 <h:panelGroup> Component[2059540600_7ac218fa] Created: jakarta.faces.component.html.HtmlPanelGroup
[0m[32m14:37:10,368 FINE  [jakarta.enterprise.resource.webcontainer.faces.application] (default task-3) Created component with component type of 'jakarta.faces.HtmlOutputText'
[0m[32m14:37:10,368 FINE  [jakarta.enterprise.resource.webcontainer.faces.facelets.tag.component] (default task-3) /index.xhtml @19,60 <h:outputText> Component[2059540600_7ac218e4] Created: jakarta.faces.component.html.HtmlOutputText
[0m[32m14:37:10,369 FINE  [jakarta.enterprise.resource.webcontainer.faces.application] (default task-3) Created component with component type of 'jakarta.faces.HtmlPanelGroup'
[0m[32m14:37:10,369 FINE  [jakarta.enterprise.resource.webcontainer.faces.facelets.tag.component] (default task-3) /index.xhtml @21,61 <h:panelGroup> Component[2059540600_7ac218d1] Created: jakarta.faces.component.html.HtmlPanelGroup
[0m[32m14:37:10,369 FINE  [jakarta.enterprise.resource.webcontainer.faces.application] (default task-3) Created component with component type of 'jakarta.faces.HtmlOutputText'
[0m[32m14:37:10,369 FINE  [jakarta.enterprise.resource.webcontainer.faces.facelets.tag.component] (default task-3) /index.xhtml @23,59 <h:outputText> Component[2059540600_7ac218bb] Created: jakarta.faces.component.html.HtmlOutputText
[0m[32m14:37:10,369 FINE  [jakarta.enterprise.resource.webcontainer.faces.application] (default task-3) Created component with component type of 'jakarta.faces.HtmlForm'
[0m[32m14:37:10,369 FINE  [jakarta.enterprise.resource.webcontainer.faces.facelets.tag.component] (default task-3) /index.xhtml @26,11 <h:form> Component[2059540600_7ac218a8] Created: jakarta.faces.component.html.HtmlForm
[0m[32m14:37:10,369 FINE  [jakarta.enterprise.resource.webcontainer.faces.application] (default task-3) Created component with component type of 'jakarta.faces.HtmlPanelGroup'
[0m[32m14:37:10,369 FINE  [jakarta.enterprise.resource.webcontainer.faces.facelets.tag.component] (default task-3) /index.xhtml @27,62 <h:panelGroup> Component[2059540600_7ac21892] Created: jakarta.faces.component.html.HtmlPanelGroup
[0m[32m14:37:10,369 FINE  [jakarta.enterprise.resource.webcontainer.faces.application] (default task-3) Created component with component type of 'jakarta.faces.HtmlCommandButton'
[0m[32m14:37:10,369 FINE  [jakarta.enterprise.resource.webcontainer.faces.facelets.tag.component] (default task-3) /index.xhtml @29,119 <h:commandButton> Component[2059540600_7ac2197c] Created: jakarta.faces.component.html.HtmlCommandButton
[0m[32m14:37:10,370 FINE  [jakarta.enterprise.resource.webcontainer.faces.application] (default task-3) Created component with component type of 'jakarta.faces.HtmlCommandButton'
[0m[32m14:37:10,370 FINE  [jakarta.enterprise.resource.webcontainer.faces.facelets.tag.component] (default task-3) /index.xhtml @30,112 <h:commandButton> Component[2059540600_7ac21969] Created: jakarta.faces.component.html.HtmlCommandButton
[0m[32m14:37:10,370 FINE  [jakarta.enterprise.resource.webcontainer.faces.application] (default task-3) Created component with component type of 'jakarta.faces.HtmlPanelGroup'
[0m[32m14:37:10,370 FINE  [jakarta.enterprise.resource.webcontainer.faces.facelets.tag.component] (default task-3) /index.xhtml @33,34 <h:panelGroup> Component[2059540600_7ac21966] Created: jakarta.faces.component.html.HtmlPanelGroup
[0m[32m14:37:10,370 FINE  [jakarta.enterprise.resource.webcontainer.faces.application] (default task-3) Created component with component type of 'jakarta.faces.HtmlCommandButton'
[0m[32m14:37:10,370 FINE  [jakarta.enterprise.resource.webcontainer.faces.facelets.tag.component] (default task-3) /index.xhtml @35,124 <h:commandButton> Component[2059540600_7ac21940] Created: jakarta.faces.component.html.HtmlCommandButton
[0m[32m14:37:10,370 FINE  [jakarta.enterprise.resource.webcontainer.faces.application] (default task-3) Created component with component type of 'jakarta.faces.HtmlCommandButton'
[0m[32m14:37:10,370 FINE  [jakarta.enterprise.resource.webcontainer.faces.facelets.tag.component] (default task-3) /index.xhtml @36,117 <h:commandButton> Component[2059540600_7ac2193d] Created: jakarta.faces.component.html.HtmlCommandButton
[0m[32m14:37:10,370 FINE  [jakarta.enterprise.resource.webcontainer.faces.application] (default task-3) Rendering View: /index.xhtml
[0m[32m14:37:10,373 DEBUG [org.wildfly.clustering.marshalling.ByteBufferMarshalledValue] (default task-3) Marshalled size of java.util.concurrent.ConcurrentHashMap object = 588 bytes
[0m[32m14:37:10,429 FINE  [jakarta.enterprise.resource.webcontainer.faces.renderkit] (default task-3) component.getValue() returned n1CE8WhiIg0HwlNNhzDMe-BLwy8aNxOyIZhvot_N
[0m[32m14:37:10,429 FINE  [jakarta.enterprise.resource.webcontainer.faces.renderkit] (default task-3) Value to be rendered n1CE8WhiIg0HwlNNhzDMe-BLwy8aNxOyIZhvot_N
[0m[32m14:37:10,430 FINE  [jakarta.enterprise.resource.webcontainer.faces.renderkit] (default task-3) component.getValue() returned 060a48fb51ef
[0m[32m14:37:10,430 FINE  [jakarta.enterprise.resource.webcontainer.faces.renderkit] (default task-3) Value to be rendered 060a48fb51ef
[0m[32m14:37:10,430 FINE  [jakarta.enterprise.resource.webcontainer.faces.renderkit] (default task-3) component.getValue() returned 0
[0m[32m14:37:10,431 FINE  [jakarta.enterprise.resource.webcontainer.faces.application] (default task-3) Created converter of type 'jakarta.faces.convert.IntegerConverter'
[0m[32m14:37:10,431 FINE  [jakarta.enterprise.resource.webcontainer.faces.renderkit] (default task-3) Value to be rendered 0
[0m[32m14:37:10,432 FINE  [jakarta.enterprise.resource.webcontainer.faces.application] (default task-3) Begin writing marker for viewId /index.xhtml
[0m[32m14:37:10,432 FINE  [jakarta.enterprise.resource.webcontainer.faces.application] (default task-3) End writing marker for viewId /index.xhtml
[0m[32m14:37:10,432 FINE  [jakarta.faces.component] (default task-3) j_id1
[0m[32m14:37:10,432 FINE  [jakarta.enterprise.resource.webcontainer.faces.lifecycle] (default task-3) Exiting RenderResponsePhase
[0m[32m14:37:10,432 FINE  [jakarta.enterprise.resource.webcontainer.faces.timing] (default task-3)  [TIMING] - [65ms] : Execution time for phase (including any PhaseListeners) -> RENDER_RESPONSE 6
[0m[32m14:37:10,433 DEBUG [io.undertow.request.io] (default I/O-15) UT005013: An IOException occurred: java.net.SocketException: Connection reset
	at java.base/sun.nio.ch.SocketChannelImpl.throwConnectionReset(SocketChannelImpl.java:401)
	at java.base/sun.nio.ch.SocketChannelImpl.read(SocketChannelImpl.java:434)
	at org.jboss.xnio.nio@3.8.16.Final-redhat-00001//org.xnio.nio.NioSocketConduit.read(NioSocketConduit.java:289)
	at org.jboss.xnio@3.8.16.Final-redhat-00001//org.xnio.conduits.AbstractStreamSourceConduit.read(AbstractStreamSourceConduit.java:51)
	at io.undertow.core@2.3.23.SP3-redhat-00001//io.undertow.conduits.ReadTimeoutStreamSourceConduit.read(ReadTimeoutStreamSourceConduit.java:181)
	at org.jboss.xnio@3.8.16.Final-redhat-00001//org.xnio.conduits.AbstractStreamSourceConduit.read(AbstractStreamSourceConduit.java:51)
	at io.undertow.core@2.3.23.SP3-redhat-00001//io.undertow.conduits.BytesReceivedStreamSourceConduit.read(BytesReceivedStreamSourceConduit.java:67)
	at org.jboss.xnio@3.8.16.Final-redhat-00001//org.xnio.conduits.ConduitStreamSourceChannel.read(ConduitStreamSourceChannel.java:127)
	at io.undertow.core@2.3.23.SP3-redhat-00001//io.undertow.util.ConnectionUtils$4.handleEvent(ConnectionUtils.java:110)
	at io.undertow.core@2.3.23.SP3-redhat-00001//io.undertow.util.ConnectionUtils$4.handleEvent(ConnectionUtils.java:106)
	at org.jboss.xnio@3.8.16.Final-redhat-00001//org.xnio.ChannelListeners.invokeChannelListener(ChannelListeners.java:92)
	at org.jboss.xnio@3.8.16.Final-redhat-00001//org.xnio.conduits.ReadReadyHandler$ChannelListenerHandler.readReady(ReadReadyHandler.java:66)
	at io.undertow.core@2.3.23.SP3-redhat-00001//io.undertow.conduits.ReadTimeoutStreamSourceConduit$2.readReady(ReadTimeoutStreamSourceConduit.java:106)
	at org.jboss.xnio.nio@3.8.16.Final-redhat-00001//org.xnio.nio.NioSocketConduit.handleReady(NioSocketConduit.java:89)
	at org.jboss.xnio.nio@3.8.16.Final-redhat-00001//org.xnio.nio.WorkerThread.run(WorkerThread.java:603)

[0m[32m14:37:10,435 DEBUG [org.wildfly.clustering.marshalling.ByteBufferMarshalledValue] (default task-3) Marshalled size of java.util.concurrent.ConcurrentHashMap object = 1884 bytes
[0m[32m14:37:12,435 DEBUG [io.undertow.request] (default I/O-6) Matched default handler path /index.xhtml
[0m[32m14:37:12,436 FINE  [jakarta.enterprise.resource.webcontainer.faces.lifecycle] (default task-3) execute(com.sun.faces.context.FacesContextImpl@6a8acc2f)
[0m[32m14:37:12,436 FINE  [jakarta.enterprise.resource.webcontainer.faces.lifecycle] (default task-3) Entering RestoreViewPhase
[0m[32m14:37:12,436 FINE  [jakarta.enterprise.resource.webcontainer.faces.application] (default task-3) Created component with component type of 'jakarta.faces.ViewRoot'
[0m[32m14:37:12,436 FINE  [jakarta.enterprise.resource.webcontainer.faces.application] (default task-3) Created component with component type of 'jakarta.faces.ViewRoot'
[0m[32m14:37:12,437 FINE  [jakarta.enterprise.resource.webcontainer.faces.application] (default task-3) Created component with component type of 'jakarta.faces.ViewRoot'
[0m[32m14:37:12,437 FINE  [jakarta.enterprise.resource.webcontainer.faces.lifecycle] (default task-3) New request: creating a view for /index.xhtml
[0m[32m14:37:12,437 FINE  [jakarta.enterprise.resource.webcontainer.faces.application] (default task-3) Created component with component type of 'jakarta.faces.ViewRoot'
[0m[32m14:37:12,437 FINE  [jakarta.enterprise.resource.webcontainer.faces.application] (default task-3) Created new view for /index.xhtml
[0m[32m14:37:12,437 FINE  [jakarta.enterprise.resource.webcontainer.faces.application] (default task-3) Locale for this view as determined by calculateLocale en_US
[0m[32m14:37:12,437 FINE  [jakarta.enterprise.resource.webcontainer.faces.application] (default task-3) Created component with component type of 'jakarta.faces.ViewRoot'
[0m[32m14:37:12,437 FINE  [jakarta.enterprise.resource.webcontainer.faces.application] (default task-3) RenderKitId for this view as determined by calculateRenderKitId HTML_BASIC
[0m[32m14:37:12,438 FINE  [jakarta.enterprise.resource.webcontainer.faces.lifecycle] (default task-3) Exiting RestoreViewPhase
[0m[32m14:37:12,438 FINE  [jakarta.enterprise.resource.webcontainer.faces.timing] (default task-3)  [TIMING] - [2ms] : Execution time for phase (including any PhaseListeners) -> RESTORE_VIEW 1
[0m[32m14:37:12,438 FINE  [jakarta.enterprise.resource.webcontainer.faces.lifecycle] (default task-3) render(com.sun.faces.context.FacesContextImpl@6a8acc2f)
[0m[32m14:37:12,438 FINE  [jakarta.enterprise.resource.webcontainer.faces.lifecycle] (default task-3) Entering RenderResponsePhase
[0m[32m14:37:12,438 FINE  [jakarta.enterprise.resource.webcontainer.faces.lifecycle] (default task-3) About to render view /index.xhtml
[0m[32m14:37:12,438 FINE  [jakarta.enterprise.resource.webcontainer.faces.application] (default task-3) Building View: /index.xhtml
[0m[32m14:37:12,439 FINE  [jakarta.enterprise.resource.webcontainer.faces.application] (default task-3) Created component with component type of 'jakarta.faces.Output'
[0m[32m14:37:12,439 FINE  [jakarta.enterprise.resource.webcontainer.faces.facelets.tag.component] (default task-3) /index.xhtml @6,11 <h:head> Component[2059540600_7ac2185f] Created: jakarta.faces.component.UIOutput
[0m[32m14:37:12,439 FINE  [jakarta.enterprise.resource.webcontainer.faces.application] (default task-3) Created component with component type of 'jakarta.faces.OutputBody'
[0m[32m14:37:12,439 FINE  [jakarta.enterprise.resource.webcontainer.faces.facelets.tag.component] (default task-3) /index.xhtml @10,11 <h:body> Component[2059540600_7ac21839] Created: jakarta.faces.component.html.HtmlBody
[0m[32m14:37:12,439 FINE  [jakarta.enterprise.resource.webcontainer.faces.application] (default task-3) Created component with component type of 'jakarta.faces.HtmlPanelGroup'
[0m[32m14:37:12,439 FINE  [jakarta.enterprise.resource.webcontainer.faces.facelets.tag.component] (default task-3) /index.xhtml @13,60 <h:panelGroup> Component[2059540600_7ac21823] Created: jakarta.faces.component.html.HtmlPanelGroup
[0m[32m14:37:12,439 FINE  [jakarta.enterprise.resource.webcontainer.faces.application] (default task-3) Created component with component type of 'jakarta.faces.HtmlOutputText'
[0m[32m14:37:12,439 FINE  [jakarta.enterprise.resource.webcontainer.faces.facelets.tag.component] (default task-3) /index.xhtml @15,61 <h:outputText> Component[2059540600_7ac2180d] Created: jakarta.faces.component.html.HtmlOutputText
[0m[32m14:37:12,439 FINE  [jakarta.enterprise.resource.webcontainer.faces.application] (default task-3) Created component with component type of 'jakarta.faces.HtmlPanelGroup'
[0m[32m14:37:12,440 FINE  [jakarta.enterprise.resource.webcontainer.faces.facelets.tag.component] (default task-3) /index.xhtml @17,60 <h:panelGroup> Component[2059540600_7ac218fa] Created: jakarta.faces.component.html.HtmlPanelGroup
[0m[32m14:37:12,440 FINE  [jakarta.enterprise.resource.webcontainer.faces.application] (default task-3) Created component with component type of 'jakarta.faces.HtmlOutputText'
[0m[32m14:37:12,440 FINE  [jakarta.enterprise.resource.webcontainer.faces.facelets.tag.component] (default task-3) /index.xhtml @19,60 <h:outputText> Component[2059540600_7ac218e4] Created: jakarta.faces.component.html.HtmlOutputText
[0m[32m14:37:12,440 FINE  [jakarta.enterprise.resource.webcontainer.faces.application] (default task-3) Created component with component type of 'jakarta.faces.HtmlPanelGroup'
[0m[32m14:37:12,440 FINE  [jakarta.enterprise.resource.webcontainer.faces.facelets.tag.component] (default task-3) /index.xhtml @21,61 <h:panelGroup> Component[2059540600_7ac218d1] Created: jakarta.faces.component.html.HtmlPanelGroup
[0m[32m14:37:12,440 FINE  [jakarta.enterprise.resource.webcontainer.faces.application] (default task-3) Created component with component type of 'jakarta.faces.HtmlOutputText'
[0m[32m14:37:12,440 FINE  [jakarta.enterprise.resource.webcontainer.faces.facelets.tag.component] (default task-3) /index.xhtml @23,59 <h:outputText> Component[2059540600_7ac218bb] Created: jakarta.faces.component.html.HtmlOutputText
[0m[32m14:37:12,440 FINE  [jakarta.enterprise.resource.webcontainer.faces.application] (default task-3) Created component with component type of 'jakarta.faces.HtmlForm'
[0m[32m14:37:12,440 FINE  [jakarta.enterprise.resource.webcontainer.faces.facelets.tag.component] (default task-3) /index.xhtml @26,11 <h:form> Component[2059540600_7ac218a8] Created: jakarta.faces.component.html.HtmlForm
[0m[32m14:37:12,440 FINE  [jakarta.enterprise.resource.webcontainer.faces.application] (default task-3) Created component with component type of 'jakarta.faces.HtmlPanelGroup'
[0m[32m14:37:12,440 FINE  [jakarta.enterprise.resource.webcontainer.faces.facelets.tag.component] (default task-3) /index.xhtml @27,62 <h:panelGroup> Component[2059540600_7ac21892] Created: jakarta.faces.component.html.HtmlPanelGroup
[0m[32m14:37:12,440 FINE  [jakarta.enterprise.resource.webcontainer.faces.application] (default task-3) Created component with component type of 'jakarta.faces.HtmlCommandButton'
[0m[32m14:37:12,440 FINE  [jakarta.enterprise.resource.webcontainer.faces.facelets.tag.component] (default task-3) /index.xhtml @29,119 <h:commandButton> Component[2059540600_7ac2197c] Created: jakarta.faces.component.html.HtmlCommandButton
[0m[32m14:37:12,441 FINE  [jakarta.enterprise.resource.webcontainer.faces.application] (default task-3) Created component with component type of 'jakarta.faces.HtmlCommandButton'
[0m[32m14:37:12,441 FINE  [jakarta.enterprise.resource.webcontainer.faces.facelets.tag.component] (default task-3) /index.xhtml @30,112 <h:commandButton> Component[2059540600_7ac21969] Created: jakarta.faces.component.html.HtmlCommandButton
[0m[32m14:37:12,441 FINE  [jakarta.enterprise.resource.webcontainer.faces.application] (default task-3) Created component with component type of 'jakarta.faces.HtmlPanelGroup'
[0m[32m14:37:12,441 FINE  [jakarta.enterprise.resource.webcontainer.faces.facelets.tag.component] (default task-3) /index.xhtml @33,34 <h:panelGroup> Component[2059540600_7ac21966] Created: jakarta.faces.component.html.HtmlPanelGroup
[0m[32m14:37:12,441 FINE  [jakarta.enterprise.resource.webcontainer.faces.application] (default task-3) Created component with component type of 'jakarta.faces.HtmlCommandButton'
[0m[32m14:37:12,441 FINE  [jakarta.enterprise.resource.webcontainer.faces.facelets.tag.component] (default task-3) /index.xhtml @35,124 <h:commandButton> Component[2059540600_7ac21940] Created: jakarta.faces.component.html.HtmlCommandButton
[0m[32m14:37:12,441 FINE  [jakarta.enterprise.resource.webcontainer.faces.application] (default task-3) Created component with component type of 'jakarta.faces.HtmlCommandButton'
[0m[32m14:37:12,441 FINE  [jakarta.enterprise.resource.webcontainer.faces.facelets.tag.component] (default task-3) /index.xhtml @36,117 <h:commandButton> Component[2059540600_7ac2193d] Created: jakarta.faces.component.html.HtmlCommandButton
[0m[32m14:37:12,441 FINE  [jakarta.enterprise.resource.webcontainer.faces.application] (default task-3) Rendering View: /index.xhtml
[0m[32m14:37:12,443 DEBUG [org.wildfly.clustering.marshalling.ByteBufferMarshalledValue] (default task-3) Marshalled size of java.util.concurrent.ConcurrentHashMap object = 588 bytes
[0m[32m14:37:12,495 FINE  [jakarta.enterprise.resource.webcontainer.faces.renderkit] (default task-3) component.getValue() returned by_I7LPQESJqj6d1GZJRkGBPOhEzZEX_ZnKk5eao
[0m[32m14:37:12,496 FINE  [jakarta.enterprise.resource.webcontainer.faces.renderkit] (default task-3) Value to be rendered by_I7LPQESJqj6d1GZJRkGBPOhEzZEX_ZnKk5eao
[0m[32m14:37:12,496 FINE  [jakarta.enterprise.resource.webcontainer.faces.renderkit] (default task-3) component.getValue() returned 060a48fb51ef
[0m[32m14:37:12,496 FINE  [jakarta.enterprise.resource.webcontainer.faces.renderkit] (default task-3) Value to be rendered 060a48fb51ef
[0m[32m14:37:12,497 FINE  [jakarta.enterprise.resource.webcontainer.faces.renderkit] (default task-3) component.getValue() returned 0
[0m[32m14:37:12,498 FINE  [jakarta.enterprise.resource.webcontainer.faces.application] (default task-3) Created converter of type 'jakarta.faces.convert.IntegerConverter'
[0m[32m14:37:12,498 FINE  [jakarta.enterprise.resource.webcontainer.faces.renderkit] (default task-3) Value to be rendered 0
[0m[32m14:37:12,499 FINE  [jakarta.enterprise.resource.webcontainer.faces.application] (default task-3) Begin writing marker for viewId /index.xhtml
[0m[32m14:37:12,499 FINE  [jakarta.enterprise.resource.webcontainer.faces.application] (default task-3) End writing marker for viewId /index.xhtml
[0m[32m14:37:12,499 FINE  [jakarta.faces.component] (default task-3) j_id1
[0m[32m14:37:12,499 FINE  [jakarta.enterprise.resource.webcontainer.faces.lifecycle] (default task-3) Exiting RenderResponsePhase
[0m[32m14:37:12,500 FINE  [jakarta.enterprise.resource.webcontainer.faces.timing] (default task-3)  [TIMING] - [61ms] : Execution time for phase (including any PhaseListeners) -> RENDER_RESPONSE 6
[0m[32m14:37:12,501 DEBUG [io.undertow.request.io] (default task-3) UT005013: An IOException occurred: java.net.SocketException: Connection reset
	at java.base/sun.nio.ch.SocketChannelImpl.throwConnectionReset(SocketChannelImpl.java:401)
	at java.base/sun.nio.ch.SocketChannelImpl.read(SocketChannelImpl.java:434)
	at org.jboss.xnio.nio@3.8.16.Final-redhat-00001//org.xnio.nio.NioSocketConduit.read(NioSocketConduit.java:289)
	at org.jboss.xnio@3.8.16.Final-redhat-00001//org.xnio.conduits.AbstractStreamSourceConduit.read(AbstractStreamSourceConduit.java:51)
	at io.undertow.core@2.3.23.SP3-redhat-00001//io.undertow.conduits.ReadTimeoutStreamSourceConduit.read(ReadTimeoutStreamSourceConduit.java:181)
	at org.jboss.xnio@3.8.16.Final-redhat-00001//org.xnio.conduits.AbstractStreamSourceConduit.read(AbstractStreamSourceConduit.java:51)
	at io.undertow.core@2.3.23.SP3-redhat-00001//io.undertow.conduits.BytesReceivedStreamSourceConduit.read(BytesReceivedStreamSourceConduit.java:67)
	at org.jboss.xnio@3.8.16.Final-redhat-00001//org.xnio.conduits.ConduitStreamSourceChannel.read(ConduitStreamSourceChannel.java:127)
	at io.undertow.core@2.3.23.SP3-redhat-00001//io.undertow.util.ConnectionUtils.doDrain(ConnectionUtils.java:96)
	at io.undertow.core@2.3.23.SP3-redhat-00001//io.undertow.util.ConnectionUtils.cleanClose(ConnectionUtils.java:74)
	at io.undertow.core@2.3.23.SP3-redhat-00001//io.undertow.server.protocol.http.HttpReadListener.exchangeComplete(HttpReadListener.java:374)
	at io.undertow.core@2.3.23.SP3-redhat-00001//io.undertow.server.protocol.http.HttpServerConnection.exchangeComplete(HttpServerConnection.java:244)
	at io.undertow.core@2.3.23.SP3-redhat-00001//io.undertow.server.HttpServerExchange$ExchangeCompleteNextListener.proceed(HttpServerExchange.java:2062)
	at io.undertow.core@2.3.23.SP3-redhat-00001//io.undertow.server.ConnectorStatisticsImpl$1.exchangeEvent(ConnectorStatisticsImpl.java:75)
	at io.undertow.core@2.3.23.SP3-redhat-00001//io.undertow.server.HttpServerExchange$ExchangeCompleteNextListener.proceed(HttpServerExchange.java:2060)
	at io.undertow.core@2.3.23.SP3-redhat-00001//io.undertow.server.handlers.MetricsHandler$2.exchangeEvent(MetricsHandler.java:60)
	at io.undertow.core@2.3.23.SP3-redhat-00001//io.undertow.server.HttpServerExchange.invokeExchangeCompleteListeners(HttpServerExchange.java:1436)
	at io.undertow.core@2.3.23.SP3-redhat-00001//io.undertow.server.HttpServerExchange.terminateResponse(HttpServerExchange.java:1723)
	at io.undertow.core@2.3.23.SP3-redhat-00001//io.undertow.server.Connectors.terminateResponse(Connectors.java:198)
	at io.undertow.core@2.3.23.SP3-redhat-00001//io.undertow.server.protocol.http.ServerFixedLengthStreamSinkConduit.channelFinished(ServerFixedLengthStreamSinkConduit.java:58)
	at io.undertow.core@2.3.23.SP3-redhat-00001//io.undertow.conduits.AbstractFixedLengthStreamSinkConduit.exitFlush(AbstractFixedLengthStreamSinkConduit.java:316)
	at io.undertow.core@2.3.23.SP3-redhat-00001//io.undertow.conduits.AbstractFixedLengthStreamSinkConduit.flush(AbstractFixedLengthStreamSinkConduit.java:234)
	at org.jboss.xnio@3.8.16.Final-redhat-00001//org.xnio.conduits.ConduitStreamSinkChannel.flush(ConduitStreamSinkChannel.java:162)
	at io.undertow.core@2.3.23.SP3-redhat-00001//io.undertow.channels.DetachableStreamSinkChannel.flush(DetachableStreamSinkChannel.java:119)
	at org.jboss.xnio@3.8.16.Final-redhat-00001//org.xnio.channels.Channels.flushBlocking(Channels.java:63)
	at io.undertow.servlet@2.3.23.SP3-redhat-00001//io.undertow.servlet.spec.ServletOutputStreamImpl.close(ServletOutputStreamImpl.java:654)
	at io.undertow.servlet@2.3.23.SP3-redhat-00001//io.undertow.servlet.spec.ServletPrintWriter.close(ServletPrintWriter.java:130)
	at io.undertow.servlet@2.3.23.SP3-redhat-00001//io.undertow.servlet.spec.ServletPrintWriterDelegate.close(ServletPrintWriterDelegate.java:79)
	at io.undertow.servlet@2.3.23.SP3-redhat-00001//io.undertow.servlet.spec.HttpServletResponseImpl.closeStreamAndWriter(HttpServletResponseImpl.java:505)
	at io.undertow.servlet@2.3.23.SP3-redhat-00001//io.undertow.servlet.spec.HttpServletResponseImpl.responseDone(HttpServletResponseImpl.java:606)
	at io.undertow.servlet@2.3.23.SP3-redhat-00001//io.undertow.servlet.handlers.ServletInitialHandler.handleFirstRequest(ServletInitialHandler.java:330)
	at io.undertow.servlet@2.3.23.SP3-redhat-00001//io.undertow.servlet.handlers.ServletInitialHandler$1.call(ServletInitialHandler.java:130)
	at io.undertow.servlet@2.3.23.SP3-redhat-00001//io.undertow.servlet.handlers.ServletInitialHandler$1.call(ServletInitialHandler.java:127)
	at io.undertow.servlet@2.3.23.SP3-redhat-00001//io.undertow.servlet.core.ServletRequestContextThreadSetupAction$1.call(ServletRequestContextThreadSetupAction.java:48)
	at io.undertow.servlet@2.3.23.SP3-redhat-00001//io.undertow.servlet.core.ContextClassLoaderSetupAction$1.call(ContextClassLoaderSetupAction.java:43)
	at org.wildfly.extension.undertow@8.1.1.GA-redhat-00012//org.wildfly.extension.undertow.deployment.UndertowDeploymentInfoService$UndertowThreadSetupAction.lambda$create$0(UndertowDeploymentInfoService.java:1421)
	at org.wildfly.extension.undertow@8.1.1.GA-redhat-00012//org.wildfly.extension.undertow.deployment.UndertowDeploymentInfoService$UndertowThreadSetupAction.lambda$create$0(UndertowDeploymentInfoService.java:1421)
	at org.wildfly.extension.undertow@8.1.1.GA-redhat-00012//org.wildfly.extension.undertow.deployment.UndertowDeploymentInfoService$UndertowThreadSetupAction.lambda$create$0(UndertowDeploymentInfoService.java:1421)
	at org.wildfly.extension.undertow@8.1.1.GA-redhat-00012//org.wildfly.extension.undertow.deployment.UndertowDeploymentInfoService$UndertowThreadSetupAction.lambda$create$0(UndertowDeploymentInfoService.java:1421)
	at io.undertow.servlet@2.3.23.SP3-redhat-00001//io.undertow.servlet.handlers.ServletInitialHandler.dispatchRequest(ServletInitialHandler.java:251)
	at io.undertow.servlet@2.3.23.SP3-redhat-00001//io.undertow.servlet.handlers.ServletInitialHandler.lambda$new$1(ServletInitialHandler.java:99)
	at io.undertow.core@2.3.23.SP3-redhat-00001//io.undertow.server.Connectors.executeRootHandler(Connectors.java:418)
	at io.undertow.core@2.3.23.SP3-redhat-00001//io.undertow.server.HttpServerExchange$1.run(HttpServerExchange.java:938)
	at org.jboss.threads@2.5.0.redhat-00001//org.jboss.threads.ContextClassLoaderSavingRunnable.run(ContextClassLoaderSavingRunnable.java:35)
	at org.jboss.threads@2.5.0.redhat-00001//org.jboss.threads.EnhancedQueueExecutor.safeRun(EnhancedQueueExecutor.java:2024)
	at org.jboss.threads@2.5.0.redhat-00001//org.jboss.threads.EnhancedQueueExecutor$ThreadBody.doRunTask(EnhancedQueueExecutor.java:1520)
	at org.jboss.threads@2.5.0.redhat-00001//org.jboss.threads.EnhancedQueueExecutor$ThreadBody.run(EnhancedQueueExecutor.java:1411)
	at org.jboss.xnio@3.8.16.Final-redhat-00001//org.xnio.XnioWorker$WorkerThreadFactory$1$1.run(XnioWorker.java:1282)
	at java.base/java.lang.Thread.run(Thread.java:1583)

[0m[32m14:37:12,502 DEBUG [org.wildfly.clustering.marshalling.ByteBufferMarshalledValue] (default task-3) Marshalled size of java.util.concurrent.ConcurrentHashMap object = 1884 bytes
[0m[32m14:37:14,244 DEBUG [io.undertow.request] (default I/O-2) Matched default handler path /index.xhtml
[0m[32m14:37:14,247 FINE  [jakarta.enterprise.resource.webcontainer.faces.lifecycle] (default task-3) execute(com.sun.faces.context.FacesContextImpl@6f1f42d)
[0m[32m14:37:14,247 FINE  [jakarta.enterprise.resource.webcontainer.faces.lifecycle] (default task-3) Entering RestoreViewPhase
[0m[32m14:37:14,248 FINE  [jakarta.enterprise.resource.webcontainer.faces.application] (default task-3) Created component with component type of 'jakarta.faces.ViewRoot'
[0m[32m14:37:14,248 FINE  [jakarta.enterprise.resource.webcontainer.faces.application] (default task-3) Created component with component type of 'jakarta.faces.ViewRoot'
[0m[32m14:37:14,248 FINE  [jakarta.enterprise.resource.webcontainer.faces.application] (default task-3) Created component with component type of 'jakarta.faces.ViewRoot'
[0m[32m14:37:14,248 FINE  [jakarta.enterprise.resource.webcontainer.faces.application] (default task-3) Created component with component type of 'jakarta.faces.ViewRoot'
[0m[32m14:37:14,248 FINE  [jakarta.enterprise.resource.webcontainer.faces.application] (default task-3) Created component with component type of 'jakarta.faces.ViewRoot'
[0m[32m14:37:14,248 FINE  [jakarta.enterprise.resource.webcontainer.faces.application] (default task-3) Created component with component type of 'jakarta.faces.ViewRoot'
[0m[32m14:37:14,248 FINE  [jakarta.enterprise.resource.webcontainer.faces.application] (default task-3) Created new view for /index.xhtml
[0m[32m14:37:14,249 FINE  [jakarta.enterprise.resource.webcontainer.faces.application] (default task-3) Locale for this view as determined by calculateLocale en_US
[0m[32m14:37:14,249 FINE  [jakarta.enterprise.resource.webcontainer.faces.application] (default task-3) Created component with component type of 'jakarta.faces.ViewRoot'
[0m[32m14:37:14,249 FINE  [jakarta.enterprise.resource.webcontainer.faces.application] (default task-3) RenderKitId for this view as determined by calculateRenderKitId HTML_BASIC
[0m[32m14:37:14,249 FINE  [jakarta.enterprise.resource.webcontainer.faces.application] (default task-3) Building View: /index.xhtml
[0m[32m14:37:14,249 FINE  [jakarta.enterprise.resource.webcontainer.faces.application] (default task-3) Created component with component type of 'jakarta.faces.Output'
[0m[32m14:37:14,249 FINE  [jakarta.enterprise.resource.webcontainer.faces.facelets.tag.component] (default task-3) /index.xhtml @6,11 <h:head> Component[2059540600_7ac2185f] Created: jakarta.faces.component.UIOutput
[0m[32m14:37:14,249 FINE  [jakarta.enterprise.resource.webcontainer.faces.application] (default task-3) Created component with component type of 'jakarta.faces.OutputBody'
[0m[32m14:37:14,249 FINE  [jakarta.enterprise.resource.webcontainer.faces.facelets.tag.component] (default task-3) /index.xhtml @10,11 <h:body> Component[2059540600_7ac21839] Created: jakarta.faces.component.html.HtmlBody
[0m[32m14:37:14,250 FINE  [jakarta.enterprise.resource.webcontainer.faces.application] (default task-3) Created component with component type of 'jakarta.faces.HtmlPanelGroup'
[0m[32m14:37:14,250 FINE  [jakarta.enterprise.resource.webcontainer.faces.facelets.tag.component] (default task-3) /index.xhtml @13,60 <h:panelGroup> Component[2059540600_7ac21823] Created: jakarta.faces.component.html.HtmlPanelGroup
[0m[32m14:37:14,250 FINE  [jakarta.enterprise.resource.webcontainer.faces.application] (default task-3) Created component with component type of 'jakarta.faces.HtmlOutputText'
[0m[32m14:37:14,250 FINE  [jakarta.enterprise.resource.webcontainer.faces.facelets.tag.component] (default task-3) /index.xhtml @15,61 <h:outputText> Component[2059540600_7ac2180d] Created: jakarta.faces.component.html.HtmlOutputText
[0m[32m14:37:14,250 FINE  [jakarta.enterprise.resource.webcontainer.faces.application] (default task-3) Created component with component type of 'jakarta.faces.HtmlPanelGroup'
[0m[32m14:37:14,250 FINE  [jakarta.enterprise.resource.webcontainer.faces.facelets.tag.component] (default task-3) /index.xhtml @17,60 <h:panelGroup> Component[2059540600_7ac218fa] Created: jakarta.faces.component.html.HtmlPanelGroup
[0m[32m14:37:14,250 FINE  [jakarta.enterprise.resource.webcontainer.faces.application] (default task-3) Created component with component type of 'jakarta.faces.HtmlOutputText'
[0m[32m14:37:14,250 FINE  [jakarta.enterprise.resource.webcontainer.faces.facelets.tag.component] (default task-3) /index.xhtml @19,60 <h:outputText> Component[2059540600_7ac218e4] Created: jakarta.faces.component.html.HtmlOutputText
[0m[32m14:37:14,250 FINE  [jakarta.enterprise.resource.webcontainer.faces.application] (default task-3) Created component with component type of 'jakarta.faces.HtmlPanelGroup'
[0m[32m14:37:14,250 FINE  [jakarta.enterprise.resource.webcontainer.faces.facelets.tag.component] (default task-3) /index.xhtml @21,61 <h:panelGroup> Component[2059540600_7ac218d1] Created: jakarta.faces.component.html.HtmlPanelGroup
[0m[32m14:37:14,250 FINE  [jakarta.enterprise.resource.webcontainer.faces.application] (default task-3) Created component with component type of 'jakarta.faces.HtmlOutputText'
[0m[32m14:37:14,250 FINE  [jakarta.enterprise.resource.webcontainer.faces.facelets.tag.component] (default task-3) /index.xhtml @23,59 <h:outputText> Component[2059540600_7ac218bb] Created: jakarta.faces.component.html.HtmlOutputText
[0m[32m14:37:14,250 FINE  [jakarta.enterprise.resource.webcontainer.faces.application] (default task-3) Created component with component type of 'jakarta.faces.HtmlForm'
[0m[32m14:37:14,251 FINE  [jakarta.enterprise.resource.webcontainer.faces.facelets.tag.component] (default task-3) /index.xhtml @26,11 <h:form> Component[2059540600_7ac218a8] Created: jakarta.faces.component.html.HtmlForm
[0m[32m14:37:14,251 FINE  [jakarta.enterprise.resource.webcontainer.faces.application] (default task-3) Created component with component type of 'jakarta.faces.HtmlPanelGroup'
[0m[32m14:37:14,251 FINE  [jakarta.enterprise.resource.webcontainer.faces.facelets.tag.component] (default task-3) /index.xhtml @27,62 <h:panelGroup> Component[2059540600_7ac21892] Created: jakarta.faces.component.html.HtmlPanelGroup
[0m[32m14:37:14,251 FINE  [jakarta.enterprise.resource.webcontainer.faces.application] (default task-3) Created component with component type of 'jakarta.faces.HtmlCommandButton'
[0m[32m14:37:14,251 FINE  [jakarta.enterprise.resource.webcontainer.faces.facelets.tag.component] (default task-3) /index.xhtml @29,119 <h:commandButton> Component[2059540600_7ac2197c] Created: jakarta.faces.component.html.HtmlCommandButton
[0m[32m14:37:14,251 FINE  [jakarta.enterprise.resource.webcontainer.faces.application] (default task-3) Created component with component type of 'jakarta.faces.HtmlCommandButton'
[0m[32m14:37:14,251 FINE  [jakarta.enterprise.resource.webcontainer.faces.facelets.tag.component] (default task-3) /index.xhtml @30,112 <h:commandButton> Component[2059540600_7ac21969] Created: jakarta.faces.component.html.HtmlCommandButton
[0m[32m14:37:14,251 FINE  [jakarta.enterprise.resource.webcontainer.faces.application] (default task-3) Created component with component type of 'jakarta.faces.HtmlPanelGroup'
[0m[32m14:37:14,251 FINE  [jakarta.enterprise.resource.webcontainer.faces.facelets.tag.component] (default task-3) /index.xhtml @33,34 <h:panelGroup> Component[2059540600_7ac21966] Created: jakarta.faces.component.html.HtmlPanelGroup
[0m[32m14:37:14,251 FINE  [jakarta.enterprise.resource.webcontainer.faces.application] (default task-3) Created component with component type of 'jakarta.faces.HtmlCommandButton'
[0m[32m14:37:14,251 FINE  [jakarta.enterprise.resource.webcontainer.faces.facelets.tag.component] (default task-3) /index.xhtml @35,124 <h:commandButton> Component[2059540600_7ac21940] Created: jakarta.faces.component.html.HtmlCommandButton
[0m[32m14:37:14,251 FINE  [jakarta.enterprise.resource.webcontainer.faces.application] (default task-3) Created component with component type of 'jakarta.faces.HtmlCommandButton'
[0m[32m14:37:14,251 FINE  [jakarta.enterprise.resource.webcontainer.faces.facelets.tag.component] (default task-3) /index.xhtml @36,117 <h:commandButton> Component[2059540600_7ac2193d] Created: jakarta.faces.component.html.HtmlCommandButton
[0m[32m14:37:14,251 FINE  [jakarta.enterprise.resource.webcontainer.faces.lifecycle] (default task-3) Postback: restored view for /index.xhtml
[0m[32m14:37:14,252 FINE  [jakarta.enterprise.resource.webcontainer.faces.lifecycle] (default task-3) Exiting RestoreViewPhase
[0m[32m14:37:14,252 FINE  [jakarta.enterprise.resource.webcontainer.faces.timing] (default task-3)  [TIMING] - [5ms] : Execution time for phase (including any PhaseListeners) -> RESTORE_VIEW 1
[0m[32m14:37:14,252 FINE  [jakarta.enterprise.resource.webcontainer.faces.lifecycle] (default task-3) Entering ApplyRequestValuesPhase
[0m[32m14:37:14,252 FINE  [jakarta.enterprise.resource.webcontainer.faces.renderkit] (default task-3) No decoding necessary since the component j_idt9 is not an instance or a sub class of UIInput
[0m[32m14:37:14,252 FINE  [jakarta.enterprise.resource.webcontainer.faces.renderkit] (default task-3) No decoding necessary since the component j_idt7 is not an instance or a sub class of UIInput
[0m[32m14:37:14,252 FINE  [jakarta.enterprise.resource.webcontainer.faces.renderkit] (default task-3) No decoding necessary since the component j_idt13 is not an instance or a sub class of UIInput
[0m[32m14:37:14,252 FINE  [jakarta.enterprise.resource.webcontainer.faces.renderkit] (default task-3) No decoding necessary since the component j_idt11 is not an instance or a sub class of UIInput
[0m[32m14:37:14,252 FINE  [jakarta.enterprise.resource.webcontainer.faces.renderkit] (default task-3) No decoding necessary since the component j_idt17 is not an instance or a sub class of UIInput
[0m[32m14:37:14,252 FINE  [jakarta.enterprise.resource.webcontainer.faces.renderkit] (default task-3) No decoding necessary since the component j_idt15 is not an instance or a sub class of UIInput
[0m[32m14:37:14,252 FINE  [jakarta.enterprise.resource.webcontainer.faces.renderkit] (default task-3) UIForm with client ID j_idt18, submitted
[0m[32m14:37:14,252 FINE  [jakarta.enterprise.resource.webcontainer.faces.renderkit] (default task-3) This command resulted in form submission  ActionEvent queued.
[0m[32m14:37:14,252 FINE  [jakarta.enterprise.resource.webcontainer.faces.renderkit] (default task-3) End decoding component j_idt21
[0m[32m14:37:14,252 FINE  [jakarta.enterprise.resource.webcontainer.faces.renderkit] (default task-3) No decoding necessary since the component j_idt19 is not an instance or a sub class of UIInput
[0m[32m14:37:14,252 FINE  [jakarta.enterprise.resource.webcontainer.faces.renderkit] (default task-3) No decoding necessary since the component j_idt23 is not an instance or a sub class of UIInput
[0m[32m14:37:14,252 FINE  [jakarta.enterprise.resource.webcontainer.faces.lifecycle] (default task-3) Exiting ApplyRequestValuesPhase
[0m[32m14:37:14,252 FINE  [jakarta.enterprise.resource.webcontainer.faces.timing] (default task-3)  [TIMING] - [0ms] : Execution time for phase (including any PhaseListeners) -> APPLY_REQUEST_VALUES 2
[0m[32m14:37:14,252 FINE  [jakarta.enterprise.resource.webcontainer.faces.lifecycle] (default task-3) Entering ProcessValidationsPhase
[0m[32m14:37:14,252 FINE  [jakarta.enterprise.resource.webcontainer.faces.lifecycle] (default task-3) Exiting ProcessValidationsPhase
[0m[32m14:37:14,252 FINE  [jakarta.enterprise.resource.webcontainer.faces.timing] (default task-3)  [TIMING] - [0ms] : Execution time for phase (including any PhaseListeners) -> PROCESS_VALIDATIONS 3
[0m[32m14:37:14,252 FINE  [jakarta.enterprise.resource.webcontainer.faces.lifecycle] (default task-3) Entering UpdateModelValuesPhase
[0m[32m14:37:14,252 FINE  [jakarta.enterprise.resource.webcontainer.faces.lifecycle] (default task-3) Exiting UpdateModelValuesPhase
[0m[32m14:37:14,252 FINE  [jakarta.enterprise.resource.webcontainer.faces.timing] (default task-3)  [TIMING] - [0ms] : Execution time for phase (including any PhaseListeners) -> UPDATE_MODEL_VALUES 4
[0m[32m14:37:14,253 FINE  [jakarta.enterprise.resource.webcontainer.faces.lifecycle] (default task-3) Entering InvokeApplicationsPhase
[0m[32m14:37:14,253 FINE  [jakarta.enterprise.resource.webcontainer.faces.application] (default task-3) processAction(j_idt21)
[0m[32m14:37:14,253 FINE  [jakarta.enterprise.resource.webcontainer.faces.application] (default task-3) Redirecting to path /index.xhtml for outcome index.xhtml?faces-redirect=trueand viewId /index.xhtml
[0m[32m14:37:14,255 DEBUG [org.wildfly.clustering.marshalling.ByteBufferMarshalledValue] (default task-3) Marshalled size of java.util.concurrent.ConcurrentHashMap object = 1978 bytes
[0m[32m14:37:14,283 FINE  [jakarta.enterprise.resource.webcontainer.faces.application] (default task-3) Response complete for /index.xhtml
[0m[32m14:37:14,283 FINE  [jakarta.enterprise.resource.webcontainer.faces.lifecycle] (default task-3) Exiting InvokeApplicationsPhase
[0m[32m14:37:14,283 FINE  [jakarta.enterprise.resource.webcontainer.faces.timing] (default task-3)  [TIMING] - [31ms] : Execution time for phase (including any PhaseListeners) -> INVOKE_APPLICATION 5
[0m[32m14:37:14,283 FINE  [jakarta.enterprise.resource.webcontainer.faces.lifecycle] (default task-3) render(com.sun.faces.context.FacesContextImpl@6f1f42d)
[0m[32m14:37:14,285 DEBUG [org.wildfly.clustering.marshalling.ByteBufferMarshalledValue] (default task-3) Marshalled size of java.util.concurrent.ConcurrentHashMap object = 1978 bytes
[0m[32m14:37:14,300 DEBUG [org.wildfly.clustering.marshalling.ByteBufferMarshalledValue] (default task-3) Marshalled size of java.util.concurrent.ConcurrentHashMap object = 1978 bytes
[0m[32m14:37:14,402 DEBUG [io.undertow.request] (default I/O-2) Matched default handler path /.well-known/appspecific/com.chrome.devtools.json
[0m[32m14:37:14,503 DEBUG [io.undertow.request] (default I/O-8) Matched default handler path /index.xhtml
[0m[32m14:37:14,504 FINE  [jakarta.enterprise.resource.webcontainer.faces.lifecycle] (default task-3) execute(com.sun.faces.context.FacesContextImpl@76cae60b)
[0m[32m14:37:14,504 FINE  [jakarta.enterprise.resource.webcontainer.faces.lifecycle] (default task-3) Entering RestoreViewPhase
[0m[32m14:37:14,505 FINE  [jakarta.enterprise.resource.webcontainer.faces.application] (default task-3) Created component with component type of 'jakarta.faces.ViewRoot'
[0m[32m14:37:14,505 FINE  [jakarta.enterprise.resource.webcontainer.faces.application] (default task-3) Created component with component type of 'jakarta.faces.ViewRoot'
[0m[32m14:37:14,505 FINE  [jakarta.enterprise.resource.webcontainer.faces.application] (default task-3) Created component with component type of 'jakarta.faces.ViewRoot'
[0m[32m14:37:14,505 FINE  [jakarta.enterprise.resource.webcontainer.faces.lifecycle] (default task-3) New request: creating a view for /index.xhtml
[0m[32m14:37:14,505 FINE  [jakarta.enterprise.resource.webcontainer.faces.application] (default task-3) Created component with component type of 'jakarta.faces.ViewRoot'
[0m[32m14:37:14,505 FINE  [jakarta.enterprise.resource.webcontainer.faces.application] (default task-3) Created new view for /index.xhtml
[0m[32m14:37:14,505 FINE  [jakarta.enterprise.resource.webcontainer.faces.application] (default task-3) Locale for this view as determined by calculateLocale en_US
[0m[32m14:37:14,505 FINE  [jakarta.enterprise.resource.webcontainer.faces.application] (default task-3) Created component with component type of 'jakarta.faces.ViewRoot'
[0m[32m14:37:14,505 FINE  [jakarta.enterprise.resource.webcontainer.faces.application] (default task-3) RenderKitId for this view as determined by calculateRenderKitId HTML_BASIC
[0m[32m14:37:14,506 FINE  [jakarta.enterprise.resource.webcontainer.faces.lifecycle] (default task-3) Exiting RestoreViewPhase
[0m[32m14:37:14,506 FINE  [jakarta.enterprise.resource.webcontainer.faces.timing] (default task-3)  [TIMING] - [2ms] : Execution time for phase (including any PhaseListeners) -> RESTORE_VIEW 1
[0m[32m14:37:14,506 FINE  [jakarta.enterprise.resource.webcontainer.faces.lifecycle] (default task-3) render(com.sun.faces.context.FacesContextImpl@76cae60b)
[0m[32m14:37:14,506 FINE  [jakarta.enterprise.resource.webcontainer.faces.lifecycle] (default task-3) Entering RenderResponsePhase
[0m[32m14:37:14,506 FINE  [jakarta.enterprise.resource.webcontainer.faces.lifecycle] (default task-3) About to render view /index.xhtml
[0m[32m14:37:14,506 FINE  [jakarta.enterprise.resource.webcontainer.faces.application] (default task-3) Building View: /index.xhtml
[0m[32m14:37:14,507 FINE  [jakarta.enterprise.resource.webcontainer.faces.application] (default task-3) Created component with component type of 'jakarta.faces.Output'
[0m[32m14:37:14,507 FINE  [jakarta.enterprise.resource.webcontainer.faces.facelets.tag.component] (default task-3) /index.xhtml @6,11 <h:head> Component[2059540600_7ac2185f] Created: jakarta.faces.component.UIOutput
[0m[32m14:37:14,507 FINE  [jakarta.enterprise.resource.webcontainer.faces.application] (default task-3) Created component with component type of 'jakarta.faces.OutputBody'
[0m[32m14:37:14,507 FINE  [jakarta.enterprise.resource.webcontainer.faces.facelets.tag.component] (default task-3) /index.xhtml @10,11 <h:body> Component[2059540600_7ac21839] Created: jakarta.faces.component.html.HtmlBody
[0m[32m14:37:14,507 FINE  [jakarta.enterprise.resource.webcontainer.faces.application] (default task-3) Created component with component type of 'jakarta.faces.HtmlPanelGroup'
[0m[32m14:37:14,507 FINE  [jakarta.enterprise.resource.webcontainer.faces.facelets.tag.component] (default task-3) /index.xhtml @13,60 <h:panelGroup> Component[2059540600_7ac21823] Created: jakarta.faces.component.html.HtmlPanelGroup
[0m[32m14:37:14,508 FINE  [jakarta.enterprise.resource.webcontainer.faces.application] (default task-3) Created component with component type of 'jakarta.faces.HtmlOutputText'
[0m[32m14:37:14,508 FINE  [jakarta.enterprise.resource.webcontainer.faces.facelets.tag.component] (default task-3) /index.xhtml @15,61 <h:outputText> Component[2059540600_7ac2180d] Created: jakarta.faces.component.html.HtmlOutputText
[0m[32m14:37:14,508 FINE  [jakarta.enterprise.resource.webcontainer.faces.application] (default task-3) Created component with component type of 'jakarta.faces.HtmlPanelGroup'
[0m[32m14:37:14,508 FINE  [jakarta.enterprise.resource.webcontainer.faces.facelets.tag.component] (default task-3) /index.xhtml @17,60 <h:panelGroup> Component[2059540600_7ac218fa] Created: jakarta.faces.component.html.HtmlPanelGroup
[0m[32m14:37:14,508 FINE  [jakarta.enterprise.resource.webcontainer.faces.application] (default task-3) Created component with component type of 'jakarta.faces.HtmlOutputText'
[0m[32m14:37:14,508 FINE  [jakarta.enterprise.resource.webcontainer.faces.facelets.tag.component] (default task-3) /index.xhtml @19,60 <h:outputText> Component[2059540600_7ac218e4] Created: jakarta.faces.component.html.HtmlOutputText
[0m[32m14:37:14,508 FINE  [jakarta.enterprise.resource.webcontainer.faces.application] (default task-3) Created component with component type of 'jakarta.faces.HtmlPanelGroup'
[0m[32m14:37:14,508 FINE  [jakarta.enterprise.resource.webcontainer.faces.facelets.tag.component] (default task-3) /index.xhtml @21,61 <h:panelGroup> Component[2059540600_7ac218d1] Created: jakarta.faces.component.html.HtmlPanelGroup
[0m[32m14:37:14,508 FINE  [jakarta.enterprise.resource.webcontainer.faces.application] (default task-3) Created component with component type of 'jakarta.faces.HtmlOutputText'
[0m[32m14:37:14,508 FINE  [jakarta.enterprise.resource.webcontainer.faces.facelets.tag.component] (default task-3) /index.xhtml @23,59 <h:outputText> Component[2059540600_7ac218bb] Created: jakarta.faces.component.html.HtmlOutputText
[0m[32m14:37:14,509 FINE  [jakarta.enterprise.resource.webcontainer.faces.application] (default task-3) Created component with component type of 'jakarta.faces.HtmlForm'
[0m[32m14:37:14,509 FINE  [jakarta.enterprise.resource.webcontainer.faces.facelets.tag.component] (default task-3) /index.xhtml @26,11 <h:form> Component[2059540600_7ac218a8] Created: jakarta.faces.component.html.HtmlForm
[0m[32m14:37:14,509 FINE  [jakarta.enterprise.resource.webcontainer.faces.application] (default task-3) Created component with component type of 'jakarta.faces.HtmlPanelGroup'
[0m[32m14:37:14,509 FINE  [jakarta.enterprise.resource.webcontainer.faces.facelets.tag.component] (default task-3) /index.xhtml @27,62 <h:panelGroup> Component[2059540600_7ac21892] Created: jakarta.faces.component.html.HtmlPanelGroup
[0m[32m14:37:14,509 FINE  [jakarta.enterprise.resource.webcontainer.faces.application] (default task-3) Created component with component type of 'jakarta.faces.HtmlCommandButton'
[0m[32m14:37:14,509 FINE  [jakarta.enterprise.resource.webcontainer.faces.facelets.tag.component] (default task-3) /index.xhtml @29,119 <h:commandButton> Component[2059540600_7ac2197c] Created: jakarta.faces.component.html.HtmlCommandButton
[0m[32m14:37:14,509 FINE  [jakarta.enterprise.resource.webcontainer.faces.application] (default task-3) Created component with component type of 'jakarta.faces.HtmlCommandButton'
[0m[32m14:37:14,509 FINE  [jakarta.enterprise.resource.webcontainer.faces.facelets.tag.component] (default task-3) /index.xhtml @30,112 <h:commandButton> Component[2059540600_7ac21969] Created: jakarta.faces.component.html.HtmlCommandButton
[0m[32m14:37:14,509 FINE  [jakarta.enterprise.resource.webcontainer.faces.application] (default task-3) Created component with component type of 'jakarta.faces.HtmlPanelGroup'
[0m[32m14:37:14,509 FINE  [jakarta.enterprise.resource.webcontainer.faces.facelets.tag.component] (default task-3) /index.xhtml @33,34 <h:panelGroup> Component[2059540600_7ac21966] Created: jakarta.faces.component.html.HtmlPanelGroup
[0m[32m14:37:14,509 FINE  [jakarta.enterprise.resource.webcontainer.faces.application] (default task-3) Created component with component type of 'jakarta.faces.HtmlCommandButton'
[0m[32m14:37:14,509 FINE  [jakarta.enterprise.resource.webcontainer.faces.facelets.tag.component] (default task-3) /index.xhtml @35,124 <h:commandButton> Component[2059540600_7ac21940] Created: jakarta.faces.component.html.HtmlCommandButton
[0m[32m14:37:14,510 FINE  [jakarta.enterprise.resource.webcontainer.faces.application] (default task-3) Created component with component type of 'jakarta.faces.HtmlCommandButton'
[0m[32m14:37:14,510 FINE  [jakarta.enterprise.resource.webcontainer.faces.facelets.tag.component] (default task-3) /index.xhtml @36,117 <h:commandButton> Component[2059540600_7ac2193d] Created: jakarta.faces.component.html.HtmlCommandButton
[0m[32m14:37:14,510 FINE  [jakarta.enterprise.resource.webcontainer.faces.application] (default task-3) Rendering View: /index.xhtml
[0m[32m14:37:14,512 DEBUG [org.wildfly.clustering.marshalling.ByteBufferMarshalledValue] (default task-3) Marshalled size of java.util.concurrent.ConcurrentHashMap object = 588 bytes
[0m[32m14:37:14,519 FINE  [jakarta.enterprise.resource.webcontainer.faces.renderkit] (default task-3) component.getValue() returned eUF7VIikXyi4LZs9KvbDAanpj3p9mtMgi77Vn3Gb
[0m[32m14:37:14,520 FINE  [jakarta.enterprise.resource.webcontainer.faces.renderkit] (default task-3) Value to be rendered eUF7VIikXyi4LZs9KvbDAanpj3p9mtMgi77Vn3Gb
[0m[32m14:37:14,520 FINE  [jakarta.enterprise.resource.webcontainer.faces.renderkit] (default task-3) component.getValue() returned 060a48fb51ef
[0m[32m14:37:14,520 FINE  [jakarta.enterprise.resource.webcontainer.faces.renderkit] (default task-3) Value to be rendered 060a48fb51ef
[0m[32m14:37:14,521 FINE  [jakarta.enterprise.resource.webcontainer.faces.renderkit] (default task-3) component.getValue() returned 0
[0m[32m14:37:14,521 FINE  [jakarta.enterprise.resource.webcontainer.faces.application] (default task-3) Created converter of type 'jakarta.faces.convert.IntegerConverter'
[0m[32m14:37:14,521 FINE  [jakarta.enterprise.resource.webcontainer.faces.renderkit] (default task-3) Value to be rendered 0
[0m[32m14:37:14,522 FINE  [jakarta.enterprise.resource.webcontainer.faces.application] (default task-3) Begin writing marker for viewId /index.xhtml
[0m[32m14:37:14,522 FINE  [jakarta.enterprise.resource.webcontainer.faces.application] (default task-3) End writing marker for viewId /index.xhtml
[0m[32m14:37:14,523 FINE  [jakarta.faces.component] (default task-3) j_id1
[0m[32m14:37:14,523 FINE  [jakarta.enterprise.resource.webcontainer.faces.lifecycle] (default task-3) Exiting RenderResponsePhase
[0m[32m14:37:14,523 FINE  [jakarta.enterprise.resource.webcontainer.faces.timing] (default task-3)  [TIMING] - [17ms] : Execution time for phase (including any PhaseListeners) -> RENDER_RESPONSE 6
[0m[32m14:37:14,525 DEBUG [org.wildfly.clustering.marshalling.ByteBufferMarshalledValue] (default task-3) Marshalled size of java.util.concurrent.ConcurrentHashMap object = 1884 bytes
[0m[32m14:37:14,687 DEBUG [io.undertow.request] (default I/O-2) Matched default handler path /index.xhtml
[0m[32m14:37:14,689 FINE  [jakarta.enterprise.resource.webcontainer.faces.lifecycle] (default task-3) execute(com.sun.faces.context.FacesContextImpl@1427b1cf)
[0m[32m14:37:14,690 FINE  [jakarta.enterprise.resource.webcontainer.faces.lifecycle] (default task-3) Entering RestoreViewPhase
[0m[32m14:37:14,690 FINE  [jakarta.enterprise.resource.webcontainer.faces.application] (default task-3) Created component with component type of 'jakarta.faces.ViewRoot'
[0m[32m14:37:14,690 FINE  [jakarta.enterprise.resource.webcontainer.faces.application] (default task-3) Created component with component type of 'jakarta.faces.ViewRoot'
[0m[32m14:37:14,690 FINE  [jakarta.enterprise.resource.webcontainer.faces.application] (default task-3) Created component with component type of 'jakarta.faces.ViewRoot'
[0m[32m14:37:14,690 FINE  [jakarta.enterprise.resource.webcontainer.faces.lifecycle] (default task-3) New request: creating a view for /index.xhtml
[0m[32m14:37:14,690 FINE  [jakarta.enterprise.resource.webcontainer.faces.application] (default task-3) Created component with component type of 'jakarta.faces.ViewRoot'
[0m[32m14:37:14,690 FINE  [jakarta.enterprise.resource.webcontainer.faces.application] (default task-3) Created new view for /index.xhtml
[0m[32m14:37:14,690 FINE  [jakarta.enterprise.resource.webcontainer.faces.application] (default task-3) Locale for this view as determined by calculateLocale en_US
[0m[32m14:37:14,691 FINE  [jakarta.enterprise.resource.webcontainer.faces.application] (default task-3) Created component with component type of 'jakarta.faces.ViewRoot'
[0m[32m14:37:14,691 FINE  [jakarta.enterprise.resource.webcontainer.faces.application] (default task-3) RenderKitId for this view as determined by calculateRenderKitId HTML_BASIC
[0m[32m14:37:14,691 FINE  [jakarta.enterprise.resource.webcontainer.faces.lifecycle] (default task-3) Exiting RestoreViewPhase
[0m[32m14:37:14,699 FINE  [jakarta.enterprise.resource.webcontainer.faces.timing] (default task-3)  [TIMING] - [9ms] : Execution time for phase (including any PhaseListeners) -> RESTORE_VIEW 1
[0m[32m14:37:14,710 FINE  [jakarta.enterprise.resource.webcontainer.faces.lifecycle] (default task-3) render(com.sun.faces.context.FacesContextImpl@1427b1cf)
[0m[32m14:37:14,720 FINE  [jakarta.enterprise.resource.webcontainer.faces.lifecycle] (default task-3) Entering RenderResponsePhase
[0m[32m14:37:14,720 FINE  [jakarta.enterprise.resource.webcontainer.faces.lifecycle] (default task-3) About to render view /index.xhtml
[0m[32m14:37:14,720 FINE  [jakarta.enterprise.resource.webcontainer.faces.application] (default task-3) Building View: /index.xhtml
[0m[32m14:37:14,722 FINE  [jakarta.enterprise.resource.webcontainer.faces.application] (default task-3) Created component with component type of 'jakarta.faces.Output'
[0m[32m14:37:14,723 FINE  [jakarta.enterprise.resource.webcontainer.faces.facelets.tag.component] (default task-3) /index.xhtml @6,11 <h:head> Component[2059540600_7ac2185f] Created: jakarta.faces.component.UIOutput
[0m[32m14:37:14,723 FINE  [jakarta.enterprise.resource.webcontainer.faces.application] (default task-3) Created component with component type of 'jakarta.faces.OutputBody'
[0m[32m14:37:14,723 FINE  [jakarta.enterprise.resource.webcontainer.faces.facelets.tag.component] (default task-3) /index.xhtml @10,11 <h:body> Component[2059540600_7ac21839] Created: jakarta.faces.component.html.HtmlBody
[0m[32m14:37:14,724 FINE  [jakarta.enterprise.resource.webcontainer.faces.application] (default task-3) Created component with component type of 'jakarta.faces.HtmlPanelGroup'
[0m[32m14:37:14,724 FINE  [jakarta.enterprise.resource.webcontainer.faces.facelets.tag.component] (default task-3) /index.xhtml @13,60 <h:panelGroup> Component[2059540600_7ac21823] Created: jakarta.faces.component.html.HtmlPanelGroup
[0m[32m14:37:14,724 FINE  [jakarta.enterprise.resource.webcontainer.faces.application] (default task-3) Created component with component type of 'jakarta.faces.HtmlOutputText'
[0m[32m14:37:14,724 FINE  [jakarta.enterprise.resource.webcontainer.faces.facelets.tag.component] (default task-3) /index.xhtml @15,61 <h:outputText> Component[2059540600_7ac2180d] Created: jakarta.faces.component.html.HtmlOutputText
[0m[32m14:37:14,724 FINE  [jakarta.enterprise.resource.webcontainer.faces.application] (default task-3) Created component with component type of 'jakarta.faces.HtmlPanelGroup'
[0m[32m14:37:14,729 FINE  [jakarta.enterprise.resource.webcontainer.faces.facelets.tag.component] (default task-3) /index.xhtml @17,60 <h:panelGroup> Component[2059540600_7ac218fa] Created: jakarta.faces.component.html.HtmlPanelGroup
[0m[32m14:37:14,729 FINE  [jakarta.enterprise.resource.webcontainer.faces.application] (default task-3) Created component with component type of 'jakarta.faces.HtmlOutputText'
[0m[32m14:37:14,731 FINE  [jakarta.enterprise.resource.webcontainer.faces.facelets.tag.component] (default task-3) /index.xhtml @19,60 <h:outputText> Component[2059540600_7ac218e4] Created: jakarta.faces.component.html.HtmlOutputText
[0m[32m14:37:14,731 FINE  [jakarta.enterprise.resource.webcontainer.faces.application] (default task-3) Created component with component type of 'jakarta.faces.HtmlPanelGroup'
[0m[32m14:37:14,732 FINE  [jakarta.enterprise.resource.webcontainer.faces.facelets.tag.component] (default task-3) /index.xhtml @21,61 <h:panelGroup> Component[2059540600_7ac218d1] Created: jakarta.faces.component.html.HtmlPanelGroup
[0m[32m14:37:14,732 FINE  [jakarta.enterprise.resource.webcontainer.faces.application] (default task-3) Created component with component type of 'jakarta.faces.HtmlOutputText'
[0m[32m14:37:14,732 FINE  [jakarta.enterprise.resource.webcontainer.faces.facelets.tag.component] (default task-3) /index.xhtml @23,59 <h:outputText> Component[2059540600_7ac218bb] Created: jakarta.faces.component.html.HtmlOutputText
[0m[32m14:37:14,732 FINE  [jakarta.enterprise.resource.webcontainer.faces.application] (default task-3) Created component with component type of 'jakarta.faces.HtmlForm'
[0m[32m14:37:14,732 FINE  [jakarta.enterprise.resource.webcontainer.faces.facelets.tag.component] (default task-3) /index.xhtml @26,11 <h:form> Component[2059540600_7ac218a8] Created: jakarta.faces.component.html.HtmlForm
[0m[32m14:37:14,732 FINE  [jakarta.enterprise.resource.webcontainer.faces.application] (default task-3) Created component with component type of 'jakarta.faces.HtmlPanelGroup'
[0m[32m14:37:14,732 FINE  [jakarta.enterprise.resource.webcontainer.faces.facelets.tag.component] (default task-3) /index.xhtml @27,62 <h:panelGroup> Component[2059540600_7ac21892] Created: jakarta.faces.component.html.HtmlPanelGroup
[0m[32m14:37:14,732 FINE  [jakarta.enterprise.resource.webcontainer.faces.application] (default task-3) Created component with component type of 'jakarta.faces.HtmlCommandButton'
[0m[32m14:37:14,732 FINE  [jakarta.enterprise.resource.webcontainer.faces.facelets.tag.component] (default task-3) /index.xhtml @29,119 <h:commandButton> Component[2059540600_7ac2197c] Created: jakarta.faces.component.html.HtmlCommandButton
[0m[32m14:37:14,732 FINE  [jakarta.enterprise.resource.webcontainer.faces.application] (default task-3) Created component with component type of 'jakarta.faces.HtmlCommandButton'
[0m[32m14:37:14,732 FINE  [jakarta.enterprise.resource.webcontainer.faces.facelets.tag.component] (default task-3) /index.xhtml @30,112 <h:commandButton> Component[2059540600_7ac21969] Created: jakarta.faces.component.html.HtmlCommandButton
[0m[32m14:37:14,732 FINE  [jakarta.enterprise.resource.webcontainer.faces.application] (default task-3) Created component with component type of 'jakarta.faces.HtmlPanelGroup'
[0m[32m14:37:14,732 FINE  [jakarta.enterprise.resource.webcontainer.faces.facelets.tag.component] (default task-3) /index.xhtml @33,34 <h:panelGroup> Component[2059540600_7ac21966] Created: jakarta.faces.component.html.HtmlPanelGroup
[0m[32m14:37:14,732 FINE  [jakarta.enterprise.resource.webcontainer.faces.application] (default task-3) Created component with component type of 'jakarta.faces.HtmlCommandButton'
[0m[32m14:37:14,732 FINE  [jakarta.enterprise.resource.webcontainer.faces.facelets.tag.component] (default task-3) /index.xhtml @35,124 <h:commandButton> Component[2059540600_7ac21940] Created: jakarta.faces.component.html.HtmlCommandButton
[0m[32m14:37:14,733 FINE  [jakarta.enterprise.resource.webcontainer.faces.application] (default task-3) Created component with component type of 'jakarta.faces.HtmlCommandButton'
[0m[32m14:37:14,733 FINE  [jakarta.enterprise.resource.webcontainer.faces.facelets.tag.component] (default task-3) /index.xhtml @36,117 <h:commandButton> Component[2059540600_7ac2193d] Created: jakarta.faces.component.html.HtmlCommandButton
[0m[32m14:37:14,733 FINE  [jakarta.enterprise.resource.webcontainer.faces.application] (default task-3) Rendering View: /index.xhtml
[0m[32m14:37:14,734 FINE  [jakarta.enterprise.resource.webcontainer.faces.renderkit] (default task-3) component.getValue() returned jNQGv0URH6n513ivo2My-hSdtRiKOkU1NKyrSGui
[0m[32m14:37:14,734 FINE  [jakarta.enterprise.resource.webcontainer.faces.renderkit] (default task-3) Value to be rendered jNQGv0URH6n513ivo2My-hSdtRiKOkU1NKyrSGui
[0m[32m14:37:14,735 FINE  [jakarta.enterprise.resource.webcontainer.faces.renderkit] (default task-3) component.getValue() returned 060a48fb51ef
[0m[32m14:37:14,735 FINE  [jakarta.enterprise.resource.webcontainer.faces.renderkit] (default task-3) Value to be rendered 060a48fb51ef
[0m[32m14:37:14,735 FINE  [jakarta.enterprise.resource.webcontainer.faces.renderkit] (default task-3) component.getValue() returned 5
[0m[32m14:37:14,736 FINE  [jakarta.enterprise.resource.webcontainer.faces.application] (default task-3) Created converter of type 'jakarta.faces.convert.IntegerConverter'
[0m[32m14:37:14,736 FINE  [jakarta.enterprise.resource.webcontainer.faces.renderkit] (default task-3) Value to be rendered 5
[0m[32m14:37:14,736 FINE  [jakarta.enterprise.resource.webcontainer.faces.application] (default task-3) Begin writing marker for viewId /index.xhtml
[0m[32m14:37:14,737 FINE  [jakarta.enterprise.resource.webcontainer.faces.application] (default task-3) End writing marker for viewId /index.xhtml
[0m[32m14:37:14,737 FINE  [jakarta.faces.component] (default task-3) j_id1
[0m[32m14:37:14,737 FINE  [jakarta.enterprise.resource.webcontainer.faces.lifecycle] (default task-3) Exiting RenderResponsePhase
[0m[32m14:37:14,737 FINE  [jakarta.enterprise.resource.webcontainer.faces.timing] (default task-3)  [TIMING] - [17ms] : Execution time for phase (including any PhaseListeners) -> RENDER_RESPONSE 6
[0m[32m14:37:14,739 DEBUG [org.wildfly.clustering.marshalling.ByteBufferMarshalledValue] (default task-3) Marshalled size of java.util.concurrent.ConcurrentHashMap object = 1978 bytes
[0m[0m14:37:14,842 INFO  [org.infinispan.LIFECYCLE] (timeout-thread-060a48fb51ef-p15-t1) ISPN000972: Task 'state-transfer-ROOT.war', pending (256), last check had (0) pending, status is IDLE
[0m[32m14:37:15,048 DEBUG [io.undertow.request] (default I/O-2) Matched default handler path /index.xhtml
[0m[32m14:37:15,051 FINE  [jakarta.enterprise.resource.webcontainer.faces.lifecycle] (default task-3) execute(com.sun.faces.context.FacesContextImpl@3d82a2a6)
[0m[32m14:37:15,051 FINE  [jakarta.enterprise.resource.webcontainer.faces.lifecycle] (default task-3) Entering RestoreViewPhase
[0m[32m14:37:15,051 FINE  [jakarta.enterprise.resource.webcontainer.faces.application] (default task-3) Created component with component type of 'jakarta.faces.ViewRoot'
[0m[32m14:37:15,051 FINE  [jakarta.enterprise.resource.webcontainer.faces.application] (default task-3) Created component with component type of 'jakarta.faces.ViewRoot'
[0m[32m14:37:15,052 FINE  [jakarta.enterprise.resource.webcontainer.faces.application] (default task-3) Created component with component type of 'jakarta.faces.ViewRoot'
[0m[32m14:37:15,052 FINE  [jakarta.enterprise.resource.webcontainer.faces.application] (default task-3) Created component with component type of 'jakarta.faces.ViewRoot'
[0m[32m14:37:15,052 FINE  [jakarta.enterprise.resource.webcontainer.faces.application] (default task-3) Created component with component type of 'jakarta.faces.ViewRoot'
[0m[32m14:37:15,052 FINE  [jakarta.enterprise.resource.webcontainer.faces.application] (default task-3) Created component with component type of 'jakarta.faces.ViewRoot'
[0m[32m14:37:15,052 FINE  [jakarta.enterprise.resource.webcontainer.faces.application] (default task-3) Created new view for /index.xhtml
[0m[32m14:37:15,052 FINE  [jakarta.enterprise.resource.webcontainer.faces.application] (default task-3) Locale for this view as determined by calculateLocale en_US
[0m[32m14:37:15,052 FINE  [jakarta.enterprise.resource.webcontainer.faces.application] (default task-3) Created component with component type of 'jakarta.faces.ViewRoot'
[0m[32m14:37:15,052 FINE  [jakarta.enterprise.resource.webcontainer.faces.application] (default task-3) RenderKitId for this view as determined by calculateRenderKitId HTML_BASIC
[0m[32m14:37:15,052 FINE  [jakarta.enterprise.resource.webcontainer.faces.application] (default task-3) Building View: /index.xhtml
[0m[32m14:37:15,053 FINE  [jakarta.enterprise.resource.webcontainer.faces.application] (default task-3) Created component with component type of 'jakarta.faces.Output'
[0m[32m14:37:15,053 FINE  [jakarta.enterprise.resource.webcontainer.faces.facelets.tag.component] (default task-3) /index.xhtml @6,11 <h:head> Component[2059540600_7ac2185f] Created: jakarta.faces.component.UIOutput
[0m[32m14:37:15,053 FINE  [jakarta.enterprise.resource.webcontainer.faces.application] (default task-3) Created component with component type of 'jakarta.faces.OutputBody'
[0m[32m14:37:15,053 FINE  [jakarta.enterprise.resource.webcontainer.faces.facelets.tag.component] (default task-3) /index.xhtml @10,11 <h:body> Component[2059540600_7ac21839] Created: jakarta.faces.component.html.HtmlBody
[0m[32m14:37:15,053 FINE  [jakarta.enterprise.resource.webcontainer.faces.application] (default task-3) Created component with component type of 'jakarta.faces.HtmlPanelGroup'
[0m[32m14:37:15,053 FINE  [jakarta.enterprise.resource.webcontainer.faces.facelets.tag.component] (default task-3) /index.xhtml @13,60 <h:panelGroup> Component[2059540600_7ac21823] Created: jakarta.faces.component.html.HtmlPanelGroup
[0m[32m14:37:15,053 FINE  [jakarta.enterprise.resource.webcontainer.faces.application] (default task-3) Created component with component type of 'jakarta.faces.HtmlOutputText'
[0m[32m14:37:15,053 FINE  [jakarta.enterprise.resource.webcontainer.faces.facelets.tag.component] (default task-3) /index.xhtml @15,61 <h:outputText> Component[2059540600_7ac2180d] Created: jakarta.faces.component.html.HtmlOutputText
[0m[32m14:37:15,053 FINE  [jakarta.enterprise.resource.webcontainer.faces.application] (default task-3) Created component with component type of 'jakarta.faces.HtmlPanelGroup'
[0m[32m14:37:15,054 FINE  [jakarta.enterprise.resource.webcontainer.faces.facelets.tag.component] (default task-3) /index.xhtml @17,60 <h:panelGroup> Component[2059540600_7ac218fa] Created: jakarta.faces.component.html.HtmlPanelGroup
[0m[32m14:37:15,054 FINE  [jakarta.enterprise.resource.webcontainer.faces.application] (default task-3) Created component with component type of 'jakarta.faces.HtmlOutputText'
[0m[32m14:37:15,054 FINE  [jakarta.enterprise.resource.webcontainer.faces.facelets.tag.component] (default task-3) /index.xhtml @19,60 <h:outputText> Component[2059540600_7ac218e4] Created: jakarta.faces.component.html.HtmlOutputText
[0m[32m14:37:15,054 FINE  [jakarta.enterprise.resource.webcontainer.faces.application] (default task-3) Created component with component type of 'jakarta.faces.HtmlPanelGroup'
[0m[32m14:37:15,054 FINE  [jakarta.enterprise.resource.webcontainer.faces.facelets.tag.component] (default task-3) /index.xhtml @21,61 <h:panelGroup> Component[2059540600_7ac218d1] Created: jakarta.faces.component.html.HtmlPanelGroup
[0m[32m14:37:15,054 FINE  [jakarta.enterprise.resource.webcontainer.faces.application] (default task-3) Created component with component type of 'jakarta.faces.HtmlOutputText'
[0m[32m14:37:15,054 FINE  [jakarta.enterprise.resource.webcontainer.faces.facelets.tag.component] (default task-3) /index.xhtml @23,59 <h:outputText> Component[2059540600_7ac218bb] Created: jakarta.faces.component.html.HtmlOutputText
[0m[32m14:37:15,054 FINE  [jakarta.enterprise.resource.webcontainer.faces.application] (default task-3) Created component with component type of 'jakarta.faces.HtmlForm'
[0m[32m14:37:15,054 FINE  [jakarta.enterprise.resource.webcontainer.faces.facelets.tag.component] (default task-3) /index.xhtml @26,11 <h:form> Component[2059540600_7ac218a8] Created: jakarta.faces.component.html.HtmlForm
[0m[32m14:37:15,054 FINE  [jakarta.enterprise.resource.webcontainer.faces.application] (default task-3) Created component with component type of 'jakarta.faces.HtmlPanelGroup'
[0m[32m14:37:15,054 FINE  [jakarta.enterprise.resource.webcontainer.faces.facelets.tag.component] (default task-3) /index.xhtml @27,62 <h:panelGroup> Component[2059540600_7ac21892] Created: jakarta.faces.component.html.HtmlPanelGroup
[0m[32m14:37:15,054 FINE  [jakarta.enterprise.resource.webcontainer.faces.application] (default task-3) Created component with component type of 'jakarta.faces.HtmlCommandButton'
[0m[32m14:37:15,054 FINE  [jakarta.enterprise.resource.webcontainer.faces.facelets.tag.component] (default task-3) /index.xhtml @29,119 <h:commandButton> Component[2059540600_7ac2197c] Created: jakarta.faces.component.html.HtmlCommandButton
[0m[32m14:37:15,055 FINE  [jakarta.enterprise.resource.webcontainer.faces.application] (default task-3) Created component with component type of 'jakarta.faces.HtmlCommandButton'
[0m[32m14:37:15,055 FINE  [jakarta.enterprise.resource.webcontainer.faces.facelets.tag.component] (default task-3) /index.xhtml @30,112 <h:commandButton> Component[2059540600_7ac21969] Created: jakarta.faces.component.html.HtmlCommandButton
[0m[32m14:37:15,055 FINE  [jakarta.enterprise.resource.webcontainer.faces.application] (default task-3) Created component with component type of 'jakarta.faces.HtmlPanelGroup'
[0m[32m14:37:15,055 FINE  [jakarta.enterprise.resource.webcontainer.faces.facelets.tag.component] (default task-3) /index.xhtml @33,34 <h:panelGroup> Component[2059540600_7ac21966] Created: jakarta.faces.component.html.HtmlPanelGroup
[0m[32m14:37:15,055 FINE  [jakarta.enterprise.resource.webcontainer.faces.application] (default task-3) Created component with component type of 'jakarta.faces.HtmlCommandButton'
[0m[32m14:37:15,055 FINE  [jakarta.enterprise.resource.webcontainer.faces.facelets.tag.component] (default task-3) /index.xhtml @35,124 <h:commandButton> Component[2059540600_7ac21940] Created: jakarta.faces.component.html.HtmlCommandButton
[0m[32m14:37:15,055 FINE  [jakarta.enterprise.resource.webcontainer.faces.application] (default task-3) Created component with component type of 'jakarta.faces.HtmlCommandButton'
[0m[32m14:37:15,055 FINE  [jakarta.enterprise.resource.webcontainer.faces.facelets.tag.component] (default task-3) /index.xhtml @36,117 <h:commandButton> Component[2059540600_7ac2193d] Created: jakarta.faces.component.html.HtmlCommandButton
[0m[32m14:37:15,055 FINE  [jakarta.enterprise.resource.webcontainer.faces.lifecycle] (default task-3) Postback: restored view for /index.xhtml
[0m[32m14:37:15,055 FINE  [jakarta.enterprise.resource.webcontainer.faces.lifecycle] (default task-3) Exiting RestoreViewPhase
[0m[32m14:37:15,056 FINE  [jakarta.enterprise.resource.webcontainer.faces.timing] (default task-3)  [TIMING] - [5ms] : Execution time for phase (including any PhaseListeners) -> RESTORE_VIEW 1
[0m[32m14:37:15,056 FINE  [jakarta.enterprise.resource.webcontainer.faces.lifecycle] (default task-3) Entering ApplyRequestValuesPhase
[0m[32m14:37:15,056 FINE  [jakarta.enterprise.resource.webcontainer.faces.renderkit] (default task-3) No decoding necessary since the component j_idt9 is not an instance or a sub class of UIInput
[0m[32m14:37:15,056 FINE  [jakarta.enterprise.resource.webcontainer.faces.renderkit] (default task-3) No decoding necessary since the component j_idt7 is not an instance or a sub class of UIInput
[0m[32m14:37:15,056 FINE  [jakarta.enterprise.resource.webcontainer.faces.renderkit] (default task-3) No decoding necessary since the component j_idt13 is not an instance or a sub class of UIInput
[0m[32m14:37:15,056 FINE  [jakarta.enterprise.resource.webcontainer.faces.renderkit] (default task-3) No decoding necessary since the component j_idt11 is not an instance or a sub class of UIInput
[0m[32m14:37:15,056 FINE  [jakarta.enterprise.resource.webcontainer.faces.renderkit] (default task-3) No decoding necessary since the component j_idt17 is not an instance or a sub class of UIInput
[0m[32m14:37:15,056 FINE  [jakarta.enterprise.resource.webcontainer.faces.renderkit] (default task-3) No decoding necessary since the component j_idt15 is not an instance or a sub class of UIInput
[0m[32m14:37:15,056 FINE  [jakarta.enterprise.resource.webcontainer.faces.renderkit] (default task-3) UIForm with client ID j_idt18, submitted
[0m[32m14:37:15,056 FINE  [jakarta.enterprise.resource.webcontainer.faces.renderkit] (default task-3) This command resulted in form submission  ActionEvent queued.
[0m[32m14:37:15,056 FINE  [jakarta.enterprise.resource.webcontainer.faces.renderkit] (default task-3) End decoding component j_idt21
[0m[32m14:37:15,056 FINE  [jakarta.enterprise.resource.webcontainer.faces.renderkit] (default task-3) No decoding necessary since the component j_idt19 is not an instance or a sub class of UIInput
[0m[32m14:37:15,056 FINE  [jakarta.enterprise.resource.webcontainer.faces.renderkit] (default task-3) No decoding necessary since the component j_idt23 is not an instance or a sub class of UIInput
[0m[32m14:37:15,056 FINE  [jakarta.enterprise.resource.webcontainer.faces.lifecycle] (default task-3) Exiting ApplyRequestValuesPhase
[0m[32m14:37:15,056 FINE  [jakarta.enterprise.resource.webcontainer.faces.timing] (default task-3)  [TIMING] - [0ms] : Execution time for phase (including any PhaseListeners) -> APPLY_REQUEST_VALUES 2
[0m[32m14:37:15,056 FINE  [jakarta.enterprise.resource.webcontainer.faces.lifecycle] (default task-3) Entering ProcessValidationsPhase
[0m[32m14:37:15,057 FINE  [jakarta.enterprise.resource.webcontainer.faces.lifecycle] (default task-3) Exiting ProcessValidationsPhase
[0m[32m14:37:15,057 FINE  [jakarta.enterprise.resource.webcontainer.faces.timing] (default task-3)  [TIMING] - [1ms] : Execution time for phase (including any PhaseListeners) -> PROCESS_VALIDATIONS 3
[0m[32m14:37:15,057 FINE  [jakarta.enterprise.resource.webcontainer.faces.lifecycle] (default task-3) Entering UpdateModelValuesPhase
[0m[32m14:37:15,057 FINE  [jakarta.enterprise.resource.webcontainer.faces.lifecycle] (default task-3) Exiting UpdateModelValuesPhase
[0m[32m14:37:15,057 FINE  [jakarta.enterprise.resource.webcontainer.faces.timing] (default task-3)  [TIMING] - [0ms] : Execution time for phase (including any PhaseListeners) -> UPDATE_MODEL_VALUES 4
[0m[32m14:37:15,057 FINE  [jakarta.enterprise.resource.webcontainer.faces.lifecycle] (default task-3) Entering InvokeApplicationsPhase
[0m[32m14:37:15,057 FINE  [jakarta.enterprise.resource.webcontainer.faces.application] (default task-3) processAction(j_idt21)
[0m[32m14:37:15,058 FINE  [jakarta.enterprise.resource.webcontainer.faces.application] (default task-3) Redirecting to path /index.xhtml for outcome index.xhtml?faces-redirect=trueand viewId /index.xhtml
[0m[32m14:37:15,060 DEBUG [org.wildfly.clustering.marshalling.ByteBufferMarshalledValue] (default task-3) Marshalled size of java.util.concurrent.ConcurrentHashMap object = 1978 bytes
[0m[32m14:37:15,064 FINE  [jakarta.enterprise.resource.webcontainer.faces.application] (default task-3) Response complete for /index.xhtml
[0m[32m14:37:15,064 FINE  [jakarta.enterprise.resource.webcontainer.faces.lifecycle] (default task-3) Exiting InvokeApplicationsPhase
[0m[32m14:37:15,065 FINE  [jakarta.enterprise.resource.webcontainer.faces.timing] (default task-3)  [TIMING] - [8ms] : Execution time for phase (including any PhaseListeners) -> INVOKE_APPLICATION 5
[0m[32m14:37:15,065 FINE  [jakarta.enterprise.resource.webcontainer.faces.lifecycle] (default task-3) render(com.sun.faces.context.FacesContextImpl@3d82a2a6)
[0m[32m14:37:15,066 DEBUG [org.wildfly.clustering.marshalling.ByteBufferMarshalledValue] (default task-3) Marshalled size of java.util.concurrent.ConcurrentHashMap object = 1978 bytes
[0m[32m14:37:15,074 DEBUG [org.wildfly.clustering.marshalling.ByteBufferMarshalledValue] (default task-3) Marshalled size of java.util.concurrent.ConcurrentHashMap object = 1978 bytes
[0m[32m14:37:15,215 DEBUG [io.undertow.request] (default I/O-2) Matched default handler path /.well-known/appspecific/com.chrome.devtools.json
[0m[32m14:37:15,867 DEBUG [io.undertow.request] (default I/O-2) Matched default handler path /index.xhtml
[0m[32m14:37:15,869 FINE  [jakarta.enterprise.resource.webcontainer.faces.lifecycle] (default task-3) execute(com.sun.faces.context.FacesContextImpl@314c67b3)
[0m[32m14:37:15,869 FINE  [jakarta.enterprise.resource.webcontainer.faces.lifecycle] (default task-3) Entering RestoreViewPhase
[0m[32m14:37:15,870 FINE  [jakarta.enterprise.resource.webcontainer.faces.application] (default task-3) Created component with component type of 'jakarta.faces.ViewRoot'
[0m[32m14:37:15,870 FINE  [jakarta.enterprise.resource.webcontainer.faces.application] (default task-3) Created component with component type of 'jakarta.faces.ViewRoot'
[0m[32m14:37:15,870 FINE  [jakarta.enterprise.resource.webcontainer.faces.application] (default task-3) Created component with component type of 'jakarta.faces.ViewRoot'
[0m[32m14:37:15,870 FINE  [jakarta.enterprise.resource.webcontainer.faces.lifecycle] (default task-3) New request: creating a view for /index.xhtml
[0m[32m14:37:15,870 FINE  [jakarta.enterprise.resource.webcontainer.faces.application] (default task-3) Created component with component type of 'jakarta.faces.ViewRoot'
[0m[32m14:37:15,870 FINE  [jakarta.enterprise.resource.webcontainer.faces.application] (default task-3) Created new view for /index.xhtml
[0m[32m14:37:15,870 FINE  [jakarta.enterprise.resource.webcontainer.faces.application] (default task-3) Locale for this view as determined by calculateLocale en_US
[0m[32m14:37:15,870 FINE  [jakarta.enterprise.resource.webcontainer.faces.application] (default task-3) Created component with component type of 'jakarta.faces.ViewRoot'
[0m[32m14:37:15,870 FINE  [jakarta.enterprise.resource.webcontainer.faces.application] (default task-3) RenderKitId for this view as determined by calculateRenderKitId HTML_BASIC
[0m[32m14:37:15,871 FINE  [jakarta.enterprise.resource.webcontainer.faces.lifecycle] (default task-3) Exiting RestoreViewPhase
[0m[32m14:37:15,871 FINE  [jakarta.enterprise.resource.webcontainer.faces.timing] (default task-3)  [TIMING] - [2ms] : Execution time for phase (including any PhaseListeners) -> RESTORE_VIEW 1
[0m[32m14:37:15,871 FINE  [jakarta.enterprise.resource.webcontainer.faces.lifecycle] (default task-3) render(com.sun.faces.context.FacesContextImpl@314c67b3)
[0m[32m14:37:15,871 FINE  [jakarta.enterprise.resource.webcontainer.faces.lifecycle] (default task-3) Entering RenderResponsePhase
[0m[32m14:37:15,871 FINE  [jakarta.enterprise.resource.webcontainer.faces.lifecycle] (default task-3) About to render view /index.xhtml
[0m[32m14:37:15,871 FINE  [jakarta.enterprise.resource.webcontainer.faces.application] (default task-3) Building View: /index.xhtml
[0m[32m14:37:15,871 FINE  [jakarta.enterprise.resource.webcontainer.faces.application] (default task-3) Created component with component type of 'jakarta.faces.Output'
[0m[32m14:37:15,871 FINE  [jakarta.enterprise.resource.webcontainer.faces.facelets.tag.component] (default task-3) /index.xhtml @6,11 <h:head> Component[2059540600_7ac2185f] Created: jakarta.faces.component.UIOutput
[0m[32m14:37:15,871 FINE  [jakarta.enterprise.resource.webcontainer.faces.application] (default task-3) Created component with component type of 'jakarta.faces.OutputBody'
[0m[32m14:37:15,872 FINE  [jakarta.enterprise.resource.webcontainer.faces.facelets.tag.component] (default task-3) /index.xhtml @10,11 <h:body> Component[2059540600_7ac21839] Created: jakarta.faces.component.html.HtmlBody
[0m[32m14:37:15,872 FINE  [jakarta.enterprise.resource.webcontainer.faces.application] (default task-3) Created component with component type of 'jakarta.faces.HtmlPanelGroup'
[0m[32m14:37:15,872 FINE  [jakarta.enterprise.resource.webcontainer.faces.facelets.tag.component] (default task-3) /index.xhtml @13,60 <h:panelGroup> Component[2059540600_7ac21823] Created: jakarta.faces.component.html.HtmlPanelGroup
[0m[32m14:37:15,872 FINE  [jakarta.enterprise.resource.webcontainer.faces.application] (default task-3) Created component with component type of 'jakarta.faces.HtmlOutputText'
[0m[32m14:37:15,872 FINE  [jakarta.enterprise.resource.webcontainer.faces.facelets.tag.component] (default task-3) /index.xhtml @15,61 <h:outputText> Component[2059540600_7ac2180d] Created: jakarta.faces.component.html.HtmlOutputText
[0m[32m14:37:15,872 FINE  [jakarta.enterprise.resource.webcontainer.faces.application] (default task-3) Created component with component type of 'jakarta.faces.HtmlPanelGroup'
[0m[32m14:37:15,872 FINE  [jakarta.enterprise.resource.webcontainer.faces.facelets.tag.component] (default task-3) /index.xhtml @17,60 <h:panelGroup> Component[2059540600_7ac218fa] Created: jakarta.faces.component.html.HtmlPanelGroup
[0m[32m14:37:15,872 FINE  [jakarta.enterprise.resource.webcontainer.faces.application] (default task-3) Created component with component type of 'jakarta.faces.HtmlOutputText'
[0m[32m14:37:15,872 FINE  [jakarta.enterprise.resource.webcontainer.faces.facelets.tag.component] (default task-3) /index.xhtml @19,60 <h:outputText> Component[2059540600_7ac218e4] Created: jakarta.faces.component.html.HtmlOutputText
[0m[32m14:37:15,872 FINE  [jakarta.enterprise.resource.webcontainer.faces.application] (default task-3) Created component with component type of 'jakarta.faces.HtmlPanelGroup'
[0m[32m14:37:15,872 FINE  [jakarta.enterprise.resource.webcontainer.faces.facelets.tag.component] (default task-3) /index.xhtml @21,61 <h:panelGroup> Component[2059540600_7ac218d1] Created: jakarta.faces.component.html.HtmlPanelGroup
[0m[32m14:37:15,872 FINE  [jakarta.enterprise.resource.webcontainer.faces.application] (default task-3) Created component with component type of 'jakarta.faces.HtmlOutputText'
[0m[32m14:37:15,872 FINE  [jakarta.enterprise.resource.webcontainer.faces.facelets.tag.component] (default task-3) /index.xhtml @23,59 <h:outputText> Component[2059540600_7ac218bb] Created: jakarta.faces.component.html.HtmlOutputText
[0m[32m14:37:15,872 FINE  [jakarta.enterprise.resource.webcontainer.faces.application] (default task-3) Created component with component type of 'jakarta.faces.HtmlForm'
[0m[32m14:37:15,873 FINE  [jakarta.enterprise.resource.webcontainer.faces.facelets.tag.component] (default task-3) /index.xhtml @26,11 <h:form> Component[2059540600_7ac218a8] Created: jakarta.faces.component.html.HtmlForm
[0m[32m14:37:15,873 FINE  [jakarta.enterprise.resource.webcontainer.faces.application] (default task-3) Created component with component type of 'jakarta.faces.HtmlPanelGroup'
[0m[32m14:37:15,873 FINE  [jakarta.enterprise.resource.webcontainer.faces.facelets.tag.component] (default task-3) /index.xhtml @27,62 <h:panelGroup> Component[2059540600_7ac21892] Created: jakarta.faces.component.html.HtmlPanelGroup
[0m[32m14:37:15,873 FINE  [jakarta.enterprise.resource.webcontainer.faces.application] (default task-3) Created component with component type of 'jakarta.faces.HtmlCommandButton'
[0m[32m14:37:15,873 FINE  [jakarta.enterprise.resource.webcontainer.faces.facelets.tag.component] (default task-3) /index.xhtml @29,119 <h:commandButton> Component[2059540600_7ac2197c] Created: jakarta.faces.component.html.HtmlCommandButton
[0m[32m14:37:15,873 FINE  [jakarta.enterprise.resource.webcontainer.faces.application] (default task-3) Created component with component type of 'jakarta.faces.HtmlCommandButton'
[0m[32m14:37:15,873 FINE  [jakarta.enterprise.resource.webcontainer.faces.facelets.tag.component] (default task-3) /index.xhtml @30,112 <h:commandButton> Component[2059540600_7ac21969] Created: jakarta.faces.component.html.HtmlCommandButton
[0m[32m14:37:15,873 FINE  [jakarta.enterprise.resource.webcontainer.faces.application] (default task-3) Created component with component type of 'jakarta.faces.HtmlPanelGroup'
[0m[32m14:37:15,873 FINE  [jakarta.enterprise.resource.webcontainer.faces.facelets.tag.component] (default task-3) /index.xhtml @33,34 <h:panelGroup> Component[2059540600_7ac21966] Created: jakarta.faces.component.html.HtmlPanelGroup
[0m[32m14:37:15,873 FINE  [jakarta.enterprise.resource.webcontainer.faces.application] (default task-3) Created component with component type of 'jakarta.faces.HtmlCommandButton'
[0m[32m14:37:15,886 FINE  [jakarta.enterprise.resource.webcontainer.faces.facelets.tag.component] (default task-3) /index.xhtml @35,124 <h:commandButton> Component[2059540600_7ac21940] Created: jakarta.faces.component.html.HtmlCommandButton
[0m[32m14:37:15,886 FINE  [jakarta.enterprise.resource.webcontainer.faces.application] (default task-3) Created component with component type of 'jakarta.faces.HtmlCommandButton'
[0m[32m14:37:15,887 FINE  [jakarta.enterprise.resource.webcontainer.faces.facelets.tag.component] (default task-3) /index.xhtml @36,117 <h:commandButton> Component[2059540600_7ac2193d] Created: jakarta.faces.component.html.HtmlCommandButton
[0m[32m14:37:15,887 FINE  [jakarta.enterprise.resource.webcontainer.faces.application] (default task-3) Rendering View: /index.xhtml
[0m[32m14:37:15,889 FINE  [jakarta.enterprise.resource.webcontainer.faces.renderkit] (default task-3) component.getValue() returned jNQGv0URH6n513ivo2My-hSdtRiKOkU1NKyrSGui
[0m[32m14:37:15,889 FINE  [jakarta.enterprise.resource.webcontainer.faces.renderkit] (default task-3) Value to be rendered jNQGv0URH6n513ivo2My-hSdtRiKOkU1NKyrSGui
[0m[32m14:37:15,889 FINE  [jakarta.enterprise.resource.webcontainer.faces.renderkit] (default task-3) component.getValue() returned 060a48fb51ef
[0m[32m14:37:15,889 FINE  [jakarta.enterprise.resource.webcontainer.faces.renderkit] (default task-3) Value to be rendered 060a48fb51ef
[0m[32m14:37:15,890 FINE  [jakarta.enterprise.resource.webcontainer.faces.renderkit] (default task-3) component.getValue() returned 7
[0m[32m14:37:15,890 FINE  [jakarta.enterprise.resource.webcontainer.faces.application] (default task-3) Created converter of type 'jakarta.faces.convert.IntegerConverter'
[0m[32m14:37:15,890 FINE  [jakarta.enterprise.resource.webcontainer.faces.renderkit] (default task-3) Value to be rendered 7
[0m[32m14:37:15,891 FINE  [jakarta.enterprise.resource.webcontainer.faces.application] (default task-3) Begin writing marker for viewId /index.xhtml
[0m[32m14:37:15,891 FINE  [jakarta.enterprise.resource.webcontainer.faces.application] (default task-3) End writing marker for viewId /index.xhtml
[0m[32m14:37:15,891 FINE  [jakarta.faces.component] (default task-3) j_id1
[0m[32m14:37:15,891 FINE  [jakarta.enterprise.resource.webcontainer.faces.lifecycle] (default task-3) Exiting RenderResponsePhase
[0m[32m14:37:15,892 FINE  [jakarta.enterprise.resource.webcontainer.faces.timing] (default task-3)  [TIMING] - [20ms] : Execution time for phase (including any PhaseListeners) -> RENDER_RESPONSE 6
[0m[32m14:37:15,903 DEBUG [org.wildfly.clustering.marshalling.ByteBufferMarshalledValue] (default task-3) Marshalled size of java.util.concurrent.ConcurrentHashMap object = 1978 bytes
[0m[32m14:37:16,285 DEBUG [io.undertow.request] (default I/O-2) Matched default handler path /index.xhtml
[0m[32m14:37:16,288 FINE  [jakarta.enterprise.resource.webcontainer.faces.lifecycle] (default task-3) execute(com.sun.faces.context.FacesContextImpl@6ff78bb7)
[0m[32m14:37:16,288 FINE  [jakarta.enterprise.resource.webcontainer.faces.lifecycle] (default task-3) Entering RestoreViewPhase
[0m[32m14:37:16,288 FINE  [jakarta.enterprise.resource.webcontainer.faces.application] (default task-3) Created component with component type of 'jakarta.faces.ViewRoot'
[0m[32m14:37:16,289 FINE  [jakarta.enterprise.resource.webcontainer.faces.application] (default task-3) Created component with component type of 'jakarta.faces.ViewRoot'
[0m[32m14:37:16,289 FINE  [jakarta.enterprise.resource.webcontainer.faces.application] (default task-3) Created component with component type of 'jakarta.faces.ViewRoot'
[0m[32m14:37:16,289 FINE  [jakarta.enterprise.resource.webcontainer.faces.application] (default task-3) Created component with component type of 'jakarta.faces.ViewRoot'
[0m[32m14:37:16,289 FINE  [jakarta.enterprise.resource.webcontainer.faces.application] (default task-3) Created component with component type of 'jakarta.faces.ViewRoot'
[0m[32m14:37:16,289 FINE  [jakarta.enterprise.resource.webcontainer.faces.application] (default task-3) Created component with component type of 'jakarta.faces.ViewRoot'
[0m[32m14:37:16,289 FINE  [jakarta.enterprise.resource.webcontainer.faces.application] (default task-3) Created new view for /index.xhtml
[0m[32m14:37:16,289 FINE  [jakarta.enterprise.resource.webcontainer.faces.application] (default task-3) Locale for this view as determined by calculateLocale en_US
[0m[32m14:37:16,289 FINE  [jakarta.enterprise.resource.webcontainer.faces.application] (default task-3) Created component with component type of 'jakarta.faces.ViewRoot'
[0m[32m14:37:16,289 FINE  [jakarta.enterprise.resource.webcontainer.faces.application] (default task-3) RenderKitId for this view as determined by calculateRenderKitId HTML_BASIC
[0m[32m14:37:16,289 FINE  [jakarta.enterprise.resource.webcontainer.faces.application] (default task-3) Building View: /index.xhtml
[0m[32m14:37:16,290 FINE  [jakarta.enterprise.resource.webcontainer.faces.application] (default task-3) Created component with component type of 'jakarta.faces.Output'
[0m[32m14:37:16,290 FINE  [jakarta.enterprise.resource.webcontainer.faces.facelets.tag.component] (default task-3) /index.xhtml @6,11 <h:head> Component[2059540600_7ac2185f] Created: jakarta.faces.component.UIOutput
[0m[32m14:37:16,290 FINE  [jakarta.enterprise.resource.webcontainer.faces.application] (default task-3) Created component with component type of 'jakarta.faces.OutputBody'
[0m[32m14:37:16,290 FINE  [jakarta.enterprise.resource.webcontainer.faces.facelets.tag.component] (default task-3) /index.xhtml @10,11 <h:body> Component[2059540600_7ac21839] Created: jakarta.faces.component.html.HtmlBody
[0m[32m14:37:16,290 FINE  [jakarta.enterprise.resource.webcontainer.faces.application] (default task-3) Created component with component type of 'jakarta.faces.HtmlPanelGroup'
[0m[32m14:37:16,290 FINE  [jakarta.enterprise.resource.webcontainer.faces.facelets.tag.component] (default task-3) /index.xhtml @13,60 <h:panelGroup> Component[2059540600_7ac21823] Created: jakarta.faces.component.html.HtmlPanelGroup
[0m[32m14:37:16,290 FINE  [jakarta.enterprise.resource.webcontainer.faces.application] (default task-3) Created component with component type of 'jakarta.faces.HtmlOutputText'
[0m[32m14:37:16,290 FINE  [jakarta.enterprise.resource.webcontainer.faces.facelets.tag.component] (default task-3) /index.xhtml @15,61 <h:outputText> Component[2059540600_7ac2180d] Created: jakarta.faces.component.html.HtmlOutputText
[0m[32m14:37:16,291 FINE  [jakarta.enterprise.resource.webcontainer.faces.application] (default task-3) Created component with component type of 'jakarta.faces.HtmlPanelGroup'
[0m[32m14:37:16,291 FINE  [jakarta.enterprise.resource.webcontainer.faces.facelets.tag.component] (default task-3) /index.xhtml @17,60 <h:panelGroup> Component[2059540600_7ac218fa] Created: jakarta.faces.component.html.HtmlPanelGroup
[0m[32m14:37:16,291 FINE  [jakarta.enterprise.resource.webcontainer.faces.application] (default task-3) Created component with component type of 'jakarta.faces.HtmlOutputText'
[0m[32m14:37:16,291 FINE  [jakarta.enterprise.resource.webcontainer.faces.facelets.tag.component] (default task-3) /index.xhtml @19,60 <h:outputText> Component[2059540600_7ac218e4] Created: jakarta.faces.component.html.HtmlOutputText
[0m[32m14:37:16,291 FINE  [jakarta.enterprise.resource.webcontainer.faces.application] (default task-3) Created component with component type of 'jakarta.faces.HtmlPanelGroup'
[0m[32m14:37:16,291 FINE  [jakarta.enterprise.resource.webcontainer.faces.facelets.tag.component] (default task-3) /index.xhtml @21,61 <h:panelGroup> Component[2059540600_7ac218d1] Created: jakarta.faces.component.html.HtmlPanelGroup
[0m[32m14:37:16,291 FINE  [jakarta.enterprise.resource.webcontainer.faces.application] (default task-3) Created component with component type of 'jakarta.faces.HtmlOutputText'
[0m[32m14:37:16,291 FINE  [jakarta.enterprise.resource.webcontainer.faces.facelets.tag.component] (default task-3) /index.xhtml @23,59 <h:outputText> Component[2059540600_7ac218bb] Created: jakarta.faces.component.html.HtmlOutputText
[0m[32m14:37:16,291 FINE  [jakarta.enterprise.resource.webcontainer.faces.application] (default task-3) Created component with component type of 'jakarta.faces.HtmlForm'
[0m[32m14:37:16,291 FINE  [jakarta.enterprise.resource.webcontainer.faces.facelets.tag.component] (default task-3) /index.xhtml @26,11 <h:form> Component[2059540600_7ac218a8] Created: jakarta.faces.component.html.HtmlForm
[0m[32m14:37:16,291 FINE  [jakarta.enterprise.resource.webcontainer.faces.application] (default task-3) Created component with component type of 'jakarta.faces.HtmlPanelGroup'
[0m[32m14:37:16,291 FINE  [jakarta.enterprise.resource.webcontainer.faces.facelets.tag.component] (default task-3) /index.xhtml @27,62 <h:panelGroup> Component[2059540600_7ac21892] Created: jakarta.faces.component.html.HtmlPanelGroup
[0m[32m14:37:16,292 FINE  [jakarta.enterprise.resource.webcontainer.faces.application] (default task-3) Created component with component type of 'jakarta.faces.HtmlCommandButton'
[0m[32m14:37:16,292 FINE  [jakarta.enterprise.resource.webcontainer.faces.facelets.tag.component] (default task-3) /index.xhtml @29,119 <h:commandButton> Component[2059540600_7ac2197c] Created: jakarta.faces.component.html.HtmlCommandButton
[0m[32m14:37:16,292 FINE  [jakarta.enterprise.resource.webcontainer.faces.application] (default task-3) Created component with component type of 'jakarta.faces.HtmlCommandButton'
[0m[32m14:37:16,292 FINE  [jakarta.enterprise.resource.webcontainer.faces.facelets.tag.component] (default task-3) /index.xhtml @30,112 <h:commandButton> Component[2059540600_7ac21969] Created: jakarta.faces.component.html.HtmlCommandButton
[0m[32m14:37:16,292 FINE  [jakarta.enterprise.resource.webcontainer.faces.application] (default task-3) Created component with component type of 'jakarta.faces.HtmlPanelGroup'
[0m[32m14:37:16,292 FINE  [jakarta.enterprise.resource.webcontainer.faces.facelets.tag.component] (default task-3) /index.xhtml @33,34 <h:panelGroup> Component[2059540600_7ac21966] Created: jakarta.faces.component.html.HtmlPanelGroup
[0m[32m14:37:16,292 FINE  [jakarta.enterprise.resource.webcontainer.faces.application] (default task-3) Created component with component type of 'jakarta.faces.HtmlCommandButton'
[0m[32m14:37:16,292 FINE  [jakarta.enterprise.resource.webcontainer.faces.facelets.tag.component] (default task-3) /index.xhtml @35,124 <h:commandButton> Component[2059540600_7ac21940] Created: jakarta.faces.component.html.HtmlCommandButton
[0m[32m14:37:16,292 FINE  [jakarta.enterprise.resource.webcontainer.faces.application] (default task-3) Created component with component type of 'jakarta.faces.HtmlCommandButton'
[0m[32m14:37:16,292 FINE  [jakarta.enterprise.resource.webcontainer.faces.facelets.tag.component] (default task-3) /index.xhtml @36,117 <h:commandButton> Component[2059540600_7ac2193d] Created: jakarta.faces.component.html.HtmlCommandButton
[0m[32m14:37:16,292 FINE  [jakarta.enterprise.resource.webcontainer.faces.lifecycle] (default task-3) Postback: restored view for /index.xhtml
[0m[32m14:37:16,293 FINE  [jakarta.enterprise.resource.webcontainer.faces.lifecycle] (default task-3) Exiting RestoreViewPhase
[0m[32m14:37:16,293 FINE  [jakarta.enterprise.resource.webcontainer.faces.timing] (default task-3)  [TIMING] - [5ms] : Execution time for phase (including any PhaseListeners) -> RESTORE_VIEW 1
[0m[32m14:37:16,293 FINE  [jakarta.enterprise.resource.webcontainer.faces.lifecycle] (default task-3) Entering ApplyRequestValuesPhase
[0m[32m14:37:16,293 FINE  [jakarta.enterprise.resource.webcontainer.faces.renderkit] (default task-3) No decoding necessary since the component j_idt9 is not an instance or a sub class of UIInput
[0m[32m14:37:16,293 FINE  [jakarta.enterprise.resource.webcontainer.faces.renderkit] (default task-3) No decoding necessary since the component j_idt7 is not an instance or a sub class of UIInput
[0m[32m14:37:16,293 FINE  [jakarta.enterprise.resource.webcontainer.faces.renderkit] (default task-3) No decoding necessary since the component j_idt13 is not an instance or a sub class of UIInput
[0m[32m14:37:16,293 FINE  [jakarta.enterprise.resource.webcontainer.faces.renderkit] (default task-3) No decoding necessary since the component j_idt11 is not an instance or a sub class of UIInput
[0m[32m14:37:16,293 FINE  [jakarta.enterprise.resource.webcontainer.faces.renderkit] (default task-3) No decoding necessary since the component j_idt17 is not an instance or a sub class of UIInput
[0m[32m14:37:16,293 FINE  [jakarta.enterprise.resource.webcontainer.faces.renderkit] (default task-3) No decoding necessary since the component j_idt15 is not an instance or a sub class of UIInput
[0m[32m14:37:16,293 FINE  [jakarta.enterprise.resource.webcontainer.faces.renderkit] (default task-3) UIForm with client ID j_idt18, submitted
[0m[32m14:37:16,293 FINE  [jakarta.enterprise.resource.webcontainer.faces.renderkit] (default task-3) This command resulted in form submission  ActionEvent queued.
[0m[32m14:37:16,293 FINE  [jakarta.enterprise.resource.webcontainer.faces.renderkit] (default task-3) End decoding component j_idt21
[0m[32m14:37:16,294 FINE  [jakarta.enterprise.resource.webcontainer.faces.renderkit] (default task-3) No decoding necessary since the component j_idt19 is not an instance or a sub class of UIInput
[0m[32m14:37:16,294 FINE  [jakarta.enterprise.resource.webcontainer.faces.renderkit] (default task-3) No decoding necessary since the component j_idt23 is not an instance or a sub class of UIInput
[0m[32m14:37:16,294 FINE  [jakarta.enterprise.resource.webcontainer.faces.lifecycle] (default task-3) Exiting ApplyRequestValuesPhase
[0m[32m14:37:16,294 FINE  [jakarta.enterprise.resource.webcontainer.faces.timing] (default task-3)  [TIMING] - [1ms] : Execution time for phase (including any PhaseListeners) -> APPLY_REQUEST_VALUES 2
[0m[32m14:37:16,294 FINE  [jakarta.enterprise.resource.webcontainer.faces.lifecycle] (default task-3) Entering ProcessValidationsPhase
[0m[32m14:37:16,294 FINE  [jakarta.enterprise.resource.webcontainer.faces.lifecycle] (default task-3) Exiting ProcessValidationsPhase
[0m[32m14:37:16,294 FINE  [jakarta.enterprise.resource.webcontainer.faces.timing] (default task-3)  [TIMING] - [0ms] : Execution time for phase (including any PhaseListeners) -> PROCESS_VALIDATIONS 3
[0m[32m14:37:16,294 FINE  [jakarta.enterprise.resource.webcontainer.faces.lifecycle] (default task-3) Entering UpdateModelValuesPhase
[0m[32m14:37:16,294 FINE  [jakarta.enterprise.resource.webcontainer.faces.lifecycle] (default task-3) Exiting UpdateModelValuesPhase
[0m[32m14:37:16,294 FINE  [jakarta.enterprise.resource.webcontainer.faces.timing] (default task-3)  [TIMING] - [0ms] : Execution time for phase (including any PhaseListeners) -> UPDATE_MODEL_VALUES 4
[0m[32m14:37:16,294 FINE  [jakarta.enterprise.resource.webcontainer.faces.lifecycle] (default task-3) Entering InvokeApplicationsPhase
[0m[32m14:37:16,294 FINE  [jakarta.enterprise.resource.webcontainer.faces.application] (default task-3) processAction(j_idt21)
[0m[32m14:37:16,295 FINE  [jakarta.enterprise.resource.webcontainer.faces.application] (default task-3) Redirecting to path /index.xhtml for outcome index.xhtml?faces-redirect=trueand viewId /index.xhtml
[0m[32m14:37:16,297 DEBUG [org.wildfly.clustering.marshalling.ByteBufferMarshalledValue] (default task-3) Marshalled size of java.util.concurrent.ConcurrentHashMap object = 1978 bytes
[0m[32m14:37:16,309 FINE  [jakarta.enterprise.resource.webcontainer.faces.application] (default task-3) Response complete for /index.xhtml
[0m[32m14:37:16,309 FINE  [jakarta.enterprise.resource.webcontainer.faces.lifecycle] (default task-3) Exiting InvokeApplicationsPhase
[0m[32m14:37:16,309 FINE  [jakarta.enterprise.resource.webcontainer.faces.timing] (default task-3)  [TIMING] - [15ms] : Execution time for phase (including any PhaseListeners) -> INVOKE_APPLICATION 5
[0m[32m14:37:16,310 FINE  [jakarta.enterprise.resource.webcontainer.faces.lifecycle] (default task-3) render(com.sun.faces.context.FacesContextImpl@6ff78bb7)
[0m[32m14:37:16,311 DEBUG [org.wildfly.clustering.marshalling.ByteBufferMarshalledValue] (default task-3) Marshalled size of java.util.concurrent.ConcurrentHashMap object = 1978 bytes
[0m[32m14:37:16,321 DEBUG [org.wildfly.clustering.marshalling.ByteBufferMarshalledValue] (default task-3) Marshalled size of java.util.concurrent.ConcurrentHashMap object = 1978 bytes
[0m[32m14:37:16,399 DEBUG [io.undertow.request] (default I/O-2) Matched default handler path /.well-known/appspecific/com.chrome.devtools.json
[0m[32m14:37:16,533 DEBUG [io.undertow.request] (default I/O-6) Matched default handler path /index.xhtml
[0m[32m14:37:16,534 FINE  [jakarta.enterprise.resource.webcontainer.faces.lifecycle] (default task-3) execute(com.sun.faces.context.FacesContextImpl@c7811c2)
[0m[32m14:37:16,534 FINE  [jakarta.enterprise.resource.webcontainer.faces.lifecycle] (default task-3) Entering RestoreViewPhase
[0m[32m14:37:16,534 FINE  [jakarta.enterprise.resource.webcontainer.faces.application] (default task-3) Created component with component type of 'jakarta.faces.ViewRoot'
[0m[32m14:37:16,534 FINE  [jakarta.enterprise.resource.webcontainer.faces.application] (default task-3) Created component with component type of 'jakarta.faces.ViewRoot'
[0m[32m14:37:16,534 FINE  [jakarta.enterprise.resource.webcontainer.faces.application] (default task-3) Created component with component type of 'jakarta.faces.ViewRoot'
[0m[32m14:37:16,534 FINE  [jakarta.enterprise.resource.webcontainer.faces.lifecycle] (default task-3) New request: creating a view for /index.xhtml
[0m[32m14:37:16,535 FINE  [jakarta.enterprise.resource.webcontainer.faces.application] (default task-3) Created component with component type of 'jakarta.faces.ViewRoot'
[0m[32m14:37:16,535 FINE  [jakarta.enterprise.resource.webcontainer.faces.application] (default task-3) Created new view for /index.xhtml
[0m[32m14:37:16,535 FINE  [jakarta.enterprise.resource.webcontainer.faces.application] (default task-3) Locale for this view as determined by calculateLocale en_US
[0m[32m14:37:16,535 FINE  [jakarta.enterprise.resource.webcontainer.faces.application] (default task-3) Created component with component type of 'jakarta.faces.ViewRoot'
[0m[32m14:37:16,535 FINE  [jakarta.enterprise.resource.webcontainer.faces.application] (default task-3) RenderKitId for this view as determined by calculateRenderKitId HTML_BASIC
[0m[32m14:37:16,535 FINE  [jakarta.enterprise.resource.webcontainer.faces.lifecycle] (default task-3) Exiting RestoreViewPhase
[0m[32m14:37:16,536 FINE  [jakarta.enterprise.resource.webcontainer.faces.timing] (default task-3)  [TIMING] - [1ms] : Execution time for phase (including any PhaseListeners) -> RESTORE_VIEW 1
[0m[32m14:37:16,536 FINE  [jakarta.enterprise.resource.webcontainer.faces.lifecycle] (default task-3) render(com.sun.faces.context.FacesContextImpl@c7811c2)
[0m[32m14:37:16,536 FINE  [jakarta.enterprise.resource.webcontainer.faces.lifecycle] (default task-3) Entering RenderResponsePhase
[0m[32m14:37:16,536 FINE  [jakarta.enterprise.resource.webcontainer.faces.lifecycle] (default task-3) About to render view /index.xhtml
[0m[32m14:37:16,536 FINE  [jakarta.enterprise.resource.webcontainer.faces.application] (default task-3) Building View: /index.xhtml
[0m[32m14:37:16,536 FINE  [jakarta.enterprise.resource.webcontainer.faces.application] (default task-3) Created component with component type of 'jakarta.faces.Output'
[0m[32m14:37:16,536 FINE  [jakarta.enterprise.resource.webcontainer.faces.facelets.tag.component] (default task-3) /index.xhtml @6,11 <h:head> Component[2059540600_7ac2185f] Created: jakarta.faces.component.UIOutput
[0m[32m14:37:16,536 FINE  [jakarta.enterprise.resource.webcontainer.faces.application] (default task-3) Created component with component type of 'jakarta.faces.OutputBody'
[0m[32m14:37:16,536 FINE  [jakarta.enterprise.resource.webcontainer.faces.facelets.tag.component] (default task-3) /index.xhtml @10,11 <h:body> Component[2059540600_7ac21839] Created: jakarta.faces.component.html.HtmlBody
[0m[32m14:37:16,537 FINE  [jakarta.enterprise.resource.webcontainer.faces.application] (default task-3) Created component with component type of 'jakarta.faces.HtmlPanelGroup'
[0m[32m14:37:16,537 FINE  [jakarta.enterprise.resource.webcontainer.faces.facelets.tag.component] (default task-3) /index.xhtml @13,60 <h:panelGroup> Component[2059540600_7ac21823] Created: jakarta.faces.component.html.HtmlPanelGroup
[0m[32m14:37:16,537 FINE  [jakarta.enterprise.resource.webcontainer.faces.application] (default task-3) Created component with component type of 'jakarta.faces.HtmlOutputText'
[0m[32m14:37:16,537 FINE  [jakarta.enterprise.resource.webcontainer.faces.facelets.tag.component] (default task-3) /index.xhtml @15,61 <h:outputText> Component[2059540600_7ac2180d] Created: jakarta.faces.component.html.HtmlOutputText
[0m[32m14:37:16,537 FINE  [jakarta.enterprise.resource.webcontainer.faces.application] (default task-3) Created component with component type of 'jakarta.faces.HtmlPanelGroup'
[0m[32m14:37:16,537 FINE  [jakarta.enterprise.resource.webcontainer.faces.facelets.tag.component] (default task-3) /index.xhtml @17,60 <h:panelGroup> Component[2059540600_7ac218fa] Created: jakarta.faces.component.html.HtmlPanelGroup
[0m[32m14:37:16,537 FINE  [jakarta.enterprise.resource.webcontainer.faces.application] (default task-3) Created component with component type of 'jakarta.faces.HtmlOutputText'
[0m[32m14:37:16,537 FINE  [jakarta.enterprise.resource.webcontainer.faces.facelets.tag.component] (default task-3) /index.xhtml @19,60 <h:outputText> Component[2059540600_7ac218e4] Created: jakarta.faces.component.html.HtmlOutputText
[0m[32m14:37:16,537 FINE  [jakarta.enterprise.resource.webcontainer.faces.application] (default task-3) Created component with component type of 'jakarta.faces.HtmlPanelGroup'
[0m[32m14:37:16,537 FINE  [jakarta.enterprise.resource.webcontainer.faces.facelets.tag.component] (default task-3) /index.xhtml @21,61 <h:panelGroup> Component[2059540600_7ac218d1] Created: jakarta.faces.component.html.HtmlPanelGroup
[0m[32m14:37:16,537 FINE  [jakarta.enterprise.resource.webcontainer.faces.application] (default task-3) Created component with component type of 'jakarta.faces.HtmlOutputText'
[0m[32m14:37:16,537 FINE  [jakarta.enterprise.resource.webcontainer.faces.facelets.tag.component] (default task-3) /index.xhtml @23,59 <h:outputText> Component[2059540600_7ac218bb] Created: jakarta.faces.component.html.HtmlOutputText
[0m[32m14:37:16,537 FINE  [jakarta.enterprise.resource.webcontainer.faces.application] (default task-3) Created component with component type of 'jakarta.faces.HtmlForm'
[0m[32m14:37:16,537 FINE  [jakarta.enterprise.resource.webcontainer.faces.facelets.tag.component] (default task-3) /index.xhtml @26,11 <h:form> Component[2059540600_7ac218a8] Created: jakarta.faces.component.html.HtmlForm
[0m[32m14:37:16,537 FINE  [jakarta.enterprise.resource.webcontainer.faces.application] (default task-3) Created component with component type of 'jakarta.faces.HtmlPanelGroup'
[0m[32m14:37:16,538 FINE  [jakarta.enterprise.resource.webcontainer.faces.facelets.tag.component] (default task-3) /index.xhtml @27,62 <h:panelGroup> Component[2059540600_7ac21892] Created: jakarta.faces.component.html.HtmlPanelGroup
[0m[32m14:37:16,538 FINE  [jakarta.enterprise.resource.webcontainer.faces.application] (default task-3) Created component with component type of 'jakarta.faces.HtmlCommandButton'
[0m[32m14:37:16,538 FINE  [jakarta.enterprise.resource.webcontainer.faces.facelets.tag.component] (default task-3) /index.xhtml @29,119 <h:commandButton> Component[2059540600_7ac2197c] Created: jakarta.faces.component.html.HtmlCommandButton
[0m[32m14:37:16,538 FINE  [jakarta.enterprise.resource.webcontainer.faces.application] (default task-3) Created component with component type of 'jakarta.faces.HtmlCommandButton'
[0m[32m14:37:16,538 FINE  [jakarta.enterprise.resource.webcontainer.faces.facelets.tag.component] (default task-3) /index.xhtml @30,112 <h:commandButton> Component[2059540600_7ac21969] Created: jakarta.faces.component.html.HtmlCommandButton
[0m[32m14:37:16,538 FINE  [jakarta.enterprise.resource.webcontainer.faces.application] (default task-3) Created component with component type of 'jakarta.faces.HtmlPanelGroup'
[0m[32m14:37:16,538 FINE  [jakarta.enterprise.resource.webcontainer.faces.facelets.tag.component] (default task-3) /index.xhtml @33,34 <h:panelGroup> Component[2059540600_7ac21966] Created: jakarta.faces.component.html.HtmlPanelGroup
[0m[32m14:37:16,538 FINE  [jakarta.enterprise.resource.webcontainer.faces.application] (default task-3) Created component with component type of 'jakarta.faces.HtmlCommandButton'
[0m[32m14:37:16,538 FINE  [jakarta.enterprise.resource.webcontainer.faces.facelets.tag.component] (default task-3) /index.xhtml @35,124 <h:commandButton> Component[2059540600_7ac21940] Created: jakarta.faces.component.html.HtmlCommandButton
[0m[32m14:37:16,538 FINE  [jakarta.enterprise.resource.webcontainer.faces.application] (default task-3) Created component with component type of 'jakarta.faces.HtmlCommandButton'
[0m[32m14:37:16,538 FINE  [jakarta.enterprise.resource.webcontainer.faces.facelets.tag.component] (default task-3) /index.xhtml @36,117 <h:commandButton> Component[2059540600_7ac2193d] Created: jakarta.faces.component.html.HtmlCommandButton
[0m[32m14:37:16,538 FINE  [jakarta.enterprise.resource.webcontainer.faces.application] (default task-3) Rendering View: /index.xhtml
[0m[32m14:37:16,541 DEBUG [org.wildfly.clustering.marshalling.ByteBufferMarshalledValue] (default task-3) Marshalled size of java.util.concurrent.ConcurrentHashMap object = 588 bytes
[0m[32m14:37:16,545 FINE  [jakarta.enterprise.resource.webcontainer.faces.renderkit] (default task-3) component.getValue() returned xVTIMZb372M-kiqtmcgnFWYMXRMPJnhb4O4MEOaj
[0m[32m14:37:16,545 FINE  [jakarta.enterprise.resource.webcontainer.faces.renderkit] (default task-3) Value to be rendered xVTIMZb372M-kiqtmcgnFWYMXRMPJnhb4O4MEOaj
[0m[32m14:37:16,546 FINE  [jakarta.enterprise.resource.webcontainer.faces.renderkit] (default task-3) component.getValue() returned 060a48fb51ef
[0m[32m14:37:16,546 FINE  [jakarta.enterprise.resource.webcontainer.faces.renderkit] (default task-3) Value to be rendered 060a48fb51ef
[0m[32m14:37:16,547 FINE  [jakarta.enterprise.resource.webcontainer.faces.renderkit] (default task-3) component.getValue() returned 0
[0m[32m14:37:16,547 FINE  [jakarta.enterprise.resource.webcontainer.faces.application] (default task-3) Created converter of type 'jakarta.faces.convert.IntegerConverter'
[0m[32m14:37:16,547 FINE  [jakarta.enterprise.resource.webcontainer.faces.renderkit] (default task-3) Value to be rendered 0
[0m[32m14:37:16,549 FINE  [jakarta.enterprise.resource.webcontainer.faces.application] (default task-3) Begin writing marker for viewId /index.xhtml
[0m[32m14:37:16,549 FINE  [jakarta.enterprise.resource.webcontainer.faces.application] (default task-3) End writing marker for viewId /index.xhtml
[0m[32m14:37:16,549 FINE  [jakarta.faces.component] (default task-3) j_id1
[0m[32m14:37:16,549 FINE  [jakarta.enterprise.resource.webcontainer.faces.lifecycle] (default task-3) Exiting RenderResponsePhase
[0m[32m14:37:16,549 FINE  [jakarta.enterprise.resource.webcontainer.faces.timing] (default task-3)  [TIMING] - [13ms] : Execution time for phase (including any PhaseListeners) -> RENDER_RESPONSE 6
[0m[32m14:37:16,550 DEBUG [io.undertow.request.io] (default task-3) UT005013: An IOException occurred: java.net.SocketException: Connection reset
	at java.base/sun.nio.ch.SocketChannelImpl.throwConnectionReset(SocketChannelImpl.java:401)
	at java.base/sun.nio.ch.SocketChannelImpl.read(SocketChannelImpl.java:434)
	at org.jboss.xnio.nio@3.8.16.Final-redhat-00001//org.xnio.nio.NioSocketConduit.read(NioSocketConduit.java:289)
	at org.jboss.xnio@3.8.16.Final-redhat-00001//org.xnio.conduits.AbstractStreamSourceConduit.read(AbstractStreamSourceConduit.java:51)
	at io.undertow.core@2.3.23.SP3-redhat-00001//io.undertow.conduits.ReadTimeoutStreamSourceConduit.read(ReadTimeoutStreamSourceConduit.java:181)
	at org.jboss.xnio@3.8.16.Final-redhat-00001//org.xnio.conduits.AbstractStreamSourceConduit.read(AbstractStreamSourceConduit.java:51)
	at io.undertow.core@2.3.23.SP3-redhat-00001//io.undertow.conduits.BytesReceivedStreamSourceConduit.read(BytesReceivedStreamSourceConduit.java:67)
	at org.jboss.xnio@3.8.16.Final-redhat-00001//org.xnio.conduits.ConduitStreamSourceChannel.read(ConduitStreamSourceChannel.java:127)
	at io.undertow.core@2.3.23.SP3-redhat-00001//io.undertow.util.ConnectionUtils.doDrain(ConnectionUtils.java:96)
	at io.undertow.core@2.3.23.SP3-redhat-00001//io.undertow.util.ConnectionUtils.cleanClose(ConnectionUtils.java:74)
	at io.undertow.core@2.3.23.SP3-redhat-00001//io.undertow.server.protocol.http.HttpReadListener.exchangeComplete(HttpReadListener.java:374)
	at io.undertow.core@2.3.23.SP3-redhat-00001//io.undertow.server.protocol.http.HttpServerConnection.exchangeComplete(HttpServerConnection.java:244)
	at io.undertow.core@2.3.23.SP3-redhat-00001//io.undertow.server.HttpServerExchange$ExchangeCompleteNextListener.proceed(HttpServerExchange.java:2062)
	at io.undertow.core@2.3.23.SP3-redhat-00001//io.undertow.server.ConnectorStatisticsImpl$1.exchangeEvent(ConnectorStatisticsImpl.java:75)
	at io.undertow.core@2.3.23.SP3-redhat-00001//io.undertow.server.HttpServerExchange$ExchangeCompleteNextListener.proceed(HttpServerExchange.java:2060)
	at io.undertow.core@2.3.23.SP3-redhat-00001//io.undertow.server.handlers.MetricsHandler$2.exchangeEvent(MetricsHandler.java:60)
	at io.undertow.core@2.3.23.SP3-redhat-00001//io.undertow.server.HttpServerExchange.invokeExchangeCompleteListeners(HttpServerExchange.java:1436)
	at io.undertow.core@2.3.23.SP3-redhat-00001//io.undertow.server.HttpServerExchange.terminateResponse(HttpServerExchange.java:1723)
	at io.undertow.core@2.3.23.SP3-redhat-00001//io.undertow.server.Connectors.terminateResponse(Connectors.java:198)
	at io.undertow.core@2.3.23.SP3-redhat-00001//io.undertow.server.protocol.http.ServerFixedLengthStreamSinkConduit.channelFinished(ServerFixedLengthStreamSinkConduit.java:58)
	at io.undertow.core@2.3.23.SP3-redhat-00001//io.undertow.conduits.AbstractFixedLengthStreamSinkConduit.exitFlush(AbstractFixedLengthStreamSinkConduit.java:316)
	at io.undertow.core@2.3.23.SP3-redhat-00001//io.undertow.conduits.AbstractFixedLengthStreamSinkConduit.flush(AbstractFixedLengthStreamSinkConduit.java:234)
	at org.jboss.xnio@3.8.16.Final-redhat-00001//org.xnio.conduits.ConduitStreamSinkChannel.flush(ConduitStreamSinkChannel.java:162)
	at io.undertow.core@2.3.23.SP3-redhat-00001//io.undertow.channels.DetachableStreamSinkChannel.flush(DetachableStreamSinkChannel.java:119)
	at org.jboss.xnio@3.8.16.Final-redhat-00001//org.xnio.channels.Channels.flushBlocking(Channels.java:63)
	at io.undertow.servlet@2.3.23.SP3-redhat-00001//io.undertow.servlet.spec.ServletOutputStreamImpl.close(ServletOutputStreamImpl.java:654)
	at io.undertow.servlet@2.3.23.SP3-redhat-00001//io.undertow.servlet.spec.ServletPrintWriter.close(ServletPrintWriter.java:130)
	at io.undertow.servlet@2.3.23.SP3-redhat-00001//io.undertow.servlet.spec.ServletPrintWriterDelegate.close(ServletPrintWriterDelegate.java:79)
	at io.undertow.servlet@2.3.23.SP3-redhat-00001//io.undertow.servlet.spec.HttpServletResponseImpl.closeStreamAndWriter(HttpServletResponseImpl.java:505)
	at io.undertow.servlet@2.3.23.SP3-redhat-00001//io.undertow.servlet.spec.HttpServletResponseImpl.responseDone(HttpServletResponseImpl.java:606)
	at io.undertow.servlet@2.3.23.SP3-redhat-00001//io.undertow.servlet.handlers.ServletInitialHandler.handleFirstRequest(ServletInitialHandler.java:330)
	at io.undertow.servlet@2.3.23.SP3-redhat-00001//io.undertow.servlet.handlers.ServletInitialHandler$1.call(ServletInitialHandler.java:130)
	at io.undertow.servlet@2.3.23.SP3-redhat-00001//io.undertow.servlet.handlers.ServletInitialHandler$1.call(ServletInitialHandler.java:127)
	at io.undertow.servlet@2.3.23.SP3-redhat-00001//io.undertow.servlet.core.ServletRequestContextThreadSetupAction$1.call(ServletRequestContextThreadSetupAction.java:48)
	at io.undertow.servlet@2.3.23.SP3-redhat-00001//io.undertow.servlet.core.ContextClassLoaderSetupAction$1.call(ContextClassLoaderSetupAction.java:43)
	at org.wildfly.extension.undertow@8.1.1.GA-redhat-00012//org.wildfly.extension.undertow.deployment.UndertowDeploymentInfoService$UndertowThreadSetupAction.lambda$create$0(UndertowDeploymentInfoService.java:1421)
	at org.wildfly.extension.undertow@8.1.1.GA-redhat-00012//org.wildfly.extension.undertow.deployment.UndertowDeploymentInfoService$UndertowThreadSetupAction.lambda$create$0(UndertowDeploymentInfoService.java:1421)
	at org.wildfly.extension.undertow@8.1.1.GA-redhat-00012//org.wildfly.extension.undertow.deployment.UndertowDeploymentInfoService$UndertowThreadSetupAction.lambda$create$0(UndertowDeploymentInfoService.java:1421)
	at org.wildfly.extension.undertow@8.1.1.GA-redhat-00012//org.wildfly.extension.undertow.deployment.UndertowDeploymentInfoService$UndertowThreadSetupAction.lambda$create$0(UndertowDeploymentInfoService.java:1421)
	at io.undertow.servlet@2.3.23.SP3-redhat-00001//io.undertow.servlet.handlers.ServletInitialHandler.dispatchRequest(ServletInitialHandler.java:251)
	at io.undertow.servlet@2.3.23.SP3-redhat-00001//io.undertow.servlet.handlers.ServletInitialHandler.lambda$new$1(ServletInitialHandler.java:99)
	at io.undertow.core@2.3.23.SP3-redhat-00001//io.undertow.server.Connectors.executeRootHandler(Connectors.java:418)
	at io.undertow.core@2.3.23.SP3-redhat-00001//io.undertow.server.HttpServerExchange$1.run(HttpServerExchange.java:938)
	at org.jboss.threads@2.5.0.redhat-00001//org.jboss.threads.ContextClassLoaderSavingRunnable.run(ContextClassLoaderSavingRunnable.java:35)
	at org.jboss.threads@2.5.0.redhat-00001//org.jboss.threads.EnhancedQueueExecutor.safeRun(EnhancedQueueExecutor.java:2024)
	at org.jboss.threads@2.5.0.redhat-00001//org.jboss.threads.EnhancedQueueExecutor$ThreadBody.doRunTask(EnhancedQueueExecutor.java:1520)
	at org.jboss.threads@2.5.0.redhat-00001//org.jboss.threads.EnhancedQueueExecutor$ThreadBody.run(EnhancedQueueExecutor.java:1411)
	at org.jboss.xnio@3.8.16.Final-redhat-00001//org.xnio.XnioWorker$WorkerThreadFactory$1$1.run(XnioWorker.java:1282)
	at java.base/java.lang.Thread.run(Thread.java:1583)

[0m[32m14:37:16,552 DEBUG [org.wildfly.clustering.marshalling.ByteBufferMarshalledValue] (default task-3) Marshalled size of java.util.concurrent.ConcurrentHashMap object = 1884 bytes
[0m[32m14:37:17,714 DEBUG [io.undertow.request] (default I/O-2) Matched default handler path /index.xhtml
[0m[32m14:37:17,716 FINE  [jakarta.enterprise.resource.webcontainer.faces.lifecycle] (default task-3) execute(com.sun.faces.context.FacesContextImpl@5bb6fe73)
[0m[32m14:37:17,717 FINE  [jakarta.enterprise.resource.webcontainer.faces.lifecycle] (default task-3) Entering RestoreViewPhase
[0m[32m14:37:17,717 FINE  [jakarta.enterprise.resource.webcontainer.faces.application] (default task-3) Created component with component type of 'jakarta.faces.ViewRoot'
[0m[32m14:37:17,717 FINE  [jakarta.enterprise.resource.webcontainer.faces.application] (default task-3) Created component with component type of 'jakarta.faces.ViewRoot'
[0m[32m14:37:17,717 FINE  [jakarta.enterprise.resource.webcontainer.faces.application] (default task-3) Created component with component type of 'jakarta.faces.ViewRoot'
[0m[32m14:37:17,717 FINE  [jakarta.enterprise.resource.webcontainer.faces.lifecycle] (default task-3) New request: creating a view for /index.xhtml
[0m[32m14:37:17,721 FINE  [jakarta.enterprise.resource.webcontainer.faces.application] (default task-3) Created component with component type of 'jakarta.faces.ViewRoot'
[0m[32m14:37:17,721 FINE  [jakarta.enterprise.resource.webcontainer.faces.application] (default task-3) Created new view for /index.xhtml
[0m[32m14:37:17,722 FINE  [jakarta.enterprise.resource.webcontainer.faces.application] (default task-3) Locale for this view as determined by calculateLocale en_US
[0m[32m14:37:17,723 FINE  [jakarta.enterprise.resource.webcontainer.faces.application] (default task-3) Created component with component type of 'jakarta.faces.ViewRoot'
[0m[32m14:37:17,723 FINE  [jakarta.enterprise.resource.webcontainer.faces.application] (default task-3) RenderKitId for this view as determined by calculateRenderKitId HTML_BASIC
[0m[32m14:37:17,724 FINE  [jakarta.enterprise.resource.webcontainer.faces.lifecycle] (default task-3) Exiting RestoreViewPhase
[0m[32m14:37:17,724 FINE  [jakarta.enterprise.resource.webcontainer.faces.timing] (default task-3)  [TIMING] - [8ms] : Execution time for phase (including any PhaseListeners) -> RESTORE_VIEW 1
[0m[32m14:37:17,724 FINE  [jakarta.enterprise.resource.webcontainer.faces.lifecycle] (default task-3) render(com.sun.faces.context.FacesContextImpl@5bb6fe73)
[0m[32m14:37:17,724 FINE  [jakarta.enterprise.resource.webcontainer.faces.lifecycle] (default task-3) Entering RenderResponsePhase
[0m[32m14:37:17,724 FINE  [jakarta.enterprise.resource.webcontainer.faces.lifecycle] (default task-3) About to render view /index.xhtml
[0m[32m14:37:17,724 FINE  [jakarta.enterprise.resource.webcontainer.faces.application] (default task-3) Building View: /index.xhtml
[0m[32m14:37:17,724 FINE  [jakarta.enterprise.resource.webcontainer.faces.application] (default task-3) Created component with component type of 'jakarta.faces.Output'
[0m[32m14:37:17,725 FINE  [jakarta.enterprise.resource.webcontainer.faces.facelets.tag.component] (default task-3) /index.xhtml @6,11 <h:head> Component[2059540600_7ac2185f] Created: jakarta.faces.component.UIOutput
[0m[32m14:37:17,725 FINE  [jakarta.enterprise.resource.webcontainer.faces.application] (default task-3) Created component with component type of 'jakarta.faces.OutputBody'
[0m[32m14:37:17,725 FINE  [jakarta.enterprise.resource.webcontainer.faces.facelets.tag.component] (default task-3) /index.xhtml @10,11 <h:body> Component[2059540600_7ac21839] Created: jakarta.faces.component.html.HtmlBody
[0m[32m14:37:17,725 FINE  [jakarta.enterprise.resource.webcontainer.faces.application] (default task-3) Created component with component type of 'jakarta.faces.HtmlPanelGroup'
[0m[32m14:37:17,725 FINE  [jakarta.enterprise.resource.webcontainer.faces.facelets.tag.component] (default task-3) /index.xhtml @13,60 <h:panelGroup> Component[2059540600_7ac21823] Created: jakarta.faces.component.html.HtmlPanelGroup
[0m[32m14:37:17,725 FINE  [jakarta.enterprise.resource.webcontainer.faces.application] (default task-3) Created component with component type of 'jakarta.faces.HtmlOutputText'
[0m[32m14:37:17,727 FINE  [jakarta.enterprise.resource.webcontainer.faces.facelets.tag.component] (default task-3) /index.xhtml @15,61 <h:outputText> Component[2059540600_7ac2180d] Created: jakarta.faces.component.html.HtmlOutputText
[0m[32m14:37:17,727 FINE  [jakarta.enterprise.resource.webcontainer.faces.application] (default task-3) Created component with component type of 'jakarta.faces.HtmlPanelGroup'
[0m[32m14:37:17,728 FINE  [jakarta.enterprise.resource.webcontainer.faces.facelets.tag.component] (default task-3) /index.xhtml @17,60 <h:panelGroup> Component[2059540600_7ac218fa] Created: jakarta.faces.component.html.HtmlPanelGroup
[0m[32m14:37:17,728 FINE  [jakarta.enterprise.resource.webcontainer.faces.application] (default task-3) Created component with component type of 'jakarta.faces.HtmlOutputText'
[0m[32m14:37:17,728 FINE  [jakarta.enterprise.resource.webcontainer.faces.facelets.tag.component] (default task-3) /index.xhtml @19,60 <h:outputText> Component[2059540600_7ac218e4] Created: jakarta.faces.component.html.HtmlOutputText
[0m[32m14:37:17,728 FINE  [jakarta.enterprise.resource.webcontainer.faces.application] (default task-3) Created component with component type of 'jakarta.faces.HtmlPanelGroup'
[0m[32m14:37:17,728 FINE  [jakarta.enterprise.resource.webcontainer.faces.facelets.tag.component] (default task-3) /index.xhtml @21,61 <h:panelGroup> Component[2059540600_7ac218d1] Created: jakarta.faces.component.html.HtmlPanelGroup
[0m[32m14:37:17,728 FINE  [jakarta.enterprise.resource.webcontainer.faces.application] (default task-3) Created component with component type of 'jakarta.faces.HtmlOutputText'
[0m[32m14:37:17,728 FINE  [jakarta.enterprise.resource.webcontainer.faces.facelets.tag.component] (default task-3) /index.xhtml @23,59 <h:outputText> Component[2059540600_7ac218bb] Created: jakarta.faces.component.html.HtmlOutputText
[0m[32m14:37:17,728 FINE  [jakarta.enterprise.resource.webcontainer.faces.application] (default task-3) Created component with component type of 'jakarta.faces.HtmlForm'
[0m[32m14:37:17,728 FINE  [jakarta.enterprise.resource.webcontainer.faces.facelets.tag.component] (default task-3) /index.xhtml @26,11 <h:form> Component[2059540600_7ac218a8] Created: jakarta.faces.component.html.HtmlForm
[0m[32m14:37:17,728 FINE  [jakarta.enterprise.resource.webcontainer.faces.application] (default task-3) Created component with component type of 'jakarta.faces.HtmlPanelGroup'
[0m[32m14:37:17,728 FINE  [jakarta.enterprise.resource.webcontainer.faces.facelets.tag.component] (default task-3) /index.xhtml @27,62 <h:panelGroup> Component[2059540600_7ac21892] Created: jakarta.faces.component.html.HtmlPanelGroup
[0m[32m14:37:17,728 FINE  [jakarta.enterprise.resource.webcontainer.faces.application] (default task-3) Created component with component type of 'jakarta.faces.HtmlCommandButton'
[0m[32m14:37:17,728 FINE  [jakarta.enterprise.resource.webcontainer.faces.facelets.tag.component] (default task-3) /index.xhtml @29,119 <h:commandButton> Component[2059540600_7ac2197c] Created: jakarta.faces.component.html.HtmlCommandButton
[0m[32m14:37:17,728 FINE  [jakarta.enterprise.resource.webcontainer.faces.application] (default task-3) Created component with component type of 'jakarta.faces.HtmlCommandButton'
[0m[32m14:37:17,728 FINE  [jakarta.enterprise.resource.webcontainer.faces.facelets.tag.component] (default task-3) /index.xhtml @30,112 <h:commandButton> Component[2059540600_7ac21969] Created: jakarta.faces.component.html.HtmlCommandButton
[0m[32m14:37:17,728 FINE  [jakarta.enterprise.resource.webcontainer.faces.application] (default task-3) Created component with component type of 'jakarta.faces.HtmlPanelGroup'
[0m[32m14:37:17,728 FINE  [jakarta.enterprise.resource.webcontainer.faces.facelets.tag.component] (default task-3) /index.xhtml @33,34 <h:panelGroup> Component[2059540600_7ac21966] Created: jakarta.faces.component.html.HtmlPanelGroup
[0m[32m14:37:17,729 FINE  [jakarta.enterprise.resource.webcontainer.faces.application] (default task-3) Created component with component type of 'jakarta.faces.HtmlCommandButton'
[0m[32m14:37:17,729 FINE  [jakarta.enterprise.resource.webcontainer.faces.facelets.tag.component] (default task-3) /index.xhtml @35,124 <h:commandButton> Component[2059540600_7ac21940] Created: jakarta.faces.component.html.HtmlCommandButton
[0m[32m14:37:17,729 FINE  [jakarta.enterprise.resource.webcontainer.faces.application] (default task-3) Created component with component type of 'jakarta.faces.HtmlCommandButton'
[0m[32m14:37:17,729 FINE  [jakarta.enterprise.resource.webcontainer.faces.facelets.tag.component] (default task-3) /index.xhtml @36,117 <h:commandButton> Component[2059540600_7ac2193d] Created: jakarta.faces.component.html.HtmlCommandButton
[0m[32m14:37:17,729 FINE  [jakarta.enterprise.resource.webcontainer.faces.application] (default task-3) Rendering View: /index.xhtml
[0m[32m14:37:17,730 FINE  [jakarta.enterprise.resource.webcontainer.faces.renderkit] (default task-3) component.getValue() returned jNQGv0URH6n513ivo2My-hSdtRiKOkU1NKyrSGui
[0m[32m14:37:17,731 FINE  [jakarta.enterprise.resource.webcontainer.faces.renderkit] (default task-3) Value to be rendered jNQGv0URH6n513ivo2My-hSdtRiKOkU1NKyrSGui
[0m[32m14:37:17,732 FINE  [jakarta.enterprise.resource.webcontainer.faces.renderkit] (default task-3) component.getValue() returned 060a48fb51ef
[0m[32m14:37:17,734 FINE  [jakarta.enterprise.resource.webcontainer.faces.renderkit] (default task-3) Value to be rendered 060a48fb51ef
[0m[32m14:37:17,736 FINE  [jakarta.enterprise.resource.webcontainer.faces.renderkit] (default task-3) component.getValue() returned 9
[0m[32m14:37:17,744 FINE  [jakarta.enterprise.resource.webcontainer.faces.application] (default task-3) Created converter of type 'jakarta.faces.convert.IntegerConverter'
[0m[32m14:37:17,744 FINE  [jakarta.enterprise.resource.webcontainer.faces.renderkit] (default task-3) Value to be rendered 9
[0m[32m14:37:17,745 FINE  [jakarta.enterprise.resource.webcontainer.faces.application] (default task-3) Begin writing marker for viewId /index.xhtml
[0m[32m14:37:17,746 FINE  [jakarta.enterprise.resource.webcontainer.faces.application] (default task-3) End writing marker for viewId /index.xhtml
[0m[32m14:37:17,746 FINE  [jakarta.faces.component] (default task-3) j_id1
[0m[32m14:37:17,746 FINE  [jakarta.enterprise.resource.webcontainer.faces.lifecycle] (default task-3) Exiting RenderResponsePhase
[0m[32m14:37:17,747 FINE  [jakarta.enterprise.resource.webcontainer.faces.timing] (default task-3)  [TIMING] - [22ms] : Execution time for phase (including any PhaseListeners) -> RENDER_RESPONSE 6
[0m[32m14:37:17,749 DEBUG [org.wildfly.clustering.marshalling.ByteBufferMarshalledValue] (default task-3) Marshalled size of java.util.concurrent.ConcurrentHashMap object = 1978 bytes
[0m[32m14:37:18,553 DEBUG [io.undertow.request] (default I/O-2) Matched default handler path /index.xhtml
[0m[32m14:37:18,554 FINE  [jakarta.enterprise.resource.webcontainer.faces.lifecycle] (default task-3) execute(com.sun.faces.context.FacesContextImpl@2ae69d66)
[0m[32m14:37:18,555 FINE  [jakarta.enterprise.resource.webcontainer.faces.lifecycle] (default task-3) Entering RestoreViewPhase
[0m[32m14:37:18,555 FINE  [jakarta.enterprise.resource.webcontainer.faces.application] (default task-3) Created component with component type of 'jakarta.faces.ViewRoot'
[0m[32m14:37:18,555 FINE  [jakarta.enterprise.resource.webcontainer.faces.application] (default task-3) Created component with component type of 'jakarta.faces.ViewRoot'
[0m[32m14:37:18,555 FINE  [jakarta.enterprise.resource.webcontainer.faces.application] (default task-3) Created component with component type of 'jakarta.faces.ViewRoot'
[0m[32m14:37:18,555 FINE  [jakarta.enterprise.resource.webcontainer.faces.lifecycle] (default task-3) New request: creating a view for /index.xhtml
[0m[32m14:37:18,555 FINE  [jakarta.enterprise.resource.webcontainer.faces.application] (default task-3) Created component with component type of 'jakarta.faces.ViewRoot'
[0m[32m14:37:18,555 FINE  [jakarta.enterprise.resource.webcontainer.faces.application] (default task-3) Created new view for /index.xhtml
[0m[32m14:37:18,556 FINE  [jakarta.enterprise.resource.webcontainer.faces.application] (default task-3) Locale for this view as determined by calculateLocale en_US
[0m[32m14:37:18,556 FINE  [jakarta.enterprise.resource.webcontainer.faces.application] (default task-3) Created component with component type of 'jakarta.faces.ViewRoot'
[0m[32m14:37:18,556 FINE  [jakarta.enterprise.resource.webcontainer.faces.application] (default task-3) RenderKitId for this view as determined by calculateRenderKitId HTML_BASIC
[0m[32m14:37:18,556 FINE  [jakarta.enterprise.resource.webcontainer.faces.lifecycle] (default task-3) Exiting RestoreViewPhase
[0m[32m14:37:18,556 FINE  [jakarta.enterprise.resource.webcontainer.faces.timing] (default task-3)  [TIMING] - [1ms] : Execution time for phase (including any PhaseListeners) -> RESTORE_VIEW 1
[0m[32m14:37:18,557 FINE  [jakarta.enterprise.resource.webcontainer.faces.lifecycle] (default task-3) render(com.sun.faces.context.FacesContextImpl@2ae69d66)
[0m[32m14:37:18,557 FINE  [jakarta.enterprise.resource.webcontainer.faces.lifecycle] (default task-3) Entering RenderResponsePhase
[0m[32m14:37:18,557 FINE  [jakarta.enterprise.resource.webcontainer.faces.lifecycle] (default task-3) About to render view /index.xhtml
[0m[32m14:37:18,557 FINE  [jakarta.enterprise.resource.webcontainer.faces.application] (default task-3) Building View: /index.xhtml
[0m[32m14:37:18,557 FINE  [jakarta.enterprise.resource.webcontainer.faces.application] (default task-3) Created component with component type of 'jakarta.faces.Output'
[0m[32m14:37:18,557 FINE  [jakarta.enterprise.resource.webcontainer.faces.facelets.tag.component] (default task-3) /index.xhtml @6,11 <h:head> Component[2059540600_7ac2185f] Created: jakarta.faces.component.UIOutput
[0m[32m14:37:18,558 FINE  [jakarta.enterprise.resource.webcontainer.faces.application] (default task-3) Created component with component type of 'jakarta.faces.OutputBody'
[0m[32m14:37:18,558 FINE  [jakarta.enterprise.resource.webcontainer.faces.facelets.tag.component] (default task-3) /index.xhtml @10,11 <h:body> Component[2059540600_7ac21839] Created: jakarta.faces.component.html.HtmlBody
[0m[32m14:37:18,558 FINE  [jakarta.enterprise.resource.webcontainer.faces.application] (default task-3) Created component with component type of 'jakarta.faces.HtmlPanelGroup'
[0m[32m14:37:18,558 FINE  [jakarta.enterprise.resource.webcontainer.faces.facelets.tag.component] (default task-3) /index.xhtml @13,60 <h:panelGroup> Component[2059540600_7ac21823] Created: jakarta.faces.component.html.HtmlPanelGroup
[0m[32m14:37:18,558 FINE  [jakarta.enterprise.resource.webcontainer.faces.application] (default task-3) Created component with component type of 'jakarta.faces.HtmlOutputText'
[0m[32m14:37:18,558 FINE  [jakarta.enterprise.resource.webcontainer.faces.facelets.tag.component] (default task-3) /index.xhtml @15,61 <h:outputText> Component[2059540600_7ac2180d] Created: jakarta.faces.component.html.HtmlOutputText
[0m[32m14:37:18,558 FINE  [jakarta.enterprise.resource.webcontainer.faces.application] (default task-3) Created component with component type of 'jakarta.faces.HtmlPanelGroup'
[0m[32m14:37:18,558 FINE  [jakarta.enterprise.resource.webcontainer.faces.facelets.tag.component] (default task-3) /index.xhtml @17,60 <h:panelGroup> Component[2059540600_7ac218fa] Created: jakarta.faces.component.html.HtmlPanelGroup
[0m[32m14:37:18,558 FINE  [jakarta.enterprise.resource.webcontainer.faces.application] (default task-3) Created component with component type of 'jakarta.faces.HtmlOutputText'
[0m[32m14:37:18,558 FINE  [jakarta.enterprise.resource.webcontainer.faces.facelets.tag.component] (default task-3) /index.xhtml @19,60 <h:outputText> Component[2059540600_7ac218e4] Created: jakarta.faces.component.html.HtmlOutputText
[0m[32m14:37:18,558 FINE  [jakarta.enterprise.resource.webcontainer.faces.application] (default task-3) Created component with component type of 'jakarta.faces.HtmlPanelGroup'
[0m[32m14:37:18,558 FINE  [jakarta.enterprise.resource.webcontainer.faces.facelets.tag.component] (default task-3) /index.xhtml @21,61 <h:panelGroup> Component[2059540600_7ac218d1] Created: jakarta.faces.component.html.HtmlPanelGroup
[0m[32m14:37:18,558 FINE  [jakarta.enterprise.resource.webcontainer.faces.application] (default task-3) Created component with component type of 'jakarta.faces.HtmlOutputText'
[0m[32m14:37:18,559 FINE  [jakarta.enterprise.resource.webcontainer.faces.facelets.tag.component] (default task-3) /index.xhtml @23,59 <h:outputText> Component[2059540600_7ac218bb] Created: jakarta.faces.component.html.HtmlOutputText
[0m[32m14:37:18,559 FINE  [jakarta.enterprise.resource.webcontainer.faces.application] (default task-3) Created component with component type of 'jakarta.faces.HtmlForm'
[0m[32m14:37:18,559 FINE  [jakarta.enterprise.resource.webcontainer.faces.facelets.tag.component] (default task-3) /index.xhtml @26,11 <h:form> Component[2059540600_7ac218a8] Created: jakarta.faces.component.html.HtmlForm
[0m[32m14:37:18,559 FINE  [jakarta.enterprise.resource.webcontainer.faces.application] (default task-3) Created component with component type of 'jakarta.faces.HtmlPanelGroup'
[0m[32m14:37:18,559 FINE  [jakarta.enterprise.resource.webcontainer.faces.facelets.tag.component] (default task-3) /index.xhtml @27,62 <h:panelGroup> Component[2059540600_7ac21892] Created: jakarta.faces.component.html.HtmlPanelGroup
[0m[32m14:37:18,559 FINE  [jakarta.enterprise.resource.webcontainer.faces.application] (default task-3) Created component with component type of 'jakarta.faces.HtmlCommandButton'
[0m[32m14:37:18,559 FINE  [jakarta.enterprise.resource.webcontainer.faces.facelets.tag.component] (default task-3) /index.xhtml @29,119 <h:commandButton> Component[2059540600_7ac2197c] Created: jakarta.faces.component.html.HtmlCommandButton
[0m[32m14:37:18,559 FINE  [jakarta.enterprise.resource.webcontainer.faces.application] (default task-3) Created component with component type of 'jakarta.faces.HtmlCommandButton'
[0m[32m14:37:18,559 FINE  [jakarta.enterprise.resource.webcontainer.faces.facelets.tag.component] (default task-3) /index.xhtml @30,112 <h:commandButton> Component[2059540600_7ac21969] Created: jakarta.faces.component.html.HtmlCommandButton
[0m[32m14:37:18,559 FINE  [jakarta.enterprise.resource.webcontainer.faces.application] (default task-3) Created component with component type of 'jakarta.faces.HtmlPanelGroup'
[0m[32m14:37:18,559 FINE  [jakarta.enterprise.resource.webcontainer.faces.facelets.tag.component] (default task-3) /index.xhtml @33,34 <h:panelGroup> Component[2059540600_7ac21966] Created: jakarta.faces.component.html.HtmlPanelGroup
[0m[32m14:37:18,559 FINE  [jakarta.enterprise.resource.webcontainer.faces.application] (default task-3) Created component with component type of 'jakarta.faces.HtmlCommandButton'
[0m[32m14:37:18,559 FINE  [jakarta.enterprise.resource.webcontainer.faces.facelets.tag.component] (default task-3) /index.xhtml @35,124 <h:commandButton> Component[2059540600_7ac21940] Created: jakarta.faces.component.html.HtmlCommandButton
[0m[32m14:37:18,560 FINE  [jakarta.enterprise.resource.webcontainer.faces.application] (default task-3) Created component with component type of 'jakarta.faces.HtmlCommandButton'
[0m[32m14:37:18,560 FINE  [jakarta.enterprise.resource.webcontainer.faces.facelets.tag.component] (default task-3) /index.xhtml @36,117 <h:commandButton> Component[2059540600_7ac2193d] Created: jakarta.faces.component.html.HtmlCommandButton
[0m[32m14:37:18,560 FINE  [jakarta.enterprise.resource.webcontainer.faces.application] (default task-3) Rendering View: /index.xhtml
[0m[32m14:37:18,562 DEBUG [org.wildfly.clustering.marshalling.ByteBufferMarshalledValue] (default task-3) Marshalled size of java.util.concurrent.ConcurrentHashMap object = 588 bytes
[0m[32m14:37:18,570 FINE  [jakarta.enterprise.resource.webcontainer.faces.renderkit] (default task-3) component.getValue() returned rBViFN54h9AHUmvzHkbB5w0Ep3m6Rx1yRXV-FKGD
[0m[32m14:37:18,570 FINE  [jakarta.enterprise.resource.webcontainer.faces.renderkit] (default task-3) Value to be rendered rBViFN54h9AHUmvzHkbB5w0Ep3m6Rx1yRXV-FKGD
[0m[32m14:37:18,571 FINE  [jakarta.enterprise.resource.webcontainer.faces.renderkit] (default task-3) component.getValue() returned 060a48fb51ef
[0m[32m14:37:18,571 FINE  [jakarta.enterprise.resource.webcontainer.faces.renderkit] (default task-3) Value to be rendered 060a48fb51ef
[0m[32m14:37:18,571 FINE  [jakarta.enterprise.resource.webcontainer.faces.renderkit] (default task-3) component.getValue() returned 0
[0m[32m14:37:18,571 FINE  [jakarta.enterprise.resource.webcontainer.faces.application] (default task-3) Created converter of type 'jakarta.faces.convert.IntegerConverter'
[0m[32m14:37:18,572 FINE  [jakarta.enterprise.resource.webcontainer.faces.renderkit] (default task-3) Value to be rendered 0
[0m[32m14:37:18,573 FINE  [jakarta.enterprise.resource.webcontainer.faces.application] (default task-3) Begin writing marker for viewId /index.xhtml
[0m[32m14:37:18,573 FINE  [jakarta.enterprise.resource.webcontainer.faces.application] (default task-3) End writing marker for viewId /index.xhtml
[0m[32m14:37:18,575 FINE  [jakarta.faces.component] (default task-3) j_id1
[0m[32m14:37:18,576 FINE  [jakarta.enterprise.resource.webcontainer.faces.lifecycle] (default task-3) Exiting RenderResponsePhase
[0m[32m14:37:18,576 FINE  [jakarta.enterprise.resource.webcontainer.faces.timing] (default task-3)  [TIMING] - [19ms] : Execution time for phase (including any PhaseListeners) -> RENDER_RESPONSE 6
[0m[32m14:37:18,577 DEBUG [io.undertow.request.io] (default I/O-2) UT005013: An IOException occurred: java.net.SocketException: Connection reset
	at java.base/sun.nio.ch.SocketChannelImpl.throwConnectionReset(SocketChannelImpl.java:401)
	at java.base/sun.nio.ch.SocketChannelImpl.read(SocketChannelImpl.java:434)
	at org.jboss.xnio.nio@3.8.16.Final-redhat-00001//org.xnio.nio.NioSocketConduit.read(NioSocketConduit.java:289)
	at org.jboss.xnio@3.8.16.Final-redhat-00001//org.xnio.conduits.AbstractStreamSourceConduit.read(AbstractStreamSourceConduit.java:51)
	at io.undertow.core@2.3.23.SP3-redhat-00001//io.undertow.conduits.ReadTimeoutStreamSourceConduit.read(ReadTimeoutStreamSourceConduit.java:181)
	at org.jboss.xnio@3.8.16.Final-redhat-00001//org.xnio.conduits.AbstractStreamSourceConduit.read(AbstractStreamSourceConduit.java:51)
	at io.undertow.core@2.3.23.SP3-redhat-00001//io.undertow.conduits.BytesReceivedStreamSourceConduit.read(BytesReceivedStreamSourceConduit.java:67)
	at org.jboss.xnio@3.8.16.Final-redhat-00001//org.xnio.conduits.ConduitStreamSourceChannel.read(ConduitStreamSourceChannel.java:127)
	at io.undertow.core@2.3.23.SP3-redhat-00001//io.undertow.util.ConnectionUtils$4.handleEvent(ConnectionUtils.java:110)
	at io.undertow.core@2.3.23.SP3-redhat-00001//io.undertow.util.ConnectionUtils$4.handleEvent(ConnectionUtils.java:106)
	at org.jboss.xnio@3.8.16.Final-redhat-00001//org.xnio.ChannelListeners.invokeChannelListener(ChannelListeners.java:92)
	at org.jboss.xnio@3.8.16.Final-redhat-00001//org.xnio.conduits.ReadReadyHandler$ChannelListenerHandler.readReady(ReadReadyHandler.java:66)
	at io.undertow.core@2.3.23.SP3-redhat-00001//io.undertow.conduits.ReadTimeoutStreamSourceConduit$2.readReady(ReadTimeoutStreamSourceConduit.java:106)
	at org.jboss.xnio.nio@3.8.16.Final-redhat-00001//org.xnio.nio.NioSocketConduit.handleReady(NioSocketConduit.java:89)
	at org.jboss.xnio.nio@3.8.16.Final-redhat-00001//org.xnio.nio.WorkerThread.run(WorkerThread.java:603)

[0m[32m14:37:18,578 DEBUG [org.wildfly.clustering.marshalling.ByteBufferMarshalledValue] (default task-3) Marshalled size of java.util.concurrent.ConcurrentHashMap object = 1884 bytes
[0m[32m14:37:18,619 DEBUG [io.undertow.request] (default I/O-2) Matched default handler path /index.xhtml
[0m[32m14:37:18,621 FINE  [jakarta.enterprise.resource.webcontainer.faces.lifecycle] (default task-1) execute(com.sun.faces.context.FacesContextImpl@4bb71aae)
[0m[32m14:37:18,622 FINE  [jakarta.enterprise.resource.webcontainer.faces.lifecycle] (default task-1) Entering RestoreViewPhase
[0m[32m14:37:18,622 FINE  [jakarta.enterprise.resource.webcontainer.faces.application] (default task-1) Created component with component type of 'jakarta.faces.ViewRoot'
[0m[32m14:37:18,622 FINE  [jakarta.enterprise.resource.webcontainer.faces.application] (default task-1) Created component with component type of 'jakarta.faces.ViewRoot'
[0m[32m14:37:18,622 FINE  [jakarta.enterprise.resource.webcontainer.faces.application] (default task-1) Created component with component type of 'jakarta.faces.ViewRoot'
[0m[32m14:37:18,623 FINE  [jakarta.enterprise.resource.webcontainer.faces.application] (default task-1) Created component with component type of 'jakarta.faces.ViewRoot'
[0m[32m14:37:18,623 FINE  [jakarta.enterprise.resource.webcontainer.faces.application] (default task-1) Created component with component type of 'jakarta.faces.ViewRoot'
[0m[32m14:37:18,623 FINE  [jakarta.enterprise.resource.webcontainer.faces.application] (default task-1) Created component with component type of 'jakarta.faces.ViewRoot'
[0m[32m14:37:18,623 FINE  [jakarta.enterprise.resource.webcontainer.faces.application] (default task-1) Created new view for /index.xhtml
[0m[32m14:37:18,623 FINE  [jakarta.enterprise.resource.webcontainer.faces.application] (default task-1) Locale for this view as determined by calculateLocale en_US
[0m[32m14:37:18,623 FINE  [jakarta.enterprise.resource.webcontainer.faces.application] (default task-1) Created component with component type of 'jakarta.faces.ViewRoot'
[0m[32m14:37:18,623 FINE  [jakarta.enterprise.resource.webcontainer.faces.application] (default task-1) RenderKitId for this view as determined by calculateRenderKitId HTML_BASIC
[0m[32m14:37:18,623 FINE  [jakarta.enterprise.resource.webcontainer.faces.application] (default task-1) Building View: /index.xhtml
[0m[32m14:37:18,623 FINE  [jakarta.enterprise.resource.webcontainer.faces.application] (default task-1) Created component with component type of 'jakarta.faces.Output'
[0m[32m14:37:18,623 FINE  [jakarta.enterprise.resource.webcontainer.faces.facelets.tag.component] (default task-1) /index.xhtml @6,11 <h:head> Component[2059540600_7ac2185f] Created: jakarta.faces.component.UIOutput
[0m[32m14:37:18,624 FINE  [jakarta.enterprise.resource.webcontainer.faces.application] (default task-1) Created component with component type of 'jakarta.faces.OutputBody'
[0m[32m14:37:18,624 FINE  [jakarta.enterprise.resource.webcontainer.faces.facelets.tag.component] (default task-1) /index.xhtml @10,11 <h:body> Component[2059540600_7ac21839] Created: jakarta.faces.component.html.HtmlBody
[0m[32m14:37:18,624 FINE  [jakarta.enterprise.resource.webcontainer.faces.application] (default task-1) Created component with component type of 'jakarta.faces.HtmlPanelGroup'
[0m[32m14:37:18,624 FINE  [jakarta.enterprise.resource.webcontainer.faces.facelets.tag.component] (default task-1) /index.xhtml @13,60 <h:panelGroup> Component[2059540600_7ac21823] Created: jakarta.faces.component.html.HtmlPanelGroup
[0m[32m14:37:18,624 FINE  [jakarta.enterprise.resource.webcontainer.faces.application] (default task-1) Created component with component type of 'jakarta.faces.HtmlOutputText'
[0m[32m14:37:18,624 FINE  [jakarta.enterprise.resource.webcontainer.faces.facelets.tag.component] (default task-1) /index.xhtml @15,61 <h:outputText> Component[2059540600_7ac2180d] Created: jakarta.faces.component.html.HtmlOutputText
[0m[32m14:37:18,624 FINE  [jakarta.enterprise.resource.webcontainer.faces.application] (default task-1) Created component with component type of 'jakarta.faces.HtmlPanelGroup'
[0m[32m14:37:18,624 FINE  [jakarta.enterprise.resource.webcontainer.faces.facelets.tag.component] (default task-1) /index.xhtml @17,60 <h:panelGroup> Component[2059540600_7ac218fa] Created: jakarta.faces.component.html.HtmlPanelGroup
[0m[32m14:37:18,624 FINE  [jakarta.enterprise.resource.webcontainer.faces.application] (default task-1) Created component with component type of 'jakarta.faces.HtmlOutputText'
[0m[32m14:37:18,624 FINE  [jakarta.enterprise.resource.webcontainer.faces.facelets.tag.component] (default task-1) /index.xhtml @19,60 <h:outputText> Component[2059540600_7ac218e4] Created: jakarta.faces.component.html.HtmlOutputText
[0m[32m14:37:18,624 FINE  [jakarta.enterprise.resource.webcontainer.faces.application] (default task-1) Created component with component type of 'jakarta.faces.HtmlPanelGroup'
[0m[32m14:37:18,625 FINE  [jakarta.enterprise.resource.webcontainer.faces.facelets.tag.component] (default task-1) /index.xhtml @21,61 <h:panelGroup> Component[2059540600_7ac218d1] Created: jakarta.faces.component.html.HtmlPanelGroup
[0m[32m14:37:18,625 FINE  [jakarta.enterprise.resource.webcontainer.faces.application] (default task-1) Created component with component type of 'jakarta.faces.HtmlOutputText'
[0m[32m14:37:18,625 FINE  [jakarta.enterprise.resource.webcontainer.faces.facelets.tag.component] (default task-1) /index.xhtml @23,59 <h:outputText> Component[2059540600_7ac218bb] Created: jakarta.faces.component.html.HtmlOutputText
[0m[32m14:37:18,625 FINE  [jakarta.enterprise.resource.webcontainer.faces.application] (default task-1) Created component with component type of 'jakarta.faces.HtmlForm'
[0m[32m14:37:18,625 FINE  [jakarta.enterprise.resource.webcontainer.faces.facelets.tag.component] (default task-1) /index.xhtml @26,11 <h:form> Component[2059540600_7ac218a8] Created: jakarta.faces.component.html.HtmlForm
[0m[32m14:37:18,625 FINE  [jakarta.enterprise.resource.webcontainer.faces.application] (default task-1) Created component with component type of 'jakarta.faces.HtmlPanelGroup'
[0m[32m14:37:18,625 FINE  [jakarta.enterprise.resource.webcontainer.faces.facelets.tag.component] (default task-1) /index.xhtml @27,62 <h:panelGroup> Component[2059540600_7ac21892] Created: jakarta.faces.component.html.HtmlPanelGroup
[0m[32m14:37:18,625 FINE  [jakarta.enterprise.resource.webcontainer.faces.application] (default task-1) Created component with component type of 'jakarta.faces.HtmlCommandButton'
[0m[32m14:37:18,625 FINE  [jakarta.enterprise.resource.webcontainer.faces.facelets.tag.component] (default task-1) /index.xhtml @29,119 <h:commandButton> Component[2059540600_7ac2197c] Created: jakarta.faces.component.html.HtmlCommandButton
[0m[32m14:37:18,625 FINE  [jakarta.enterprise.resource.webcontainer.faces.application] (default task-1) Created component with component type of 'jakarta.faces.HtmlCommandButton'
[0m[32m14:37:18,625 FINE  [jakarta.enterprise.resource.webcontainer.faces.facelets.tag.component] (default task-1) /index.xhtml @30,112 <h:commandButton> Component[2059540600_7ac21969] Created: jakarta.faces.component.html.HtmlCommandButton
[0m[32m14:37:18,626 FINE  [jakarta.enterprise.resource.webcontainer.faces.application] (default task-1) Created component with component type of 'jakarta.faces.HtmlPanelGroup'
[0m[32m14:37:18,626 FINE  [jakarta.enterprise.resource.webcontainer.faces.facelets.tag.component] (default task-1) /index.xhtml @33,34 <h:panelGroup> Component[2059540600_7ac21966] Created: jakarta.faces.component.html.HtmlPanelGroup
[0m[32m14:37:18,626 FINE  [jakarta.enterprise.resource.webcontainer.faces.application] (default task-1) Created component with component type of 'jakarta.faces.HtmlCommandButton'
[0m[32m14:37:18,626 FINE  [jakarta.enterprise.resource.webcontainer.faces.facelets.tag.component] (default task-1) /index.xhtml @35,124 <h:commandButton> Component[2059540600_7ac21940] Created: jakarta.faces.component.html.HtmlCommandButton
[0m[32m14:37:18,626 FINE  [jakarta.enterprise.resource.webcontainer.faces.application] (default task-1) Created component with component type of 'jakarta.faces.HtmlCommandButton'
[0m[32m14:37:18,626 FINE  [jakarta.enterprise.resource.webcontainer.faces.facelets.tag.component] (default task-1) /index.xhtml @36,117 <h:commandButton> Component[2059540600_7ac2193d] Created: jakarta.faces.component.html.HtmlCommandButton
[0m[32m14:37:18,626 FINE  [jakarta.enterprise.resource.webcontainer.faces.lifecycle] (default task-1) Postback: restored view for /index.xhtml
[0m[32m14:37:18,626 FINE  [jakarta.enterprise.resource.webcontainer.faces.lifecycle] (default task-1) Exiting RestoreViewPhase
[0m[32m14:37:18,626 FINE  [jakarta.enterprise.resource.webcontainer.faces.timing] (default task-1)  [TIMING] - [4ms] : Execution time for phase (including any PhaseListeners) -> RESTORE_VIEW 1
[0m[32m14:37:18,626 FINE  [jakarta.enterprise.resource.webcontainer.faces.lifecycle] (default task-1) Entering ApplyRequestValuesPhase
[0m[32m14:37:18,626 FINE  [jakarta.enterprise.resource.webcontainer.faces.renderkit] (default task-1) No decoding necessary since the component j_idt9 is not an instance or a sub class of UIInput
[0m[32m14:37:18,626 FINE  [jakarta.enterprise.resource.webcontainer.faces.renderkit] (default task-1) No decoding necessary since the component j_idt7 is not an instance or a sub class of UIInput
[0m[32m14:37:18,627 FINE  [jakarta.enterprise.resource.webcontainer.faces.renderkit] (default task-1) No decoding necessary since the component j_idt13 is not an instance or a sub class of UIInput
[0m[32m14:37:18,627 FINE  [jakarta.enterprise.resource.webcontainer.faces.renderkit] (default task-1) No decoding necessary since the component j_idt11 is not an instance or a sub class of UIInput
[0m[32m14:37:18,627 FINE  [jakarta.enterprise.resource.webcontainer.faces.renderkit] (default task-1) No decoding necessary since the component j_idt17 is not an instance or a sub class of UIInput
[0m[32m14:37:18,627 FINE  [jakarta.enterprise.resource.webcontainer.faces.renderkit] (default task-1) No decoding necessary since the component j_idt15 is not an instance or a sub class of UIInput
[0m[32m14:37:18,627 FINE  [jakarta.enterprise.resource.webcontainer.faces.renderkit] (default task-1) UIForm with client ID j_idt18, submitted
[0m[32m14:37:18,627 FINE  [jakarta.enterprise.resource.webcontainer.faces.renderkit] (default task-1) This command resulted in form submission  ActionEvent queued.
[0m[32m14:37:18,627 FINE  [jakarta.enterprise.resource.webcontainer.faces.renderkit] (default task-1) End decoding component j_idt21
[0m[32m14:37:18,627 FINE  [jakarta.enterprise.resource.webcontainer.faces.renderkit] (default task-1) No decoding necessary since the component j_idt19 is not an instance or a sub class of UIInput
[0m[32m14:37:18,627 FINE  [jakarta.enterprise.resource.webcontainer.faces.renderkit] (default task-1) No decoding necessary since the component j_idt23 is not an instance or a sub class of UIInput
[0m[32m14:37:18,627 FINE  [jakarta.enterprise.resource.webcontainer.faces.lifecycle] (default task-1) Exiting ApplyRequestValuesPhase
[0m[32m14:37:18,627 FINE  [jakarta.enterprise.resource.webcontainer.faces.timing] (default task-1)  [TIMING] - [1ms] : Execution time for phase (including any PhaseListeners) -> APPLY_REQUEST_VALUES 2
[0m[32m14:37:18,627 FINE  [jakarta.enterprise.resource.webcontainer.faces.lifecycle] (default task-1) Entering ProcessValidationsPhase
[0m[32m14:37:18,627 FINE  [jakarta.enterprise.resource.webcontainer.faces.lifecycle] (default task-1) Exiting ProcessValidationsPhase
[0m[32m14:37:18,627 FINE  [jakarta.enterprise.resource.webcontainer.faces.timing] (default task-1)  [TIMING] - [0ms] : Execution time for phase (including any PhaseListeners) -> PROCESS_VALIDATIONS 3
[0m[32m14:37:18,627 FINE  [jakarta.enterprise.resource.webcontainer.faces.lifecycle] (default task-1) Entering UpdateModelValuesPhase
[0m[32m14:37:18,628 FINE  [jakarta.enterprise.resource.webcontainer.faces.lifecycle] (default task-1) Exiting UpdateModelValuesPhase
[0m[32m14:37:18,628 FINE  [jakarta.enterprise.resource.webcontainer.faces.timing] (default task-1)  [TIMING] - [1ms] : Execution time for phase (including any PhaseListeners) -> UPDATE_MODEL_VALUES 4
[0m[32m14:37:18,628 FINE  [jakarta.enterprise.resource.webcontainer.faces.lifecycle] (default task-1) Entering InvokeApplicationsPhase
[0m[32m14:37:18,628 FINE  [jakarta.enterprise.resource.webcontainer.faces.application] (default task-1) processAction(j_idt21)
[0m[32m14:37:18,628 FINE  [jakarta.enterprise.resource.webcontainer.faces.application] (default task-1) Redirecting to path /index.xhtml for outcome index.xhtml?faces-redirect=trueand viewId /index.xhtml
[0m[32m14:37:18,630 DEBUG [org.wildfly.clustering.marshalling.ByteBufferMarshalledValue] (default task-1) Marshalled size of java.util.concurrent.ConcurrentHashMap object = 1978 bytes
[0m[32m14:37:18,642 FINE  [jakarta.enterprise.resource.webcontainer.faces.application] (default task-1) Response complete for /index.xhtml
[0m[32m14:37:18,643 FINE  [jakarta.enterprise.resource.webcontainer.faces.lifecycle] (default task-1) Exiting InvokeApplicationsPhase
[0m[32m14:37:18,643 FINE  [jakarta.enterprise.resource.webcontainer.faces.timing] (default task-1)  [TIMING] - [15ms] : Execution time for phase (including any PhaseListeners) -> INVOKE_APPLICATION 5
[0m[32m14:37:18,643 FINE  [jakarta.enterprise.resource.webcontainer.faces.lifecycle] (default task-1) render(com.sun.faces.context.FacesContextImpl@4bb71aae)
[0m[32m14:37:18,645 DEBUG [org.wildfly.clustering.marshalling.ByteBufferMarshalledValue] (default task-1) Marshalled size of java.util.concurrent.ConcurrentHashMap object = 1978 bytes
[0m[32m14:37:18,650 DEBUG [org.wildfly.clustering.marshalling.ByteBufferMarshalledValue] (default task-1) Marshalled size of java.util.concurrent.ConcurrentHashMap object = 1978 bytes
[0m[32m14:37:18,735 DEBUG [io.undertow.request] (default I/O-2) Matched default handler path /.well-known/appspecific/com.chrome.devtools.json
[0m[32m14:37:19,348 DEBUG [io.undertow.request] (default I/O-2) Matched default handler path /index.xhtml
[0m[32m14:37:19,351 FINE  [jakarta.enterprise.resource.webcontainer.faces.lifecycle] (default task-1) execute(com.sun.faces.context.FacesContextImpl@12b1b842)
[0m[32m14:37:19,352 FINE  [jakarta.enterprise.resource.webcontainer.faces.lifecycle] (default task-1) Entering RestoreViewPhase
[0m[32m14:37:19,352 FINE  [jakarta.enterprise.resource.webcontainer.faces.application] (default task-1) Created component with component type of 'jakarta.faces.ViewRoot'
[0m[32m14:37:19,352 FINE  [jakarta.enterprise.resource.webcontainer.faces.application] (default task-1) Created component with component type of 'jakarta.faces.ViewRoot'
[0m[32m14:37:19,352 FINE  [jakarta.enterprise.resource.webcontainer.faces.application] (default task-1) Created component with component type of 'jakarta.faces.ViewRoot'
[0m[32m14:37:19,352 FINE  [jakarta.enterprise.resource.webcontainer.faces.lifecycle] (default task-1) New request: creating a view for /index.xhtml
[0m[32m14:37:19,352 FINE  [jakarta.enterprise.resource.webcontainer.faces.application] (default task-1) Created component with component type of 'jakarta.faces.ViewRoot'
[0m[32m14:37:19,352 FINE  [jakarta.enterprise.resource.webcontainer.faces.application] (default task-1) Created new view for /index.xhtml
[0m[32m14:37:19,352 FINE  [jakarta.enterprise.resource.webcontainer.faces.application] (default task-1) Locale for this view as determined by calculateLocale en_US
[0m[32m14:37:19,353 FINE  [jakarta.enterprise.resource.webcontainer.faces.application] (default task-1) Created component with component type of 'jakarta.faces.ViewRoot'
[0m[32m14:37:19,353 FINE  [jakarta.enterprise.resource.webcontainer.faces.application] (default task-1) RenderKitId for this view as determined by calculateRenderKitId HTML_BASIC
[0m[32m14:37:19,353 FINE  [jakarta.enterprise.resource.webcontainer.faces.lifecycle] (default task-1) Exiting RestoreViewPhase
[0m[32m14:37:19,353 FINE  [jakarta.enterprise.resource.webcontainer.faces.timing] (default task-1)  [TIMING] - [1ms] : Execution time for phase (including any PhaseListeners) -> RESTORE_VIEW 1
[0m[32m14:37:19,353 FINE  [jakarta.enterprise.resource.webcontainer.faces.lifecycle] (default task-1) render(com.sun.faces.context.FacesContextImpl@12b1b842)
[0m[32m14:37:19,353 FINE  [jakarta.enterprise.resource.webcontainer.faces.lifecycle] (default task-1) Entering RenderResponsePhase
[0m[32m14:37:19,353 FINE  [jakarta.enterprise.resource.webcontainer.faces.lifecycle] (default task-1) About to render view /index.xhtml
[0m[32m14:37:19,353 FINE  [jakarta.enterprise.resource.webcontainer.faces.application] (default task-1) Building View: /index.xhtml
[0m[32m14:37:19,354 FINE  [jakarta.enterprise.resource.webcontainer.faces.application] (default task-1) Created component with component type of 'jakarta.faces.Output'
[0m[32m14:37:19,354 FINE  [jakarta.enterprise.resource.webcontainer.faces.facelets.tag.component] (default task-1) /index.xhtml @6,11 <h:head> Component[2059540600_7ac2185f] Created: jakarta.faces.component.UIOutput
[0m[32m14:37:19,354 FINE  [jakarta.enterprise.resource.webcontainer.faces.application] (default task-1) Created component with component type of 'jakarta.faces.OutputBody'
[0m[32m14:37:19,354 FINE  [jakarta.enterprise.resource.webcontainer.faces.facelets.tag.component] (default task-1) /index.xhtml @10,11 <h:body> Component[2059540600_7ac21839] Created: jakarta.faces.component.html.HtmlBody
[0m[32m14:37:19,354 FINE  [jakarta.enterprise.resource.webcontainer.faces.application] (default task-1) Created component with component type of 'jakarta.faces.HtmlPanelGroup'
[0m[32m14:37:19,354 FINE  [jakarta.enterprise.resource.webcontainer.faces.facelets.tag.component] (default task-1) /index.xhtml @13,60 <h:panelGroup> Component[2059540600_7ac21823] Created: jakarta.faces.component.html.HtmlPanelGroup
[0m[32m14:37:19,354 FINE  [jakarta.enterprise.resource.webcontainer.faces.application] (default task-1) Created component with component type of 'jakarta.faces.HtmlOutputText'
[0m[32m14:37:19,354 FINE  [jakarta.enterprise.resource.webcontainer.faces.facelets.tag.component] (default task-1) /index.xhtml @15,61 <h:outputText> Component[2059540600_7ac2180d] Created: jakarta.faces.component.html.HtmlOutputText
[0m[32m14:37:19,360 FINE  [jakarta.enterprise.resource.webcontainer.faces.application] (default task-1) Created component with component type of 'jakarta.faces.HtmlPanelGroup'
[0m[32m14:37:19,360 FINE  [jakarta.enterprise.resource.webcontainer.faces.facelets.tag.component] (default task-1) /index.xhtml @17,60 <h:panelGroup> Component[2059540600_7ac218fa] Created: jakarta.faces.component.html.HtmlPanelGroup
[0m[32m14:37:19,361 FINE  [jakarta.enterprise.resource.webcontainer.faces.application] (default task-1) Created component with component type of 'jakarta.faces.HtmlOutputText'
[0m[32m14:37:19,361 FINE  [jakarta.enterprise.resource.webcontainer.faces.facelets.tag.component] (default task-1) /index.xhtml @19,60 <h:outputText> Component[2059540600_7ac218e4] Created: jakarta.faces.component.html.HtmlOutputText
[0m[32m14:37:19,361 FINE  [jakarta.enterprise.resource.webcontainer.faces.application] (default task-1) Created component with component type of 'jakarta.faces.HtmlPanelGroup'
[0m[32m14:37:19,361 FINE  [jakarta.enterprise.resource.webcontainer.faces.facelets.tag.component] (default task-1) /index.xhtml @21,61 <h:panelGroup> Component[2059540600_7ac218d1] Created: jakarta.faces.component.html.HtmlPanelGroup
[0m[32m14:37:19,361 FINE  [jakarta.enterprise.resource.webcontainer.faces.application] (default task-1) Created component with component type of 'jakarta.faces.HtmlOutputText'
[0m[32m14:37:19,361 FINE  [jakarta.enterprise.resource.webcontainer.faces.facelets.tag.component] (default task-1) /index.xhtml @23,59 <h:outputText> Component[2059540600_7ac218bb] Created: jakarta.faces.component.html.HtmlOutputText
[0m[32m14:37:19,361 FINE  [jakarta.enterprise.resource.webcontainer.faces.application] (default task-1) Created component with component type of 'jakarta.faces.HtmlForm'
[0m[32m14:37:19,362 FINE  [jakarta.enterprise.resource.webcontainer.faces.facelets.tag.component] (default task-1) /index.xhtml @26,11 <h:form> Component[2059540600_7ac218a8] Created: jakarta.faces.component.html.HtmlForm
[0m[32m14:37:19,362 FINE  [jakarta.enterprise.resource.webcontainer.faces.application] (default task-1) Created component with component type of 'jakarta.faces.HtmlPanelGroup'
[0m[32m14:37:19,362 FINE  [jakarta.enterprise.resource.webcontainer.faces.facelets.tag.component] (default task-1) /index.xhtml @27,62 <h:panelGroup> Component[2059540600_7ac21892] Created: jakarta.faces.component.html.HtmlPanelGroup
[0m[32m14:37:19,362 FINE  [jakarta.enterprise.resource.webcontainer.faces.application] (default task-1) Created component with component type of 'jakarta.faces.HtmlCommandButton'
[0m[32m14:37:19,362 FINE  [jakarta.enterprise.resource.webcontainer.faces.facelets.tag.component] (default task-1) /index.xhtml @29,119 <h:commandButton> Component[2059540600_7ac2197c] Created: jakarta.faces.component.html.HtmlCommandButton
[0m[32m14:37:19,362 FINE  [jakarta.enterprise.resource.webcontainer.faces.application] (default task-1) Created component with component type of 'jakarta.faces.HtmlCommandButton'
[0m[32m14:37:19,362 FINE  [jakarta.enterprise.resource.webcontainer.faces.facelets.tag.component] (default task-1) /index.xhtml @30,112 <h:commandButton> Component[2059540600_7ac21969] Created: jakarta.faces.component.html.HtmlCommandButton
[0m[32m14:37:19,362 FINE  [jakarta.enterprise.resource.webcontainer.faces.application] (default task-1) Created component with component type of 'jakarta.faces.HtmlPanelGroup'
[0m[32m14:37:19,362 FINE  [jakarta.enterprise.resource.webcontainer.faces.facelets.tag.component] (default task-1) /index.xhtml @33,34 <h:panelGroup> Component[2059540600_7ac21966] Created: jakarta.faces.component.html.HtmlPanelGroup
[0m[32m14:37:19,362 FINE  [jakarta.enterprise.resource.webcontainer.faces.application] (default task-1) Created component with component type of 'jakarta.faces.HtmlCommandButton'
[0m[32m14:37:19,362 FINE  [jakarta.enterprise.resource.webcontainer.faces.facelets.tag.component] (default task-1) /index.xhtml @35,124 <h:commandButton> Component[2059540600_7ac21940] Created: jakarta.faces.component.html.HtmlCommandButton
[0m[32m14:37:19,362 FINE  [jakarta.enterprise.resource.webcontainer.faces.application] (default task-1) Created component with component type of 'jakarta.faces.HtmlCommandButton'
[0m[32m14:37:19,362 FINE  [jakarta.enterprise.resource.webcontainer.faces.facelets.tag.component] (default task-1) /index.xhtml @36,117 <h:commandButton> Component[2059540600_7ac2193d] Created: jakarta.faces.component.html.HtmlCommandButton
[0m[32m14:37:19,363 FINE  [jakarta.enterprise.resource.webcontainer.faces.application] (default task-1) Rendering View: /index.xhtml
[0m[32m14:37:19,364 FINE  [jakarta.enterprise.resource.webcontainer.faces.renderkit] (default task-1) component.getValue() returned jNQGv0URH6n513ivo2My-hSdtRiKOkU1NKyrSGui
[0m[32m14:37:19,364 FINE  [jakarta.enterprise.resource.webcontainer.faces.renderkit] (default task-1) Value to be rendered jNQGv0URH6n513ivo2My-hSdtRiKOkU1NKyrSGui
[0m[32m14:37:19,364 FINE  [jakarta.enterprise.resource.webcontainer.faces.renderkit] (default task-1) component.getValue() returned 060a48fb51ef
[0m[32m14:37:19,364 FINE  [jakarta.enterprise.resource.webcontainer.faces.renderkit] (default task-1) Value to be rendered 060a48fb51ef
[0m[32m14:37:19,364 FINE  [jakarta.enterprise.resource.webcontainer.faces.renderkit] (default task-1) component.getValue() returned 11
[0m[32m14:37:19,365 FINE  [jakarta.enterprise.resource.webcontainer.faces.application] (default task-1) Created converter of type 'jakarta.faces.convert.IntegerConverter'
[0m[32m14:37:19,365 FINE  [jakarta.enterprise.resource.webcontainer.faces.renderkit] (default task-1) Value to be rendered 11
[0m[32m14:37:19,365 FINE  [jakarta.enterprise.resource.webcontainer.faces.application] (default task-1) Begin writing marker for viewId /index.xhtml
[0m[32m14:37:19,365 FINE  [jakarta.enterprise.resource.webcontainer.faces.application] (default task-1) End writing marker for viewId /index.xhtml
[0m[32m14:37:19,366 FINE  [jakarta.faces.component] (default task-1) j_id1
[0m[32m14:37:19,373 FINE  [jakarta.enterprise.resource.webcontainer.faces.lifecycle] (default task-1) Exiting RenderResponsePhase
[0m[32m14:37:19,374 FINE  [jakarta.enterprise.resource.webcontainer.faces.timing] (default task-1)  [TIMING] - [21ms] : Execution time for phase (including any PhaseListeners) -> RENDER_RESPONSE 6
[0m[32m14:37:19,377 DEBUG [org.wildfly.clustering.marshalling.ByteBufferMarshalledValue] (default task-1) Marshalled size of java.util.concurrent.ConcurrentHashMap object = 1978 bytes
[0m[32m14:37:20,580 DEBUG [io.undertow.request] (default I/O-13) Matched default handler path /index.xhtml
[0m[32m14:37:20,582 FINE  [jakarta.enterprise.resource.webcontainer.faces.lifecycle] (default task-1) execute(com.sun.faces.context.FacesContextImpl@5ca88402)
[0m[32m14:37:20,582 FINE  [jakarta.enterprise.resource.webcontainer.faces.lifecycle] (default task-1) Entering RestoreViewPhase
[0m[32m14:37:20,582 FINE  [jakarta.enterprise.resource.webcontainer.faces.application] (default task-1) Created component with component type of 'jakarta.faces.ViewRoot'
[0m[32m14:37:20,582 FINE  [jakarta.enterprise.resource.webcontainer.faces.application] (default task-1) Created component with component type of 'jakarta.faces.ViewRoot'
[0m[32m14:37:20,583 FINE  [jakarta.enterprise.resource.webcontainer.faces.application] (default task-1) Created component with component type of 'jakarta.faces.ViewRoot'
[0m[32m14:37:20,583 FINE  [jakarta.enterprise.resource.webcontainer.faces.lifecycle] (default task-1) New request: creating a view for /index.xhtml
[0m[32m14:37:20,583 FINE  [jakarta.enterprise.resource.webcontainer.faces.application] (default task-1) Created component with component type of 'jakarta.faces.ViewRoot'
[0m[32m14:37:20,583 FINE  [jakarta.enterprise.resource.webcontainer.faces.application] (default task-1) Created new view for /index.xhtml
[0m[32m14:37:20,583 FINE  [jakarta.enterprise.resource.webcontainer.faces.application] (default task-1) Locale for this view as determined by calculateLocale en_US
[0m[32m14:37:20,583 FINE  [jakarta.enterprise.resource.webcontainer.faces.application] (default task-1) Created component with component type of 'jakarta.faces.ViewRoot'
[0m[32m14:37:20,583 FINE  [jakarta.enterprise.resource.webcontainer.faces.application] (default task-1) RenderKitId for this view as determined by calculateRenderKitId HTML_BASIC
[0m[32m14:37:20,584 FINE  [jakarta.enterprise.resource.webcontainer.faces.lifecycle] (default task-1) Exiting RestoreViewPhase
[0m[32m14:37:20,584 FINE  [jakarta.enterprise.resource.webcontainer.faces.timing] (default task-1)  [TIMING] - [2ms] : Execution time for phase (including any PhaseListeners) -> RESTORE_VIEW 1
[0m[32m14:37:20,584 FINE  [jakarta.enterprise.resource.webcontainer.faces.lifecycle] (default task-1) render(com.sun.faces.context.FacesContextImpl@5ca88402)
[0m[32m14:37:20,584 FINE  [jakarta.enterprise.resource.webcontainer.faces.lifecycle] (default task-1) Entering RenderResponsePhase
[0m[32m14:37:20,584 FINE  [jakarta.enterprise.resource.webcontainer.faces.lifecycle] (default task-1) About to render view /index.xhtml
[0m[32m14:37:20,584 FINE  [jakarta.enterprise.resource.webcontainer.faces.application] (default task-1) Building View: /index.xhtml
[0m[32m14:37:20,585 FINE  [jakarta.enterprise.resource.webcontainer.faces.application] (default task-1) Created component with component type of 'jakarta.faces.Output'
[0m[32m14:37:20,585 FINE  [jakarta.enterprise.resource.webcontainer.faces.facelets.tag.component] (default task-1) /index.xhtml @6,11 <h:head> Component[2059540600_7ac2185f] Created: jakarta.faces.component.UIOutput
[0m[32m14:37:20,585 FINE  [jakarta.enterprise.resource.webcontainer.faces.application] (default task-1) Created component with component type of 'jakarta.faces.OutputBody'
[0m[32m14:37:20,586 FINE  [jakarta.enterprise.resource.webcontainer.faces.facelets.tag.component] (default task-1) /index.xhtml @10,11 <h:body> Component[2059540600_7ac21839] Created: jakarta.faces.component.html.HtmlBody
[0m[32m14:37:20,586 FINE  [jakarta.enterprise.resource.webcontainer.faces.application] (default task-1) Created component with component type of 'jakarta.faces.HtmlPanelGroup'
[0m[32m14:37:20,586 FINE  [jakarta.enterprise.resource.webcontainer.faces.facelets.tag.component] (default task-1) /index.xhtml @13,60 <h:panelGroup> Component[2059540600_7ac21823] Created: jakarta.faces.component.html.HtmlPanelGroup
[0m[32m14:37:20,586 FINE  [jakarta.enterprise.resource.webcontainer.faces.application] (default task-1) Created component with component type of 'jakarta.faces.HtmlOutputText'
[0m[32m14:37:20,586 FINE  [jakarta.enterprise.resource.webcontainer.faces.facelets.tag.component] (default task-1) /index.xhtml @15,61 <h:outputText> Component[2059540600_7ac2180d] Created: jakarta.faces.component.html.HtmlOutputText
[0m[32m14:37:20,586 FINE  [jakarta.enterprise.resource.webcontainer.faces.application] (default task-1) Created component with component type of 'jakarta.faces.HtmlPanelGroup'
[0m[32m14:37:20,586 FINE  [jakarta.enterprise.resource.webcontainer.faces.facelets.tag.component] (default task-1) /index.xhtml @17,60 <h:panelGroup> Component[2059540600_7ac218fa] Created: jakarta.faces.component.html.HtmlPanelGroup
[0m[32m14:37:20,586 FINE  [jakarta.enterprise.resource.webcontainer.faces.application] (default task-1) Created component with component type of 'jakarta.faces.HtmlOutputText'
[0m[32m14:37:20,586 FINE  [jakarta.enterprise.resource.webcontainer.faces.facelets.tag.component] (default task-1) /index.xhtml @19,60 <h:outputText> Component[2059540600_7ac218e4] Created: jakarta.faces.component.html.HtmlOutputText
[0m[32m14:37:20,587 FINE  [jakarta.enterprise.resource.webcontainer.faces.application] (default task-1) Created component with component type of 'jakarta.faces.HtmlPanelGroup'
[0m[32m14:37:20,587 FINE  [jakarta.enterprise.resource.webcontainer.faces.facelets.tag.component] (default task-1) /index.xhtml @21,61 <h:panelGroup> Component[2059540600_7ac218d1] Created: jakarta.faces.component.html.HtmlPanelGroup
[0m[32m14:37:20,587 FINE  [jakarta.enterprise.resource.webcontainer.faces.application] (default task-1) Created component with component type of 'jakarta.faces.HtmlOutputText'
[0m[32m14:37:20,587 FINE  [jakarta.enterprise.resource.webcontainer.faces.facelets.tag.component] (default task-1) /index.xhtml @23,59 <h:outputText> Component[2059540600_7ac218bb] Created: jakarta.faces.component.html.HtmlOutputText
[0m[32m14:37:20,587 FINE  [jakarta.enterprise.resource.webcontainer.faces.application] (default task-1) Created component with component type of 'jakarta.faces.HtmlForm'
[0m[32m14:37:20,587 FINE  [jakarta.enterprise.resource.webcontainer.faces.facelets.tag.component] (default task-1) /index.xhtml @26,11 <h:form> Component[2059540600_7ac218a8] Created: jakarta.faces.component.html.HtmlForm
[0m[32m14:37:20,587 FINE  [jakarta.enterprise.resource.webcontainer.faces.application] (default task-1) Created component with component type of 'jakarta.faces.HtmlPanelGroup'
[0m[32m14:37:20,587 FINE  [jakarta.enterprise.resource.webcontainer.faces.facelets.tag.component] (default task-1) /index.xhtml @27,62 <h:panelGroup> Component[2059540600_7ac21892] Created: jakarta.faces.component.html.HtmlPanelGroup
[0m[32m14:37:20,587 FINE  [jakarta.enterprise.resource.webcontainer.faces.application] (default task-1) Created component with component type of 'jakarta.faces.HtmlCommandButton'
[0m[32m14:37:20,588 FINE  [jakarta.enterprise.resource.webcontainer.faces.facelets.tag.component] (default task-1) /index.xhtml @29,119 <h:commandButton> Component[2059540600_7ac2197c] Created: jakarta.faces.component.html.HtmlCommandButton
[0m[32m14:37:20,588 FINE  [jakarta.enterprise.resource.webcontainer.faces.application] (default task-1) Created component with component type of 'jakarta.faces.HtmlCommandButton'
[0m[32m14:37:20,588 FINE  [jakarta.enterprise.resource.webcontainer.faces.facelets.tag.component] (default task-1) /index.xhtml @30,112 <h:commandButton> Component[2059540600_7ac21969] Created: jakarta.faces.component.html.HtmlCommandButton
[0m[32m14:37:20,588 FINE  [jakarta.enterprise.resource.webcontainer.faces.application] (default task-1) Created component with component type of 'jakarta.faces.HtmlPanelGroup'
[0m[32m14:37:20,588 FINE  [jakarta.enterprise.resource.webcontainer.faces.facelets.tag.component] (default task-1) /index.xhtml @33,34 <h:panelGroup> Component[2059540600_7ac21966] Created: jakarta.faces.component.html.HtmlPanelGroup
[0m[32m14:37:20,588 FINE  [jakarta.enterprise.resource.webcontainer.faces.application] (default task-1) Created component with component type of 'jakarta.faces.HtmlCommandButton'
[0m[32m14:37:20,588 FINE  [jakarta.enterprise.resource.webcontainer.faces.facelets.tag.component] (default task-1) /index.xhtml @35,124 <h:commandButton> Component[2059540600_7ac21940] Created: jakarta.faces.component.html.HtmlCommandButton
[0m[32m14:37:20,588 FINE  [jakarta.enterprise.resource.webcontainer.faces.application] (default task-1) Created component with component type of 'jakarta.faces.HtmlCommandButton'
[0m[32m14:37:20,588 FINE  [jakarta.enterprise.resource.webcontainer.faces.facelets.tag.component] (default task-1) /index.xhtml @36,117 <h:commandButton> Component[2059540600_7ac2193d] Created: jakarta.faces.component.html.HtmlCommandButton
[0m[32m14:37:20,589 FINE  [jakarta.enterprise.resource.webcontainer.faces.application] (default task-1) Rendering View: /index.xhtml
[0m[32m14:37:20,591 DEBUG [org.wildfly.clustering.marshalling.ByteBufferMarshalledValue] (default task-1) Marshalled size of java.util.concurrent.ConcurrentHashMap object = 588 bytes
[0m[32m14:37:20,610 FINE  [jakarta.enterprise.resource.webcontainer.faces.renderkit] (default task-1) component.getValue() returned 3rLHaMyJQNjkdBDmFgKI7_WAC8ZiVe9roC4p-iuc
[0m[32m14:37:20,610 FINE  [jakarta.enterprise.resource.webcontainer.faces.renderkit] (default task-1) Value to be rendered 3rLHaMyJQNjkdBDmFgKI7_WAC8ZiVe9roC4p-iuc
[0m[32m14:37:20,611 FINE  [jakarta.enterprise.resource.webcontainer.faces.renderkit] (default task-1) component.getValue() returned 060a48fb51ef
[0m[32m14:37:20,611 FINE  [jakarta.enterprise.resource.webcontainer.faces.renderkit] (default task-1) Value to be rendered 060a48fb51ef
[0m[32m14:37:20,611 FINE  [jakarta.enterprise.resource.webcontainer.faces.renderkit] (default task-1) component.getValue() returned 0
[0m[32m14:37:20,611 FINE  [jakarta.enterprise.resource.webcontainer.faces.application] (default task-1) Created converter of type 'jakarta.faces.convert.IntegerConverter'
[0m[32m14:37:20,612 FINE  [jakarta.enterprise.resource.webcontainer.faces.renderkit] (default task-1) Value to be rendered 0
[0m[32m14:37:20,612 FINE  [jakarta.enterprise.resource.webcontainer.faces.application] (default task-1) Begin writing marker for viewId /index.xhtml
[0m[32m14:37:20,612 FINE  [jakarta.enterprise.resource.webcontainer.faces.application] (default task-1) End writing marker for viewId /index.xhtml
[0m[32m14:37:20,613 FINE  [jakarta.faces.component] (default task-1) j_id1
[0m[32m14:37:20,614 FINE  [jakarta.enterprise.resource.webcontainer.faces.lifecycle] (default task-1) Exiting RenderResponsePhase
[0m[32m14:37:20,614 FINE  [jakarta.enterprise.resource.webcontainer.faces.timing] (default task-1)  [TIMING] - [30ms] : Execution time for phase (including any PhaseListeners) -> RENDER_RESPONSE 6
[0m[32m14:37:20,615 DEBUG [io.undertow.request.io] (default task-1) UT005013: An IOException occurred: java.net.SocketException: Connection reset
	at java.base/sun.nio.ch.SocketChannelImpl.throwConnectionReset(SocketChannelImpl.java:401)
	at java.base/sun.nio.ch.SocketChannelImpl.read(SocketChannelImpl.java:434)
	at org.jboss.xnio.nio@3.8.16.Final-redhat-00001//org.xnio.nio.NioSocketConduit.read(NioSocketConduit.java:289)
	at org.jboss.xnio@3.8.16.Final-redhat-00001//org.xnio.conduits.AbstractStreamSourceConduit.read(AbstractStreamSourceConduit.java:51)
	at io.undertow.core@2.3.23.SP3-redhat-00001//io.undertow.conduits.ReadTimeoutStreamSourceConduit.read(ReadTimeoutStreamSourceConduit.java:181)
	at org.jboss.xnio@3.8.16.Final-redhat-00001//org.xnio.conduits.AbstractStreamSourceConduit.read(AbstractStreamSourceConduit.java:51)
	at io.undertow.core@2.3.23.SP3-redhat-00001//io.undertow.conduits.BytesReceivedStreamSourceConduit.read(BytesReceivedStreamSourceConduit.java:67)
	at org.jboss.xnio@3.8.16.Final-redhat-00001//org.xnio.conduits.ConduitStreamSourceChannel.read(ConduitStreamSourceChannel.java:127)
	at io.undertow.core@2.3.23.SP3-redhat-00001//io.undertow.util.ConnectionUtils.doDrain(ConnectionUtils.java:96)
	at io.undertow.core@2.3.23.SP3-redhat-00001//io.undertow.util.ConnectionUtils.cleanClose(ConnectionUtils.java:74)
	at io.undertow.core@2.3.23.SP3-redhat-00001//io.undertow.server.protocol.http.HttpReadListener.exchangeComplete(HttpReadListener.java:374)
	at io.undertow.core@2.3.23.SP3-redhat-00001//io.undertow.server.protocol.http.HttpServerConnection.exchangeComplete(HttpServerConnection.java:244)
	at io.undertow.core@2.3.23.SP3-redhat-00001//io.undertow.server.HttpServerExchange$ExchangeCompleteNextListener.proceed(HttpServerExchange.java:2062)
	at io.undertow.core@2.3.23.SP3-redhat-00001//io.undertow.server.ConnectorStatisticsImpl$1.exchangeEvent(ConnectorStatisticsImpl.java:75)
	at io.undertow.core@2.3.23.SP3-redhat-00001//io.undertow.server.HttpServerExchange$ExchangeCompleteNextListener.proceed(HttpServerExchange.java:2060)
	at io.undertow.core@2.3.23.SP3-redhat-00001//io.undertow.server.handlers.MetricsHandler$2.exchangeEvent(MetricsHandler.java:60)
	at io.undertow.core@2.3.23.SP3-redhat-00001//io.undertow.server.HttpServerExchange.invokeExchangeCompleteListeners(HttpServerExchange.java:1436)
	at io.undertow.core@2.3.23.SP3-redhat-00001//io.undertow.server.HttpServerExchange.terminateResponse(HttpServerExchange.java:1723)
	at io.undertow.core@2.3.23.SP3-redhat-00001//io.undertow.server.Connectors.terminateResponse(Connectors.java:198)
	at io.undertow.core@2.3.23.SP3-redhat-00001//io.undertow.server.protocol.http.ServerFixedLengthStreamSinkConduit.channelFinished(ServerFixedLengthStreamSinkConduit.java:58)
	at io.undertow.core@2.3.23.SP3-redhat-00001//io.undertow.conduits.AbstractFixedLengthStreamSinkConduit.exitFlush(AbstractFixedLengthStreamSinkConduit.java:316)
	at io.undertow.core@2.3.23.SP3-redhat-00001//io.undertow.conduits.AbstractFixedLengthStreamSinkConduit.flush(AbstractFixedLengthStreamSinkConduit.java:234)
	at org.jboss.xnio@3.8.16.Final-redhat-00001//org.xnio.conduits.ConduitStreamSinkChannel.flush(ConduitStreamSinkChannel.java:162)
	at io.undertow.core@2.3.23.SP3-redhat-00001//io.undertow.channels.DetachableStreamSinkChannel.flush(DetachableStreamSinkChannel.java:119)
	at org.jboss.xnio@3.8.16.Final-redhat-00001//org.xnio.channels.Channels.flushBlocking(Channels.java:63)
	at io.undertow.servlet@2.3.23.SP3-redhat-00001//io.undertow.servlet.spec.ServletOutputStreamImpl.close(ServletOutputStreamImpl.java:654)
	at io.undertow.servlet@2.3.23.SP3-redhat-00001//io.undertow.servlet.spec.ServletPrintWriter.close(ServletPrintWriter.java:130)
	at io.undertow.servlet@2.3.23.SP3-redhat-00001//io.undertow.servlet.spec.ServletPrintWriterDelegate.close(ServletPrintWriterDelegate.java:79)
	at io.undertow.servlet@2.3.23.SP3-redhat-00001//io.undertow.servlet.spec.HttpServletResponseImpl.closeStreamAndWriter(HttpServletResponseImpl.java:505)
	at io.undertow.servlet@2.3.23.SP3-redhat-00001//io.undertow.servlet.spec.HttpServletResponseImpl.responseDone(HttpServletResponseImpl.java:606)
	at io.undertow.servlet@2.3.23.SP3-redhat-00001//io.undertow.servlet.handlers.ServletInitialHandler.handleFirstRequest(ServletInitialHandler.java:330)
	at io.undertow.servlet@2.3.23.SP3-redhat-00001//io.undertow.servlet.handlers.ServletInitialHandler$1.call(ServletInitialHandler.java:130)
	at io.undertow.servlet@2.3.23.SP3-redhat-00001//io.undertow.servlet.handlers.ServletInitialHandler$1.call(ServletInitialHandler.java:127)
	at io.undertow.servlet@2.3.23.SP3-redhat-00001//io.undertow.servlet.core.ServletRequestContextThreadSetupAction$1.call(ServletRequestContextThreadSetupAction.java:48)
	at io.undertow.servlet@2.3.23.SP3-redhat-00001//io.undertow.servlet.core.ContextClassLoaderSetupAction$1.call(ContextClassLoaderSetupAction.java:43)
	at org.wildfly.extension.undertow@8.1.1.GA-redhat-00012//org.wildfly.extension.undertow.deployment.UndertowDeploymentInfoService$UndertowThreadSetupAction.lambda$create$0(UndertowDeploymentInfoService.java:1421)
	at org.wildfly.extension.undertow@8.1.1.GA-redhat-00012//org.wildfly.extension.undertow.deployment.UndertowDeploymentInfoService$UndertowThreadSetupAction.lambda$create$0(UndertowDeploymentInfoService.java:1421)
	at org.wildfly.extension.undertow@8.1.1.GA-redhat-00012//org.wildfly.extension.undertow.deployment.UndertowDeploymentInfoService$UndertowThreadSetupAction.lambda$create$0(UndertowDeploymentInfoService.java:1421)
	at org.wildfly.extension.undertow@8.1.1.GA-redhat-00012//org.wildfly.extension.undertow.deployment.UndertowDeploymentInfoService$UndertowThreadSetupAction.lambda$create$0(UndertowDeploymentInfoService.java:1421)
	at io.undertow.servlet@2.3.23.SP3-redhat-00001//io.undertow.servlet.handlers.ServletInitialHandler.dispatchRequest(ServletInitialHandler.java:251)
	at io.undertow.servlet@2.3.23.SP3-redhat-00001//io.undertow.servlet.handlers.ServletInitialHandler.lambda$new$1(ServletInitialHandler.java:99)
	at io.undertow.core@2.3.23.SP3-redhat-00001//io.undertow.server.Connectors.executeRootHandler(Connectors.java:418)
	at io.undertow.core@2.3.23.SP3-redhat-00001//io.undertow.server.HttpServerExchange$1.run(HttpServerExchange.java:938)
	at org.jboss.threads@2.5.0.redhat-00001//org.jboss.threads.ContextClassLoaderSavingRunnable.run(ContextClassLoaderSavingRunnable.java:35)
	at org.jboss.threads@2.5.0.redhat-00001//org.jboss.threads.EnhancedQueueExecutor.safeRun(EnhancedQueueExecutor.java:2024)
	at org.jboss.threads@2.5.0.redhat-00001//org.jboss.threads.EnhancedQueueExecutor$ThreadBody.doRunTask(EnhancedQueueExecutor.java:1520)
	at org.jboss.threads@2.5.0.redhat-00001//org.jboss.threads.EnhancedQueueExecutor$ThreadBody.run(EnhancedQueueExecutor.java:1411)
	at org.jboss.xnio@3.8.16.Final-redhat-00001//org.xnio.XnioWorker$WorkerThreadFactory$1$1.run(XnioWorker.java:1282)
	at java.base/java.lang.Thread.run(Thread.java:1583)

[0m[32m14:37:20,618 DEBUG [org.wildfly.clustering.marshalling.ByteBufferMarshalledValue] (default task-1) Marshalled size of java.util.concurrent.ConcurrentHashMap object = 1884 bytes
[0m[32m14:37:22,617 DEBUG [io.undertow.request] (default I/O-4) Matched default handler path /index.xhtml
[0m[32m14:37:22,618 FINE  [jakarta.enterprise.resource.webcontainer.faces.lifecycle] (default task-1) execute(com.sun.faces.context.FacesContextImpl@2265b752)
[0m[32m14:37:22,618 FINE  [jakarta.enterprise.resource.webcontainer.faces.lifecycle] (default task-1) Entering RestoreViewPhase
[0m[32m14:37:22,618 FINE  [jakarta.enterprise.resource.webcontainer.faces.application] (default task-1) Created component with component type of 'jakarta.faces.ViewRoot'
[0m[32m14:37:22,618 FINE  [jakarta.enterprise.resource.webcontainer.faces.application] (default task-1) Created component with component type of 'jakarta.faces.ViewRoot'
[0m[32m14:37:22,619 FINE  [jakarta.enterprise.resource.webcontainer.faces.application] (default task-1) Created component with component type of 'jakarta.faces.ViewRoot'
[0m[32m14:37:22,619 FINE  [jakarta.enterprise.resource.webcontainer.faces.lifecycle] (default task-1) New request: creating a view for /index.xhtml
[0m[32m14:37:22,619 FINE  [jakarta.enterprise.resource.webcontainer.faces.application] (default task-1) Created component with component type of 'jakarta.faces.ViewRoot'
[0m[32m14:37:22,619 FINE  [jakarta.enterprise.resource.webcontainer.faces.application] (default task-1) Created new view for /index.xhtml
[0m[32m14:37:22,619 FINE  [jakarta.enterprise.resource.webcontainer.faces.application] (default task-1) Locale for this view as determined by calculateLocale en_US
[0m[32m14:37:22,619 FINE  [jakarta.enterprise.resource.webcontainer.faces.application] (default task-1) Created component with component type of 'jakarta.faces.ViewRoot'
[0m[32m14:37:22,619 FINE  [jakarta.enterprise.resource.webcontainer.faces.application] (default task-1) RenderKitId for this view as determined by calculateRenderKitId HTML_BASIC
[0m[32m14:37:22,620 FINE  [jakarta.enterprise.resource.webcontainer.faces.lifecycle] (default task-1) Exiting RestoreViewPhase
[0m[32m14:37:22,620 FINE  [jakarta.enterprise.resource.webcontainer.faces.timing] (default task-1)  [TIMING] - [2ms] : Execution time for phase (including any PhaseListeners) -> RESTORE_VIEW 1
[0m[32m14:37:22,620 FINE  [jakarta.enterprise.resource.webcontainer.faces.lifecycle] (default task-1) render(com.sun.faces.context.FacesContextImpl@2265b752)
[0m[32m14:37:22,620 FINE  [jakarta.enterprise.resource.webcontainer.faces.lifecycle] (default task-1) Entering RenderResponsePhase
[0m[32m14:37:22,620 FINE  [jakarta.enterprise.resource.webcontainer.faces.lifecycle] (default task-1) About to render view /index.xhtml
[0m[32m14:37:22,620 FINE  [jakarta.enterprise.resource.webcontainer.faces.application] (default task-1) Building View: /index.xhtml
[0m[32m14:37:22,620 FINE  [jakarta.enterprise.resource.webcontainer.faces.application] (default task-1) Created component with component type of 'jakarta.faces.Output'
[0m[32m14:37:22,620 FINE  [jakarta.enterprise.resource.webcontainer.faces.facelets.tag.component] (default task-1) /index.xhtml @6,11 <h:head> Component[2059540600_7ac2185f] Created: jakarta.faces.component.UIOutput
[0m[32m14:37:22,621 FINE  [jakarta.enterprise.resource.webcontainer.faces.application] (default task-1) Created component with component type of 'jakarta.faces.OutputBody'
[0m[32m14:37:22,621 FINE  [jakarta.enterprise.resource.webcontainer.faces.facelets.tag.component] (default task-1) /index.xhtml @10,11 <h:body> Component[2059540600_7ac21839] Created: jakarta.faces.component.html.HtmlBody
[0m[32m14:37:22,621 FINE  [jakarta.enterprise.resource.webcontainer.faces.application] (default task-1) Created component with component type of 'jakarta.faces.HtmlPanelGroup'
[0m[32m14:37:22,621 FINE  [jakarta.enterprise.resource.webcontainer.faces.facelets.tag.component] (default task-1) /index.xhtml @13,60 <h:panelGroup> Component[2059540600_7ac21823] Created: jakarta.faces.component.html.HtmlPanelGroup
[0m[32m14:37:22,621 FINE  [jakarta.enterprise.resource.webcontainer.faces.application] (default task-1) Created component with component type of 'jakarta.faces.HtmlOutputText'
[0m[32m14:37:22,621 FINE  [jakarta.enterprise.resource.webcontainer.faces.facelets.tag.component] (default task-1) /index.xhtml @15,61 <h:outputText> Component[2059540600_7ac2180d] Created: jakarta.faces.component.html.HtmlOutputText
[0m[32m14:37:22,621 FINE  [jakarta.enterprise.resource.webcontainer.faces.application] (default task-1) Created component with component type of 'jakarta.faces.HtmlPanelGroup'
[0m[32m14:37:22,621 FINE  [jakarta.enterprise.resource.webcontainer.faces.facelets.tag.component] (default task-1) /index.xhtml @17,60 <h:panelGroup> Component[2059540600_7ac218fa] Created: jakarta.faces.component.html.HtmlPanelGroup
[0m[32m14:37:22,621 FINE  [jakarta.enterprise.resource.webcontainer.faces.application] (default task-1) Created component with component type of 'jakarta.faces.HtmlOutputText'
[0m[32m14:37:22,621 FINE  [jakarta.enterprise.resource.webcontainer.faces.facelets.tag.component] (default task-1) /index.xhtml @19,60 <h:outputText> Component[2059540600_7ac218e4] Created: jakarta.faces.component.html.HtmlOutputText
[0m[32m14:37:22,621 FINE  [jakarta.enterprise.resource.webcontainer.faces.application] (default task-1) Created component with component type of 'jakarta.faces.HtmlPanelGroup'
[0m[32m14:37:22,621 FINE  [jakarta.enterprise.resource.webcontainer.faces.facelets.tag.component] (default task-1) /index.xhtml @21,61 <h:panelGroup> Component[2059540600_7ac218d1] Created: jakarta.faces.component.html.HtmlPanelGroup
[0m[32m14:37:22,621 FINE  [jakarta.enterprise.resource.webcontainer.faces.application] (default task-1) Created component with component type of 'jakarta.faces.HtmlOutputText'
[0m[32m14:37:22,621 FINE  [jakarta.enterprise.resource.webcontainer.faces.facelets.tag.component] (default task-1) /index.xhtml @23,59 <h:outputText> Component[2059540600_7ac218bb] Created: jakarta.faces.component.html.HtmlOutputText
[0m[32m14:37:22,622 FINE  [jakarta.enterprise.resource.webcontainer.faces.application] (default task-1) Created component with component type of 'jakarta.faces.HtmlForm'
[0m[32m14:37:22,622 FINE  [jakarta.enterprise.resource.webcontainer.faces.facelets.tag.component] (default task-1) /index.xhtml @26,11 <h:form> Component[2059540600_7ac218a8] Created: jakarta.faces.component.html.HtmlForm
[0m[32m14:37:22,622 FINE  [jakarta.enterprise.resource.webcontainer.faces.application] (default task-1) Created component with component type of 'jakarta.faces.HtmlPanelGroup'
[0m[32m14:37:22,622 FINE  [jakarta.enterprise.resource.webcontainer.faces.facelets.tag.component] (default task-1) /index.xhtml @27,62 <h:panelGroup> Component[2059540600_7ac21892] Created: jakarta.faces.component.html.HtmlPanelGroup
[0m[32m14:37:22,622 FINE  [jakarta.enterprise.resource.webcontainer.faces.application] (default task-1) Created component with component type of 'jakarta.faces.HtmlCommandButton'
[0m[32m14:37:22,622 FINE  [jakarta.enterprise.resource.webcontainer.faces.facelets.tag.component] (default task-1) /index.xhtml @29,119 <h:commandButton> Component[2059540600_7ac2197c] Created: jakarta.faces.component.html.HtmlCommandButton
[0m[32m14:37:22,622 FINE  [jakarta.enterprise.resource.webcontainer.faces.application] (default task-1) Created component with component type of 'jakarta.faces.HtmlCommandButton'
[0m[32m14:37:22,622 FINE  [jakarta.enterprise.resource.webcontainer.faces.facelets.tag.component] (default task-1) /index.xhtml @30,112 <h:commandButton> Component[2059540600_7ac21969] Created: jakarta.faces.component.html.HtmlCommandButton
[0m[32m14:37:22,622 FINE  [jakarta.enterprise.resource.webcontainer.faces.application] (default task-1) Created component with component type of 'jakarta.faces.HtmlPanelGroup'
[0m[32m14:37:22,622 FINE  [jakarta.enterprise.resource.webcontainer.faces.facelets.tag.component] (default task-1) /index.xhtml @33,34 <h:panelGroup> Component[2059540600_7ac21966] Created: jakarta.faces.component.html.HtmlPanelGroup
[0m[32m14:37:22,622 FINE  [jakarta.enterprise.resource.webcontainer.faces.application] (default task-1) Created component with component type of 'jakarta.faces.HtmlCommandButton'
[0m[32m14:37:22,622 FINE  [jakarta.enterprise.resource.webcontainer.faces.facelets.tag.component] (default task-1) /index.xhtml @35,124 <h:commandButton> Component[2059540600_7ac21940] Created: jakarta.faces.component.html.HtmlCommandButton
[0m[32m14:37:22,622 FINE  [jakarta.enterprise.resource.webcontainer.faces.application] (default task-1) Created component with component type of 'jakarta.faces.HtmlCommandButton'
[0m[32m14:37:22,622 FINE  [jakarta.enterprise.resource.webcontainer.faces.facelets.tag.component] (default task-1) /index.xhtml @36,117 <h:commandButton> Component[2059540600_7ac2193d] Created: jakarta.faces.component.html.HtmlCommandButton
[0m[32m14:37:22,623 FINE  [jakarta.enterprise.resource.webcontainer.faces.application] (default task-1) Rendering View: /index.xhtml
[0m[32m14:37:22,625 DEBUG [org.wildfly.clustering.marshalling.ByteBufferMarshalledValue] (default task-1) Marshalled size of java.util.concurrent.ConcurrentHashMap object = 588 bytes
[0m[32m14:37:22,627 FINE  [jakarta.enterprise.resource.webcontainer.faces.renderkit] (default task-1) component.getValue() returned ahE6c3IFVqCmHknHIr11uVqrBErbN5zhGy47JV_e
[0m[32m14:37:22,627 FINE  [jakarta.enterprise.resource.webcontainer.faces.renderkit] (default task-1) Value to be rendered ahE6c3IFVqCmHknHIr11uVqrBErbN5zhGy47JV_e
[0m[32m14:37:22,627 FINE  [jakarta.enterprise.resource.webcontainer.faces.renderkit] (default task-1) component.getValue() returned 060a48fb51ef
[0m[32m14:37:22,627 FINE  [jakarta.enterprise.resource.webcontainer.faces.renderkit] (default task-1) Value to be rendered 060a48fb51ef
[0m[32m14:37:22,628 FINE  [jakarta.enterprise.resource.webcontainer.faces.renderkit] (default task-1) component.getValue() returned 0
[0m[32m14:37:22,628 FINE  [jakarta.enterprise.resource.webcontainer.faces.application] (default task-1) Created converter of type 'jakarta.faces.convert.IntegerConverter'
[0m[32m14:37:22,628 FINE  [jakarta.enterprise.resource.webcontainer.faces.renderkit] (default task-1) Value to be rendered 0
[0m[32m14:37:22,629 FINE  [jakarta.enterprise.resource.webcontainer.faces.application] (default task-1) Begin writing marker for viewId /index.xhtml
[0m[32m14:37:22,629 FINE  [jakarta.enterprise.resource.webcontainer.faces.application] (default task-1) End writing marker for viewId /index.xhtml
[0m[32m14:37:22,629 FINE  [jakarta.faces.component] (default task-1) j_id1
[0m[32m14:37:22,629 FINE  [jakarta.enterprise.resource.webcontainer.faces.lifecycle] (default task-1) Exiting RenderResponsePhase
[0m[32m14:37:22,629 FINE  [jakarta.enterprise.resource.webcontainer.faces.timing] (default task-1)  [TIMING] - [9ms] : Execution time for phase (including any PhaseListeners) -> RENDER_RESPONSE 6
[0m[32m14:37:22,634 DEBUG [io.undertow.request.io] (default task-1) UT005013: An IOException occurred: java.net.SocketException: Connection reset
	at java.base/sun.nio.ch.SocketChannelImpl.throwConnectionReset(SocketChannelImpl.java:401)
	at java.base/sun.nio.ch.SocketChannelImpl.read(SocketChannelImpl.java:434)
	at org.jboss.xnio.nio@3.8.16.Final-redhat-00001//org.xnio.nio.NioSocketConduit.read(NioSocketConduit.java:289)
	at org.jboss.xnio@3.8.16.Final-redhat-00001//org.xnio.conduits.AbstractStreamSourceConduit.read(AbstractStreamSourceConduit.java:51)
	at io.undertow.core@2.3.23.SP3-redhat-00001//io.undertow.conduits.ReadTimeoutStreamSourceConduit.read(ReadTimeoutStreamSourceConduit.java:181)
	at org.jboss.xnio@3.8.16.Final-redhat-00001//org.xnio.conduits.AbstractStreamSourceConduit.read(AbstractStreamSourceConduit.java:51)
	at io.undertow.core@2.3.23.SP3-redhat-00001//io.undertow.conduits.BytesReceivedStreamSourceConduit.read(BytesReceivedStreamSourceConduit.java:67)
	at org.jboss.xnio@3.8.16.Final-redhat-00001//org.xnio.conduits.ConduitStreamSourceChannel.read(ConduitStreamSourceChannel.java:127)
	at io.undertow.core@2.3.23.SP3-redhat-00001//io.undertow.util.ConnectionUtils.doDrain(ConnectionUtils.java:96)
	at io.undertow.core@2.3.23.SP3-redhat-00001//io.undertow.util.ConnectionUtils.cleanClose(ConnectionUtils.java:74)
	at io.undertow.core@2.3.23.SP3-redhat-00001//io.undertow.server.protocol.http.HttpReadListener.exchangeComplete(HttpReadListener.java:374)
	at io.undertow.core@2.3.23.SP3-redhat-00001//io.undertow.server.protocol.http.HttpServerConnection.exchangeComplete(HttpServerConnection.java:244)
	at io.undertow.core@2.3.23.SP3-redhat-00001//io.undertow.server.HttpServerExchange$ExchangeCompleteNextListener.proceed(HttpServerExchange.java:2062)
	at io.undertow.core@2.3.23.SP3-redhat-00001//io.undertow.server.ConnectorStatisticsImpl$1.exchangeEvent(ConnectorStatisticsImpl.java:75)
	at io.undertow.core@2.3.23.SP3-redhat-00001//io.undertow.server.HttpServerExchange$ExchangeCompleteNextListener.proceed(HttpServerExchange.java:2060)
	at io.undertow.core@2.3.23.SP3-redhat-00001//io.undertow.server.handlers.MetricsHandler$2.exchangeEvent(MetricsHandler.java:60)
	at io.undertow.core@2.3.23.SP3-redhat-00001//io.undertow.server.HttpServerExchange.invokeExchangeCompleteListeners(HttpServerExchange.java:1436)
	at io.undertow.core@2.3.23.SP3-redhat-00001//io.undertow.server.HttpServerExchange.terminateResponse(HttpServerExchange.java:1723)
	at io.undertow.core@2.3.23.SP3-redhat-00001//io.undertow.server.Connectors.terminateResponse(Connectors.java:198)
	at io.undertow.core@2.3.23.SP3-redhat-00001//io.undertow.server.protocol.http.ServerFixedLengthStreamSinkConduit.channelFinished(ServerFixedLengthStreamSinkConduit.java:58)
	at io.undertow.core@2.3.23.SP3-redhat-00001//io.undertow.conduits.AbstractFixedLengthStreamSinkConduit.exitFlush(AbstractFixedLengthStreamSinkConduit.java:316)
	at io.undertow.core@2.3.23.SP3-redhat-00001//io.undertow.conduits.AbstractFixedLengthStreamSinkConduit.flush(AbstractFixedLengthStreamSinkConduit.java:234)
	at org.jboss.xnio@3.8.16.Final-redhat-00001//org.xnio.conduits.ConduitStreamSinkChannel.flush(ConduitStreamSinkChannel.java:162)
	at io.undertow.core@2.3.23.SP3-redhat-00001//io.undertow.channels.DetachableStreamSinkChannel.flush(DetachableStreamSinkChannel.java:119)
	at org.jboss.xnio@3.8.16.Final-redhat-00001//org.xnio.channels.Channels.flushBlocking(Channels.java:63)
	at io.undertow.servlet@2.3.23.SP3-redhat-00001//io.undertow.servlet.spec.ServletOutputStreamImpl.close(ServletOutputStreamImpl.java:654)
	at io.undertow.servlet@2.3.23.SP3-redhat-00001//io.undertow.servlet.spec.ServletPrintWriter.close(ServletPrintWriter.java:130)
	at io.undertow.servlet@2.3.23.SP3-redhat-00001//io.undertow.servlet.spec.ServletPrintWriterDelegate.close(ServletPrintWriterDelegate.java:79)
	at io.undertow.servlet@2.3.23.SP3-redhat-00001//io.undertow.servlet.spec.HttpServletResponseImpl.closeStreamAndWriter(HttpServletResponseImpl.java:505)
	at io.undertow.servlet@2.3.23.SP3-redhat-00001//io.undertow.servlet.spec.HttpServletResponseImpl.responseDone(HttpServletResponseImpl.java:606)
	at io.undertow.servlet@2.3.23.SP3-redhat-00001//io.undertow.servlet.handlers.ServletInitialHandler.handleFirstRequest(ServletInitialHandler.java:330)
	at io.undertow.servlet@2.3.23.SP3-redhat-00001//io.undertow.servlet.handlers.ServletInitialHandler$1.call(ServletInitialHandler.java:130)
	at io.undertow.servlet@2.3.23.SP3-redhat-00001//io.undertow.servlet.handlers.ServletInitialHandler$1.call(ServletInitialHandler.java:127)
	at io.undertow.servlet@2.3.23.SP3-redhat-00001//io.undertow.servlet.core.ServletRequestContextThreadSetupAction$1.call(ServletRequestContextThreadSetupAction.java:48)
	at io.undertow.servlet@2.3.23.SP3-redhat-00001//io.undertow.servlet.core.ContextClassLoaderSetupAction$1.call(ContextClassLoaderSetupAction.java:43)
	at org.wildfly.extension.undertow@8.1.1.GA-redhat-00012//org.wildfly.extension.undertow.deployment.UndertowDeploymentInfoService$UndertowThreadSetupAction.lambda$create$0(UndertowDeploymentInfoService.java:1421)
	at org.wildfly.extension.undertow@8.1.1.GA-redhat-00012//org.wildfly.extension.undertow.deployment.UndertowDeploymentInfoService$UndertowThreadSetupAction.lambda$create$0(UndertowDeploymentInfoService.java:1421)
	at org.wildfly.extension.undertow@8.1.1.GA-redhat-00012//org.wildfly.extension.undertow.deployment.UndertowDeploymentInfoService$UndertowThreadSetupAction.lambda$create$0(UndertowDeploymentInfoService.java:1421)
	at org.wildfly.extension.undertow@8.1.1.GA-redhat-00012//org.wildfly.extension.undertow.deployment.UndertowDeploymentInfoService$UndertowThreadSetupAction.lambda$create$0(UndertowDeploymentInfoService.java:1421)
	at io.undertow.servlet@2.3.23.SP3-redhat-00001//io.undertow.servlet.handlers.ServletInitialHandler.dispatchRequest(ServletInitialHandler.java:251)
	at io.undertow.servlet@2.3.23.SP3-redhat-00001//io.undertow.servlet.handlers.ServletInitialHandler.lambda$new$1(ServletInitialHandler.java:99)
	at io.undertow.core@2.3.23.SP3-redhat-00001//io.undertow.server.Connectors.executeRootHandler(Connectors.java:418)
	at io.undertow.core@2.3.23.SP3-redhat-00001//io.undertow.server.HttpServerExchange$1.run(HttpServerExchange.java:938)
	at org.jboss.threads@2.5.0.redhat-00001//org.jboss.threads.ContextClassLoaderSavingRunnable.run(ContextClassLoaderSavingRunnable.java:35)
	at org.jboss.threads@2.5.0.redhat-00001//org.jboss.threads.EnhancedQueueExecutor.safeRun(EnhancedQueueExecutor.java:2024)
	at org.jboss.threads@2.5.0.redhat-00001//org.jboss.threads.EnhancedQueueExecutor$ThreadBody.doRunTask(EnhancedQueueExecutor.java:1520)
	at org.jboss.threads@2.5.0.redhat-00001//org.jboss.threads.EnhancedQueueExecutor$ThreadBody.run(EnhancedQueueExecutor.java:1411)
	at org.jboss.xnio@3.8.16.Final-redhat-00001//org.xnio.XnioWorker$WorkerThreadFactory$1$1.run(XnioWorker.java:1282)
	at java.base/java.lang.Thread.run(Thread.java:1583)

[0m[32m14:37:22,635 DEBUG [org.wildfly.clustering.marshalling.ByteBufferMarshalledValue] (default task-1) Marshalled size of java.util.concurrent.ConcurrentHashMap object = 1884 bytes
[0m[32m14:37:24,637 DEBUG [io.undertow.request] (default I/O-11) Matched default handler path /index.xhtml
[0m[32m14:37:24,638 FINE  [jakarta.enterprise.resource.webcontainer.faces.lifecycle] (default task-1) execute(com.sun.faces.context.FacesContextImpl@34be8061)
[0m[32m14:37:24,638 FINE  [jakarta.enterprise.resource.webcontainer.faces.lifecycle] (default task-1) Entering RestoreViewPhase
[0m[32m14:37:24,639 FINE  [jakarta.enterprise.resource.webcontainer.faces.application] (default task-1) Created component with component type of 'jakarta.faces.ViewRoot'
[0m[32m14:37:24,639 FINE  [jakarta.enterprise.resource.webcontainer.faces.application] (default task-1) Created component with component type of 'jakarta.faces.ViewRoot'
[0m[32m14:37:24,639 FINE  [jakarta.enterprise.resource.webcontainer.faces.application] (default task-1) Created component with component type of 'jakarta.faces.ViewRoot'
[0m[32m14:37:24,639 FINE  [jakarta.enterprise.resource.webcontainer.faces.lifecycle] (default task-1) New request: creating a view for /index.xhtml
[0m[32m14:37:24,639 FINE  [jakarta.enterprise.resource.webcontainer.faces.application] (default task-1) Created component with component type of 'jakarta.faces.ViewRoot'
[0m[32m14:37:24,639 FINE  [jakarta.enterprise.resource.webcontainer.faces.application] (default task-1) Created new view for /index.xhtml
[0m[32m14:37:24,639 FINE  [jakarta.enterprise.resource.webcontainer.faces.application] (default task-1) Locale for this view as determined by calculateLocale en_US
[0m[32m14:37:24,639 FINE  [jakarta.enterprise.resource.webcontainer.faces.application] (default task-1) Created component with component type of 'jakarta.faces.ViewRoot'
[0m[32m14:37:24,640 FINE  [jakarta.enterprise.resource.webcontainer.faces.application] (default task-1) RenderKitId for this view as determined by calculateRenderKitId HTML_BASIC
[0m[32m14:37:24,641 FINE  [jakarta.enterprise.resource.webcontainer.faces.lifecycle] (default task-1) Exiting RestoreViewPhase
[0m[32m14:37:24,641 FINE  [jakarta.enterprise.resource.webcontainer.faces.timing] (default task-1)  [TIMING] - [3ms] : Execution time for phase (including any PhaseListeners) -> RESTORE_VIEW 1
[0m[32m14:37:24,641 FINE  [jakarta.enterprise.resource.webcontainer.faces.lifecycle] (default task-1) render(com.sun.faces.context.FacesContextImpl@34be8061)
[0m[32m14:37:24,641 FINE  [jakarta.enterprise.resource.webcontainer.faces.lifecycle] (default task-1) Entering RenderResponsePhase
[0m[32m14:37:24,641 FINE  [jakarta.enterprise.resource.webcontainer.faces.lifecycle] (default task-1) About to render view /index.xhtml
[0m[32m14:37:24,641 FINE  [jakarta.enterprise.resource.webcontainer.faces.application] (default task-1) Building View: /index.xhtml
[0m[32m14:37:24,642 FINE  [jakarta.enterprise.resource.webcontainer.faces.application] (default task-1) Created component with component type of 'jakarta.faces.Output'
[0m[32m14:37:24,642 FINE  [jakarta.enterprise.resource.webcontainer.faces.facelets.tag.component] (default task-1) /index.xhtml @6,11 <h:head> Component[2059540600_7ac2185f] Created: jakarta.faces.component.UIOutput
[0m[32m14:37:24,642 FINE  [jakarta.enterprise.resource.webcontainer.faces.application] (default task-1) Created component with component type of 'jakarta.faces.OutputBody'
[0m[32m14:37:24,642 FINE  [jakarta.enterprise.resource.webcontainer.faces.facelets.tag.component] (default task-1) /index.xhtml @10,11 <h:body> Component[2059540600_7ac21839] Created: jakarta.faces.component.html.HtmlBody
[0m[32m14:37:24,642 FINE  [jakarta.enterprise.resource.webcontainer.faces.application] (default task-1) Created component with component type of 'jakarta.faces.HtmlPanelGroup'
[0m[32m14:37:24,642 FINE  [jakarta.enterprise.resource.webcontainer.faces.facelets.tag.component] (default task-1) /index.xhtml @13,60 <h:panelGroup> Component[2059540600_7ac21823] Created: jakarta.faces.component.html.HtmlPanelGroup
[0m[32m14:37:24,643 FINE  [jakarta.enterprise.resource.webcontainer.faces.application] (default task-1) Created component with component type of 'jakarta.faces.HtmlOutputText'
[0m[32m14:37:24,643 FINE  [jakarta.enterprise.resource.webcontainer.faces.facelets.tag.component] (default task-1) /index.xhtml @15,61 <h:outputText> Component[2059540600_7ac2180d] Created: jakarta.faces.component.html.HtmlOutputText
[0m[32m14:37:24,643 FINE  [jakarta.enterprise.resource.webcontainer.faces.application] (default task-1) Created component with component type of 'jakarta.faces.HtmlPanelGroup'
[0m[32m14:37:24,643 FINE  [jakarta.enterprise.resource.webcontainer.faces.facelets.tag.component] (default task-1) /index.xhtml @17,60 <h:panelGroup> Component[2059540600_7ac218fa] Created: jakarta.faces.component.html.HtmlPanelGroup
[0m[32m14:37:24,643 FINE  [jakarta.enterprise.resource.webcontainer.faces.application] (default task-1) Created component with component type of 'jakarta.faces.HtmlOutputText'
[0m[32m14:37:24,643 FINE  [jakarta.enterprise.resource.webcontainer.faces.facelets.tag.component] (default task-1) /index.xhtml @19,60 <h:outputText> Component[2059540600_7ac218e4] Created: jakarta.faces.component.html.HtmlOutputText
[0m[32m14:37:24,643 FINE  [jakarta.enterprise.resource.webcontainer.faces.application] (default task-1) Created component with component type of 'jakarta.faces.HtmlPanelGroup'
[0m[32m14:37:24,643 FINE  [jakarta.enterprise.resource.webcontainer.faces.facelets.tag.component] (default task-1) /index.xhtml @21,61 <h:panelGroup> Component[2059540600_7ac218d1] Created: jakarta.faces.component.html.HtmlPanelGroup
[0m[32m14:37:24,643 FINE  [jakarta.enterprise.resource.webcontainer.faces.application] (default task-1) Created component with component type of 'jakarta.faces.HtmlOutputText'
[0m[32m14:37:24,643 FINE  [jakarta.enterprise.resource.webcontainer.faces.facelets.tag.component] (default task-1) /index.xhtml @23,59 <h:outputText> Component[2059540600_7ac218bb] Created: jakarta.faces.component.html.HtmlOutputText
[0m[32m14:37:24,644 FINE  [jakarta.enterprise.resource.webcontainer.faces.application] (default task-1) Created component with component type of 'jakarta.faces.HtmlForm'
[0m[32m14:37:24,644 FINE  [jakarta.enterprise.resource.webcontainer.faces.facelets.tag.component] (default task-1) /index.xhtml @26,11 <h:form> Component[2059540600_7ac218a8] Created: jakarta.faces.component.html.HtmlForm
[0m[32m14:37:24,644 FINE  [jakarta.enterprise.resource.webcontainer.faces.application] (default task-1) Created component with component type of 'jakarta.faces.HtmlPanelGroup'
[0m[32m14:37:24,644 FINE  [jakarta.enterprise.resource.webcontainer.faces.facelets.tag.component] (default task-1) /index.xhtml @27,62 <h:panelGroup> Component[2059540600_7ac21892] Created: jakarta.faces.component.html.HtmlPanelGroup
[0m[32m14:37:24,644 FINE  [jakarta.enterprise.resource.webcontainer.faces.application] (default task-1) Created component with component type of 'jakarta.faces.HtmlCommandButton'
[0m[32m14:37:24,644 FINE  [jakarta.enterprise.resource.webcontainer.faces.facelets.tag.component] (default task-1) /index.xhtml @29,119 <h:commandButton> Component[2059540600_7ac2197c] Created: jakarta.faces.component.html.HtmlCommandButton
[0m[32m14:37:24,644 FINE  [jakarta.enterprise.resource.webcontainer.faces.application] (default task-1) Created component with component type of 'jakarta.faces.HtmlCommandButton'
[0m[32m14:37:24,644 FINE  [jakarta.enterprise.resource.webcontainer.faces.facelets.tag.component] (default task-1) /index.xhtml @30,112 <h:commandButton> Component[2059540600_7ac21969] Created: jakarta.faces.component.html.HtmlCommandButton
[0m[32m14:37:24,644 FINE  [jakarta.enterprise.resource.webcontainer.faces.application] (default task-1) Created component with component type of 'jakarta.faces.HtmlPanelGroup'
[0m[32m14:37:24,644 FINE  [jakarta.enterprise.resource.webcontainer.faces.facelets.tag.component] (default task-1) /index.xhtml @33,34 <h:panelGroup> Component[2059540600_7ac21966] Created: jakarta.faces.component.html.HtmlPanelGroup
[0m[32m14:37:24,644 FINE  [jakarta.enterprise.resource.webcontainer.faces.application] (default task-1) Created component with component type of 'jakarta.faces.HtmlCommandButton'
[0m[32m14:37:24,644 FINE  [jakarta.enterprise.resource.webcontainer.faces.facelets.tag.component] (default task-1) /index.xhtml @35,124 <h:commandButton> Component[2059540600_7ac21940] Created: jakarta.faces.component.html.HtmlCommandButton
[0m[32m14:37:24,645 FINE  [jakarta.enterprise.resource.webcontainer.faces.application] (default task-1) Created component with component type of 'jakarta.faces.HtmlCommandButton'
[0m[32m14:37:24,645 FINE  [jakarta.enterprise.resource.webcontainer.faces.facelets.tag.component] (default task-1) /index.xhtml @36,117 <h:commandButton> Component[2059540600_7ac2193d] Created: jakarta.faces.component.html.HtmlCommandButton
[0m[32m14:37:24,645 FINE  [jakarta.enterprise.resource.webcontainer.faces.application] (default task-1) Rendering View: /index.xhtml
[0m[32m14:37:24,647 DEBUG [org.wildfly.clustering.marshalling.ByteBufferMarshalledValue] (default task-1) Marshalled size of java.util.concurrent.ConcurrentHashMap object = 588 bytes
[0m[32m14:37:24,658 FINE  [jakarta.enterprise.resource.webcontainer.faces.renderkit] (default task-1) component.getValue() returned ADjORfIAp5CsdzTAFda8aqUPXOGYMpjha9wGbnIx
[0m[32m14:37:24,658 FINE  [jakarta.enterprise.resource.webcontainer.faces.renderkit] (default task-1) Value to be rendered ADjORfIAp5CsdzTAFda8aqUPXOGYMpjha9wGbnIx
[0m[32m14:37:24,659 FINE  [jakarta.enterprise.resource.webcontainer.faces.renderkit] (default task-1) component.getValue() returned 060a48fb51ef
[0m[32m14:37:24,659 FINE  [jakarta.enterprise.resource.webcontainer.faces.renderkit] (default task-1) Value to be rendered 060a48fb51ef
[0m[32m14:37:24,659 FINE  [jakarta.enterprise.resource.webcontainer.faces.renderkit] (default task-1) component.getValue() returned 0
[0m[32m14:37:24,659 FINE  [jakarta.enterprise.resource.webcontainer.faces.application] (default task-1) Created converter of type 'jakarta.faces.convert.IntegerConverter'
[0m[32m14:37:24,659 FINE  [jakarta.enterprise.resource.webcontainer.faces.renderkit] (default task-1) Value to be rendered 0
[0m[32m14:37:24,660 FINE  [jakarta.enterprise.resource.webcontainer.faces.application] (default task-1) Begin writing marker for viewId /index.xhtml
[0m[32m14:37:24,660 FINE  [jakarta.enterprise.resource.webcontainer.faces.application] (default task-1) End writing marker for viewId /index.xhtml
[0m[32m14:37:24,661 FINE  [jakarta.faces.component] (default task-1) j_id1
[0m[32m14:37:24,661 FINE  [jakarta.enterprise.resource.webcontainer.faces.lifecycle] (default task-1) Exiting RenderResponsePhase
[0m[32m14:37:24,661 FINE  [jakarta.enterprise.resource.webcontainer.faces.timing] (default task-1)  [TIMING] - [20ms] : Execution time for phase (including any PhaseListeners) -> RENDER_RESPONSE 6
[0m[32m14:37:24,662 DEBUG [io.undertow.request.io] (default task-1) UT005013: An IOException occurred: java.net.SocketException: Connection reset
	at java.base/sun.nio.ch.SocketChannelImpl.throwConnectionReset(SocketChannelImpl.java:401)
	at java.base/sun.nio.ch.SocketChannelImpl.read(SocketChannelImpl.java:434)
	at org.jboss.xnio.nio@3.8.16.Final-redhat-00001//org.xnio.nio.NioSocketConduit.read(NioSocketConduit.java:289)
	at org.jboss.xnio@3.8.16.Final-redhat-00001//org.xnio.conduits.AbstractStreamSourceConduit.read(AbstractStreamSourceConduit.java:51)
	at io.undertow.core@2.3.23.SP3-redhat-00001//io.undertow.conduits.ReadTimeoutStreamSourceConduit.read(ReadTimeoutStreamSourceConduit.java:181)
	at org.jboss.xnio@3.8.16.Final-redhat-00001//org.xnio.conduits.AbstractStreamSourceConduit.read(AbstractStreamSourceConduit.java:51)
	at io.undertow.core@2.3.23.SP3-redhat-00001//io.undertow.conduits.BytesReceivedStreamSourceConduit.read(BytesReceivedStreamSourceConduit.java:67)
	at org.jboss.xnio@3.8.16.Final-redhat-00001//org.xnio.conduits.ConduitStreamSourceChannel.read(ConduitStreamSourceChannel.java:127)
	at io.undertow.core@2.3.23.SP3-redhat-00001//io.undertow.util.ConnectionUtils.doDrain(ConnectionUtils.java:96)
	at io.undertow.core@2.3.23.SP3-redhat-00001//io.undertow.util.ConnectionUtils.cleanClose(ConnectionUtils.java:74)
	at io.undertow.core@2.3.23.SP3-redhat-00001//io.undertow.server.protocol.http.HttpReadListener.exchangeComplete(HttpReadListener.java:374)
	at io.undertow.core@2.3.23.SP3-redhat-00001//io.undertow.server.protocol.http.HttpServerConnection.exchangeComplete(HttpServerConnection.java:244)
	at io.undertow.core@2.3.23.SP3-redhat-00001//io.undertow.server.HttpServerExchange$ExchangeCompleteNextListener.proceed(HttpServerExchange.java:2062)
	at io.undertow.core@2.3.23.SP3-redhat-00001//io.undertow.server.ConnectorStatisticsImpl$1.exchangeEvent(ConnectorStatisticsImpl.java:75)
	at io.undertow.core@2.3.23.SP3-redhat-00001//io.undertow.server.HttpServerExchange$ExchangeCompleteNextListener.proceed(HttpServerExchange.java:2060)
	at io.undertow.core@2.3.23.SP3-redhat-00001//io.undertow.server.handlers.MetricsHandler$2.exchangeEvent(MetricsHandler.java:60)
	at io.undertow.core@2.3.23.SP3-redhat-00001//io.undertow.server.HttpServerExchange.invokeExchangeCompleteListeners(HttpServerExchange.java:1436)
	at io.undertow.core@2.3.23.SP3-redhat-00001//io.undertow.server.HttpServerExchange.terminateResponse(HttpServerExchange.java:1723)
	at io.undertow.core@2.3.23.SP3-redhat-00001//io.undertow.server.Connectors.terminateResponse(Connectors.java:198)
	at io.undertow.core@2.3.23.SP3-redhat-00001//io.undertow.server.protocol.http.ServerFixedLengthStreamSinkConduit.channelFinished(ServerFixedLengthStreamSinkConduit.java:58)
	at io.undertow.core@2.3.23.SP3-redhat-00001//io.undertow.conduits.AbstractFixedLengthStreamSinkConduit.exitFlush(AbstractFixedLengthStreamSinkConduit.java:316)
	at io.undertow.core@2.3.23.SP3-redhat-00001//io.undertow.conduits.AbstractFixedLengthStreamSinkConduit.flush(AbstractFixedLengthStreamSinkConduit.java:234)
	at org.jboss.xnio@3.8.16.Final-redhat-00001//org.xnio.conduits.ConduitStreamSinkChannel.flush(ConduitStreamSinkChannel.java:162)
	at io.undertow.core@2.3.23.SP3-redhat-00001//io.undertow.channels.DetachableStreamSinkChannel.flush(DetachableStreamSinkChannel.java:119)
	at org.jboss.xnio@3.8.16.Final-redhat-00001//org.xnio.channels.Channels.flushBlocking(Channels.java:63)
	at io.undertow.servlet@2.3.23.SP3-redhat-00001//io.undertow.servlet.spec.ServletOutputStreamImpl.close(ServletOutputStreamImpl.java:654)
	at io.undertow.servlet@2.3.23.SP3-redhat-00001//io.undertow.servlet.spec.ServletPrintWriter.close(ServletPrintWriter.java:130)
	at io.undertow.servlet@2.3.23.SP3-redhat-00001//io.undertow.servlet.spec.ServletPrintWriterDelegate.close(ServletPrintWriterDelegate.java:79)
	at io.undertow.servlet@2.3.23.SP3-redhat-00001//io.undertow.servlet.spec.HttpServletResponseImpl.closeStreamAndWriter(HttpServletResponseImpl.java:505)
	at io.undertow.servlet@2.3.23.SP3-redhat-00001//io.undertow.servlet.spec.HttpServletResponseImpl.responseDone(HttpServletResponseImpl.java:606)
	at io.undertow.servlet@2.3.23.SP3-redhat-00001//io.undertow.servlet.handlers.ServletInitialHandler.handleFirstRequest(ServletInitialHandler.java:330)
	at io.undertow.servlet@2.3.23.SP3-redhat-00001//io.undertow.servlet.handlers.ServletInitialHandler$1.call(ServletInitialHandler.java:130)
	at io.undertow.servlet@2.3.23.SP3-redhat-00001//io.undertow.servlet.handlers.ServletInitialHandler$1.call(ServletInitialHandler.java:127)
	at io.undertow.servlet@2.3.23.SP3-redhat-00001//io.undertow.servlet.core.ServletRequestContextThreadSetupAction$1.call(ServletRequestContextThreadSetupAction.java:48)
	at io.undertow.servlet@2.3.23.SP3-redhat-00001//io.undertow.servlet.core.ContextClassLoaderSetupAction$1.call(ContextClassLoaderSetupAction.java:43)
	at org.wildfly.extension.undertow@8.1.1.GA-redhat-00012//org.wildfly.extension.undertow.deployment.UndertowDeploymentInfoService$UndertowThreadSetupAction.lambda$create$0(UndertowDeploymentInfoService.java:1421)
	at org.wildfly.extension.undertow@8.1.1.GA-redhat-00012//org.wildfly.extension.undertow.deployment.UndertowDeploymentInfoService$UndertowThreadSetupAction.lambda$create$0(UndertowDeploymentInfoService.java:1421)
	at org.wildfly.extension.undertow@8.1.1.GA-redhat-00012//org.wildfly.extension.undertow.deployment.UndertowDeploymentInfoService$UndertowThreadSetupAction.lambda$create$0(UndertowDeploymentInfoService.java:1421)
	at org.wildfly.extension.undertow@8.1.1.GA-redhat-00012//org.wildfly.extension.undertow.deployment.UndertowDeploymentInfoService$UndertowThreadSetupAction.lambda$create$0(UndertowDeploymentInfoService.java:1421)
	at io.undertow.servlet@2.3.23.SP3-redhat-00001//io.undertow.servlet.handlers.ServletInitialHandler.dispatchRequest(ServletInitialHandler.java:251)
	at io.undertow.servlet@2.3.23.SP3-redhat-00001//io.undertow.servlet.handlers.ServletInitialHandler.lambda$new$1(ServletInitialHandler.java:99)
	at io.undertow.core@2.3.23.SP3-redhat-00001//io.undertow.server.Connectors.executeRootHandler(Connectors.java:418)
	at io.undertow.core@2.3.23.SP3-redhat-00001//io.undertow.server.HttpServerExchange$1.run(HttpServerExchange.java:938)
	at org.jboss.threads@2.5.0.redhat-00001//org.jboss.threads.ContextClassLoaderSavingRunnable.run(ContextClassLoaderSavingRunnable.java:35)
	at org.jboss.threads@2.5.0.redhat-00001//org.jboss.threads.EnhancedQueueExecutor.safeRun(EnhancedQueueExecutor.java:2024)
	at org.jboss.threads@2.5.0.redhat-00001//org.jboss.threads.EnhancedQueueExecutor$ThreadBody.doRunTask(EnhancedQueueExecutor.java:1520)
	at org.jboss.threads@2.5.0.redhat-00001//org.jboss.threads.EnhancedQueueExecutor$ThreadBody.run(EnhancedQueueExecutor.java:1411)
	at org.jboss.xnio@3.8.16.Final-redhat-00001//org.xnio.XnioWorker$WorkerThreadFactory$1$1.run(XnioWorker.java:1282)
	at java.base/java.lang.Thread.run(Thread.java:1583)

[0m[32m14:37:24,664 DEBUG [org.wildfly.clustering.marshalling.ByteBufferMarshalledValue] (default task-1) Marshalled size of java.util.concurrent.ConcurrentHashMap object = 1884 bytes
[0m[32m14:37:26,666 DEBUG [io.undertow.request] (default I/O-8) Matched default handler path /index.xhtml
[0m[32m14:37:26,667 FINE  [jakarta.enterprise.resource.webcontainer.faces.lifecycle] (default task-1) execute(com.sun.faces.context.FacesContextImpl@1ee137c)
[0m[32m14:37:26,667 FINE  [jakarta.enterprise.resource.webcontainer.faces.lifecycle] (default task-1) Entering RestoreViewPhase
[0m[32m14:37:26,667 FINE  [jakarta.enterprise.resource.webcontainer.faces.application] (default task-1) Created component with component type of 'jakarta.faces.ViewRoot'
[0m[32m14:37:26,668 FINE  [jakarta.enterprise.resource.webcontainer.faces.application] (default task-1) Created component with component type of 'jakarta.faces.ViewRoot'
[0m[32m14:37:26,668 FINE  [jakarta.enterprise.resource.webcontainer.faces.application] (default task-1) Created component with component type of 'jakarta.faces.ViewRoot'
[0m[32m14:37:26,668 FINE  [jakarta.enterprise.resource.webcontainer.faces.lifecycle] (default task-1) New request: creating a view for /index.xhtml
[0m[32m14:37:26,668 FINE  [jakarta.enterprise.resource.webcontainer.faces.application] (default task-1) Created component with component type of 'jakarta.faces.ViewRoot'
[0m[32m14:37:26,668 FINE  [jakarta.enterprise.resource.webcontainer.faces.application] (default task-1) Created new view for /index.xhtml
[0m[32m14:37:26,668 FINE  [jakarta.enterprise.resource.webcontainer.faces.application] (default task-1) Locale for this view as determined by calculateLocale en_US
[0m[32m14:37:26,668 FINE  [jakarta.enterprise.resource.webcontainer.faces.application] (default task-1) Created component with component type of 'jakarta.faces.ViewRoot'
[0m[32m14:37:26,668 FINE  [jakarta.enterprise.resource.webcontainer.faces.application] (default task-1) RenderKitId for this view as determined by calculateRenderKitId HTML_BASIC
[0m[32m14:37:26,669 FINE  [jakarta.enterprise.resource.webcontainer.faces.lifecycle] (default task-1) Exiting RestoreViewPhase
[0m[32m14:37:26,669 FINE  [jakarta.enterprise.resource.webcontainer.faces.timing] (default task-1)  [TIMING] - [2ms] : Execution time for phase (including any PhaseListeners) -> RESTORE_VIEW 1
[0m[32m14:37:26,670 FINE  [jakarta.enterprise.resource.webcontainer.faces.lifecycle] (default task-1) render(com.sun.faces.context.FacesContextImpl@1ee137c)
[0m[32m14:37:26,670 FINE  [jakarta.enterprise.resource.webcontainer.faces.lifecycle] (default task-1) Entering RenderResponsePhase
[0m[32m14:37:26,670 FINE  [jakarta.enterprise.resource.webcontainer.faces.lifecycle] (default task-1) About to render view /index.xhtml
[0m[32m14:37:26,670 FINE  [jakarta.enterprise.resource.webcontainer.faces.application] (default task-1) Building View: /index.xhtml
[0m[32m14:37:26,670 FINE  [jakarta.enterprise.resource.webcontainer.faces.application] (default task-1) Created component with component type of 'jakarta.faces.Output'
[0m[32m14:37:26,671 FINE  [jakarta.enterprise.resource.webcontainer.faces.facelets.tag.component] (default task-1) /index.xhtml @6,11 <h:head> Component[2059540600_7ac2185f] Created: jakarta.faces.component.UIOutput
[0m[32m14:37:26,671 FINE  [jakarta.enterprise.resource.webcontainer.faces.application] (default task-1) Created component with component type of 'jakarta.faces.OutputBody'
[0m[32m14:37:26,671 FINE  [jakarta.enterprise.resource.webcontainer.faces.facelets.tag.component] (default task-1) /index.xhtml @10,11 <h:body> Component[2059540600_7ac21839] Created: jakarta.faces.component.html.HtmlBody
[0m[32m14:37:26,671 FINE  [jakarta.enterprise.resource.webcontainer.faces.application] (default task-1) Created component with component type of 'jakarta.faces.HtmlPanelGroup'
[0m[32m14:37:26,671 FINE  [jakarta.enterprise.resource.webcontainer.faces.facelets.tag.component] (default task-1) /index.xhtml @13,60 <h:panelGroup> Component[2059540600_7ac21823] Created: jakarta.faces.component.html.HtmlPanelGroup
[0m[32m14:37:26,671 FINE  [jakarta.enterprise.resource.webcontainer.faces.application] (default task-1) Created component with component type of 'jakarta.faces.HtmlOutputText'
[0m[32m14:37:26,671 FINE  [jakarta.enterprise.resource.webcontainer.faces.facelets.tag.component] (default task-1) /index.xhtml @15,61 <h:outputText> Component[2059540600_7ac2180d] Created: jakarta.faces.component.html.HtmlOutputText
[0m[32m14:37:26,671 FINE  [jakarta.enterprise.resource.webcontainer.faces.application] (default task-1) Created component with component type of 'jakarta.faces.HtmlPanelGroup'
[0m[32m14:37:26,671 FINE  [jakarta.enterprise.resource.webcontainer.faces.facelets.tag.component] (default task-1) /index.xhtml @17,60 <h:panelGroup> Component[2059540600_7ac218fa] Created: jakarta.faces.component.html.HtmlPanelGroup
[0m[32m14:37:26,671 FINE  [jakarta.enterprise.resource.webcontainer.faces.application] (default task-1) Created component with component type of 'jakarta.faces.HtmlOutputText'
[0m[32m14:37:26,671 FINE  [jakarta.enterprise.resource.webcontainer.faces.facelets.tag.component] (default task-1) /index.xhtml @19,60 <h:outputText> Component[2059540600_7ac218e4] Created: jakarta.faces.component.html.HtmlOutputText
[0m[32m14:37:26,672 FINE  [jakarta.enterprise.resource.webcontainer.faces.application] (default task-1) Created component with component type of 'jakarta.faces.HtmlPanelGroup'
[0m[32m14:37:26,672 FINE  [jakarta.enterprise.resource.webcontainer.faces.facelets.tag.component] (default task-1) /index.xhtml @21,61 <h:panelGroup> Component[2059540600_7ac218d1] Created: jakarta.faces.component.html.HtmlPanelGroup
[0m[32m14:37:26,672 FINE  [jakarta.enterprise.resource.webcontainer.faces.application] (default task-1) Created component with component type of 'jakarta.faces.HtmlOutputText'
[0m[32m14:37:26,672 FINE  [jakarta.enterprise.resource.webcontainer.faces.facelets.tag.component] (default task-1) /index.xhtml @23,59 <h:outputText> Component[2059540600_7ac218bb] Created: jakarta.faces.component.html.HtmlOutputText
[0m[32m14:37:26,672 FINE  [jakarta.enterprise.resource.webcontainer.faces.application] (default task-1) Created component with component type of 'jakarta.faces.HtmlForm'
[0m[32m14:37:26,672 FINE  [jakarta.enterprise.resource.webcontainer.faces.facelets.tag.component] (default task-1) /index.xhtml @26,11 <h:form> Component[2059540600_7ac218a8] Created: jakarta.faces.component.html.HtmlForm
[0m[32m14:37:26,672 FINE  [jakarta.enterprise.resource.webcontainer.faces.application] (default task-1) Created component with component type of 'jakarta.faces.HtmlPanelGroup'
[0m[32m14:37:26,672 FINE  [jakarta.enterprise.resource.webcontainer.faces.facelets.tag.component] (default task-1) /index.xhtml @27,62 <h:panelGroup> Component[2059540600_7ac21892] Created: jakarta.faces.component.html.HtmlPanelGroup
[0m[32m14:37:26,672 FINE  [jakarta.enterprise.resource.webcontainer.faces.application] (default task-1) Created component with component type of 'jakarta.faces.HtmlCommandButton'
[0m[32m14:37:26,673 FINE  [jakarta.enterprise.resource.webcontainer.faces.facelets.tag.component] (default task-1) /index.xhtml @29,119 <h:commandButton> Component[2059540600_7ac2197c] Created: jakarta.faces.component.html.HtmlCommandButton
[0m[32m14:37:26,673 FINE  [jakarta.enterprise.resource.webcontainer.faces.application] (default task-1) Created component with component type of 'jakarta.faces.HtmlCommandButton'
[0m[32m14:37:26,673 FINE  [jakarta.enterprise.resource.webcontainer.faces.facelets.tag.component] (default task-1) /index.xhtml @30,112 <h:commandButton> Component[2059540600_7ac21969] Created: jakarta.faces.component.html.HtmlCommandButton
[0m[32m14:37:26,673 FINE  [jakarta.enterprise.resource.webcontainer.faces.application] (default task-1) Created component with component type of 'jakarta.faces.HtmlPanelGroup'
[0m[32m14:37:26,673 FINE  [jakarta.enterprise.resource.webcontainer.faces.facelets.tag.component] (default task-1) /index.xhtml @33,34 <h:panelGroup> Component[2059540600_7ac21966] Created: jakarta.faces.component.html.HtmlPanelGroup
[0m[32m14:37:26,673 FINE  [jakarta.enterprise.resource.webcontainer.faces.application] (default task-1) Created component with component type of 'jakarta.faces.HtmlCommandButton'
[0m[32m14:37:26,673 FINE  [jakarta.enterprise.resource.webcontainer.faces.facelets.tag.component] (default task-1) /index.xhtml @35,124 <h:commandButton> Component[2059540600_7ac21940] Created: jakarta.faces.component.html.HtmlCommandButton
[0m[32m14:37:26,673 FINE  [jakarta.enterprise.resource.webcontainer.faces.application] (default task-1) Created component with component type of 'jakarta.faces.HtmlCommandButton'
[0m[32m14:37:26,673 FINE  [jakarta.enterprise.resource.webcontainer.faces.facelets.tag.component] (default task-1) /index.xhtml @36,117 <h:commandButton> Component[2059540600_7ac2193d] Created: jakarta.faces.component.html.HtmlCommandButton
[0m[32m14:37:26,674 FINE  [jakarta.enterprise.resource.webcontainer.faces.application] (default task-1) Rendering View: /index.xhtml
[0m[32m14:37:26,676 DEBUG [org.wildfly.clustering.marshalling.ByteBufferMarshalledValue] (default task-1) Marshalled size of java.util.concurrent.ConcurrentHashMap object = 588 bytes
[0m[32m14:37:26,677 FINE  [jakarta.enterprise.resource.webcontainer.faces.renderkit] (default task-1) component.getValue() returned cUZMUq1_uZ7bjmXVnCw301nijdpmSe949Eevxk7W
[0m[32m14:37:26,678 FINE  [jakarta.enterprise.resource.webcontainer.faces.renderkit] (default task-1) Value to be rendered cUZMUq1_uZ7bjmXVnCw301nijdpmSe949Eevxk7W
[0m[32m14:37:26,678 FINE  [jakarta.enterprise.resource.webcontainer.faces.renderkit] (default task-1) component.getValue() returned 060a48fb51ef
[0m[32m14:37:26,678 FINE  [jakarta.enterprise.resource.webcontainer.faces.renderkit] (default task-1) Value to be rendered 060a48fb51ef
[0m[32m14:37:26,678 FINE  [jakarta.enterprise.resource.webcontainer.faces.renderkit] (default task-1) component.getValue() returned 0
[0m[32m14:37:26,678 FINE  [jakarta.enterprise.resource.webcontainer.faces.application] (default task-1) Created converter of type 'jakarta.faces.convert.IntegerConverter'
[0m[32m14:37:26,678 FINE  [jakarta.enterprise.resource.webcontainer.faces.renderkit] (default task-1) Value to be rendered 0
[0m[32m14:37:26,679 FINE  [jakarta.enterprise.resource.webcontainer.faces.application] (default task-1) Begin writing marker for viewId /index.xhtml
[0m[32m14:37:26,679 FINE  [jakarta.enterprise.resource.webcontainer.faces.application] (default task-1) End writing marker for viewId /index.xhtml
[0m[32m14:37:26,680 FINE  [jakarta.faces.component] (default task-1) j_id1
[0m[32m14:37:26,680 FINE  [jakarta.enterprise.resource.webcontainer.faces.lifecycle] (default task-1) Exiting RenderResponsePhase
[0m[32m14:37:26,680 FINE  [jakarta.enterprise.resource.webcontainer.faces.timing] (default task-1)  [TIMING] - [10ms] : Execution time for phase (including any PhaseListeners) -> RENDER_RESPONSE 6
[0m[32m14:37:26,681 DEBUG [io.undertow.request.io] (default I/O-8) UT005013: An IOException occurred: java.net.SocketException: Connection reset
	at java.base/sun.nio.ch.SocketChannelImpl.throwConnectionReset(SocketChannelImpl.java:401)
	at java.base/sun.nio.ch.SocketChannelImpl.read(SocketChannelImpl.java:434)
	at org.jboss.xnio.nio@3.8.16.Final-redhat-00001//org.xnio.nio.NioSocketConduit.read(NioSocketConduit.java:289)
	at org.jboss.xnio@3.8.16.Final-redhat-00001//org.xnio.conduits.AbstractStreamSourceConduit.read(AbstractStreamSourceConduit.java:51)
	at io.undertow.core@2.3.23.SP3-redhat-00001//io.undertow.conduits.ReadTimeoutStreamSourceConduit.read(ReadTimeoutStreamSourceConduit.java:181)
	at org.jboss.xnio@3.8.16.Final-redhat-00001//org.xnio.conduits.AbstractStreamSourceConduit.read(AbstractStreamSourceConduit.java:51)
	at io.undertow.core@2.3.23.SP3-redhat-00001//io.undertow.conduits.BytesReceivedStreamSourceConduit.read(BytesReceivedStreamSourceConduit.java:67)
	at org.jboss.xnio@3.8.16.Final-redhat-00001//org.xnio.conduits.ConduitStreamSourceChannel.read(ConduitStreamSourceChannel.java:127)
	at io.undertow.core@2.3.23.SP3-redhat-00001//io.undertow.util.ConnectionUtils$4.handleEvent(ConnectionUtils.java:110)
	at io.undertow.core@2.3.23.SP3-redhat-00001//io.undertow.util.ConnectionUtils$4.handleEvent(ConnectionUtils.java:106)
	at org.jboss.xnio@3.8.16.Final-redhat-00001//org.xnio.ChannelListeners.invokeChannelListener(ChannelListeners.java:92)
	at org.jboss.xnio@3.8.16.Final-redhat-00001//org.xnio.conduits.ReadReadyHandler$ChannelListenerHandler.readReady(ReadReadyHandler.java:66)
	at io.undertow.core@2.3.23.SP3-redhat-00001//io.undertow.conduits.ReadTimeoutStreamSourceConduit$2.readReady(ReadTimeoutStreamSourceConduit.java:106)
	at org.jboss.xnio.nio@3.8.16.Final-redhat-00001//org.xnio.nio.NioSocketConduit.handleReady(NioSocketConduit.java:89)
	at org.jboss.xnio.nio@3.8.16.Final-redhat-00001//org.xnio.nio.WorkerThread.run(WorkerThread.java:603)

[0m[32m14:37:26,682 DEBUG [org.wildfly.clustering.marshalling.ByteBufferMarshalledValue] (default task-1) Marshalled size of java.util.concurrent.ConcurrentHashMap object = 1884 bytes
[0m[32m14:37:27,908 DEBUG [org.jgroups.protocols.dns.DNS_PING] (thread-12,ee,060a48fb51ef) 060a48fb51ef: entries collected from DNS (in 0 ms): [172.21.0.3:0, 172.21.0.4:0]
[0m[32m14:37:27,909 DEBUG [org.jgroups.protocols.dns.DNS_PING] (thread-12,ee,060a48fb51ef) 060a48fb51ef: sending discovery requests to hosts [172.21.0.3:0, 172.21.0.4:0] on ports [7600 .. 7600]
[0m[32m14:37:28,683 DEBUG [io.undertow.request] (default I/O-7) Matched default handler path /index.xhtml
[0m[32m14:37:28,684 FINE  [jakarta.enterprise.resource.webcontainer.faces.lifecycle] (default task-1) execute(com.sun.faces.context.FacesContextImpl@4b605394)
[0m[32m14:37:28,684 FINE  [jakarta.enterprise.resource.webcontainer.faces.lifecycle] (default task-1) Entering RestoreViewPhase
[0m[32m14:37:28,684 FINE  [jakarta.enterprise.resource.webcontainer.faces.application] (default task-1) Created component with component type of 'jakarta.faces.ViewRoot'
[0m[32m14:37:28,684 FINE  [jakarta.enterprise.resource.webcontainer.faces.application] (default task-1) Created component with component type of 'jakarta.faces.ViewRoot'
[0m[32m14:37:28,684 FINE  [jakarta.enterprise.resource.webcontainer.faces.application] (default task-1) Created component with component type of 'jakarta.faces.ViewRoot'
[0m[32m14:37:28,685 FINE  [jakarta.enterprise.resource.webcontainer.faces.lifecycle] (default task-1) New request: creating a view for /index.xhtml
[0m[32m14:37:28,685 FINE  [jakarta.enterprise.resource.webcontainer.faces.application] (default task-1) Created component with component type of 'jakarta.faces.ViewRoot'
[0m[32m14:37:28,685 FINE  [jakarta.enterprise.resource.webcontainer.faces.application] (default task-1) Created new view for /index.xhtml
[0m[32m14:37:28,685 FINE  [jakarta.enterprise.resource.webcontainer.faces.application] (default task-1) Locale for this view as determined by calculateLocale en_US
[0m[32m14:37:28,685 FINE  [jakarta.enterprise.resource.webcontainer.faces.application] (default task-1) Created component with component type of 'jakarta.faces.ViewRoot'
[0m[32m14:37:28,685 FINE  [jakarta.enterprise.resource.webcontainer.faces.application] (default task-1) RenderKitId for this view as determined by calculateRenderKitId HTML_BASIC
[0m[32m14:37:28,686 FINE  [jakarta.enterprise.resource.webcontainer.faces.lifecycle] (default task-1) Exiting RestoreViewPhase
[0m[32m14:37:28,686 FINE  [jakarta.enterprise.resource.webcontainer.faces.timing] (default task-1)  [TIMING] - [2ms] : Execution time for phase (including any PhaseListeners) -> RESTORE_VIEW 1
[0m[32m14:37:28,686 FINE  [jakarta.enterprise.resource.webcontainer.faces.lifecycle] (default task-1) render(com.sun.faces.context.FacesContextImpl@4b605394)
[0m[32m14:37:28,686 FINE  [jakarta.enterprise.resource.webcontainer.faces.lifecycle] (default task-1) Entering RenderResponsePhase
[0m[32m14:37:28,686 FINE  [jakarta.enterprise.resource.webcontainer.faces.lifecycle] (default task-1) About to render view /index.xhtml
[0m[32m14:37:28,686 FINE  [jakarta.enterprise.resource.webcontainer.faces.application] (default task-1) Building View: /index.xhtml
[0m[32m14:37:28,686 FINE  [jakarta.enterprise.resource.webcontainer.faces.application] (default task-1) Created component with component type of 'jakarta.faces.Output'
[0m[32m14:37:28,686 FINE  [jakarta.enterprise.resource.webcontainer.faces.facelets.tag.component] (default task-1) /index.xhtml @6,11 <h:head> Component[2059540600_7ac2185f] Created: jakarta.faces.component.UIOutput
[0m[32m14:37:28,686 FINE  [jakarta.enterprise.resource.webcontainer.faces.application] (default task-1) Created component with component type of 'jakarta.faces.OutputBody'
[0m[32m14:37:28,687 FINE  [jakarta.enterprise.resource.webcontainer.faces.facelets.tag.component] (default task-1) /index.xhtml @10,11 <h:body> Component[2059540600_7ac21839] Created: jakarta.faces.component.html.HtmlBody
[0m[32m14:37:28,687 FINE  [jakarta.enterprise.resource.webcontainer.faces.application] (default task-1) Created component with component type of 'jakarta.faces.HtmlPanelGroup'
[0m[32m14:37:28,687 FINE  [jakarta.enterprise.resource.webcontainer.faces.facelets.tag.component] (default task-1) /index.xhtml @13,60 <h:panelGroup> Component[2059540600_7ac21823] Created: jakarta.faces.component.html.HtmlPanelGroup
[0m[32m14:37:28,687 FINE  [jakarta.enterprise.resource.webcontainer.faces.application] (default task-1) Created component with component type of 'jakarta.faces.HtmlOutputText'
[0m[32m14:37:28,687 FINE  [jakarta.enterprise.resource.webcontainer.faces.facelets.tag.component] (default task-1) /index.xhtml @15,61 <h:outputText> Component[2059540600_7ac2180d] Created: jakarta.faces.component.html.HtmlOutputText
[0m[32m14:37:28,687 FINE  [jakarta.enterprise.resource.webcontainer.faces.application] (default task-1) Created component with component type of 'jakarta.faces.HtmlPanelGroup'
[0m[32m14:37:28,687 FINE  [jakarta.enterprise.resource.webcontainer.faces.facelets.tag.component] (default task-1) /index.xhtml @17,60 <h:panelGroup> Component[2059540600_7ac218fa] Created: jakarta.faces.component.html.HtmlPanelGroup
[0m[32m14:37:28,687 FINE  [jakarta.enterprise.resource.webcontainer.faces.application] (default task-1) Created component with component type of 'jakarta.faces.HtmlOutputText'
[0m[32m14:37:28,687 FINE  [jakarta.enterprise.resource.webcontainer.faces.facelets.tag.component] (default task-1) /index.xhtml @19,60 <h:outputText> Component[2059540600_7ac218e4] Created: jakarta.faces.component.html.HtmlOutputText
[0m[32m14:37:28,687 FINE  [jakarta.enterprise.resource.webcontainer.faces.application] (default task-1) Created component with component type of 'jakarta.faces.HtmlPanelGroup'
[0m[32m14:37:28,687 FINE  [jakarta.enterprise.resource.webcontainer.faces.facelets.tag.component] (default task-1) /index.xhtml @21,61 <h:panelGroup> Component[2059540600_7ac218d1] Created: jakarta.faces.component.html.HtmlPanelGroup
[0m[32m14:37:28,687 FINE  [jakarta.enterprise.resource.webcontainer.faces.application] (default task-1) Created component with component type of 'jakarta.faces.HtmlOutputText'
[0m[32m14:37:28,687 FINE  [jakarta.enterprise.resource.webcontainer.faces.facelets.tag.component] (default task-1) /index.xhtml @23,59 <h:outputText> Component[2059540600_7ac218bb] Created: jakarta.faces.component.html.HtmlOutputText
[0m[32m14:37:28,687 FINE  [jakarta.enterprise.resource.webcontainer.faces.application] (default task-1) Created component with component type of 'jakarta.faces.HtmlForm'
[0m[32m14:37:28,688 FINE  [jakarta.enterprise.resource.webcontainer.faces.facelets.tag.component] (default task-1) /index.xhtml @26,11 <h:form> Component[2059540600_7ac218a8] Created: jakarta.faces.component.html.HtmlForm
[0m[32m14:37:28,688 FINE  [jakarta.enterprise.resource.webcontainer.faces.application] (default task-1) Created component with component type of 'jakarta.faces.HtmlPanelGroup'
[0m[32m14:37:28,688 FINE  [jakarta.enterprise.resource.webcontainer.faces.facelets.tag.component] (default task-1) /index.xhtml @27,62 <h:panelGroup> Component[2059540600_7ac21892] Created: jakarta.faces.component.html.HtmlPanelGroup
[0m[32m14:37:28,688 FINE  [jakarta.enterprise.resource.webcontainer.faces.application] (default task-1) Created component with component type of 'jakarta.faces.HtmlCommandButton'
[0m[32m14:37:28,688 FINE  [jakarta.enterprise.resource.webcontainer.faces.facelets.tag.component] (default task-1) /index.xhtml @29,119 <h:commandButton> Component[2059540600_7ac2197c] Created: jakarta.faces.component.html.HtmlCommandButton
[0m[32m14:37:28,688 FINE  [jakarta.enterprise.resource.webcontainer.faces.application] (default task-1) Created component with component type of 'jakarta.faces.HtmlCommandButton'
[0m[32m14:37:28,688 FINE  [jakarta.enterprise.resource.webcontainer.faces.facelets.tag.component] (default task-1) /index.xhtml @30,112 <h:commandButton> Component[2059540600_7ac21969] Created: jakarta.faces.component.html.HtmlCommandButton
[0m[32m14:37:28,688 FINE  [jakarta.enterprise.resource.webcontainer.faces.application] (default task-1) Created component with component type of 'jakarta.faces.HtmlPanelGroup'
[0m[32m14:37:28,688 FINE  [jakarta.enterprise.resource.webcontainer.faces.facelets.tag.component] (default task-1) /index.xhtml @33,34 <h:panelGroup> Component[2059540600_7ac21966] Created: jakarta.faces.component.html.HtmlPanelGroup
[0m[32m14:37:28,688 FINE  [jakarta.enterprise.resource.webcontainer.faces.application] (default task-1) Created component with component type of 'jakarta.faces.HtmlCommandButton'
[0m[32m14:37:28,688 FINE  [jakarta.enterprise.resource.webcontainer.faces.facelets.tag.component] (default task-1) /index.xhtml @35,124 <h:commandButton> Component[2059540600_7ac21940] Created: jakarta.faces.component.html.HtmlCommandButton
[0m[32m14:37:28,688 FINE  [jakarta.enterprise.resource.webcontainer.faces.application] (default task-1) Created component with component type of 'jakarta.faces.HtmlCommandButton'
[0m[32m14:37:28,688 FINE  [jakarta.enterprise.resource.webcontainer.faces.facelets.tag.component] (default task-1) /index.xhtml @36,117 <h:commandButton> Component[2059540600_7ac2193d] Created: jakarta.faces.component.html.HtmlCommandButton
[0m[32m14:37:28,689 FINE  [jakarta.enterprise.resource.webcontainer.faces.application] (default task-1) Rendering View: /index.xhtml
[0m[32m14:37:28,690 DEBUG [org.wildfly.clustering.marshalling.ByteBufferMarshalledValue] (default task-1) Marshalled size of java.util.concurrent.ConcurrentHashMap object = 588 bytes
[0m[32m14:37:28,735 FINE  [jakarta.enterprise.resource.webcontainer.faces.renderkit] (default task-1) component.getValue() returned H9C2oyDQm01NvsrvrF26lZ9T6ukEuUxWubHdnyAy
[0m[32m14:37:28,736 FINE  [jakarta.enterprise.resource.webcontainer.faces.renderkit] (default task-1) Value to be rendered H9C2oyDQm01NvsrvrF26lZ9T6ukEuUxWubHdnyAy
[0m[32m14:37:28,736 FINE  [jakarta.enterprise.resource.webcontainer.faces.renderkit] (default task-1) component.getValue() returned 060a48fb51ef
[0m[32m14:37:28,736 FINE  [jakarta.enterprise.resource.webcontainer.faces.renderkit] (default task-1) Value to be rendered 060a48fb51ef
[0m[32m14:37:28,737 FINE  [jakarta.enterprise.resource.webcontainer.faces.renderkit] (default task-1) component.getValue() returned 0
[0m[32m14:37:28,737 FINE  [jakarta.enterprise.resource.webcontainer.faces.application] (default task-1) Created converter of type 'jakarta.faces.convert.IntegerConverter'
[0m[32m14:37:28,737 FINE  [jakarta.enterprise.resource.webcontainer.faces.renderkit] (default task-1) Value to be rendered 0
[0m[32m14:37:28,738 FINE  [jakarta.enterprise.resource.webcontainer.faces.application] (default task-1) Begin writing marker for viewId /index.xhtml
[0m[32m14:37:28,738 FINE  [jakarta.enterprise.resource.webcontainer.faces.application] (default task-1) End writing marker for viewId /index.xhtml
[0m[32m14:37:28,739 FINE  [jakarta.faces.component] (default task-1) j_id1
[0m[32m14:37:28,739 FINE  [jakarta.enterprise.resource.webcontainer.faces.lifecycle] (default task-1) Exiting RenderResponsePhase
[0m[32m14:37:28,739 FINE  [jakarta.enterprise.resource.webcontainer.faces.timing] (default task-1)  [TIMING] - [53ms] : Execution time for phase (including any PhaseListeners) -> RENDER_RESPONSE 6
[0m[32m14:37:28,740 DEBUG [io.undertow.request.io] (default I/O-7) UT005013: An IOException occurred: java.net.SocketException: Connection reset
	at java.base/sun.nio.ch.SocketChannelImpl.throwConnectionReset(SocketChannelImpl.java:401)
	at java.base/sun.nio.ch.SocketChannelImpl.read(SocketChannelImpl.java:434)
	at org.jboss.xnio.nio@3.8.16.Final-redhat-00001//org.xnio.nio.NioSocketConduit.read(NioSocketConduit.java:289)
	at org.jboss.xnio@3.8.16.Final-redhat-00001//org.xnio.conduits.AbstractStreamSourceConduit.read(AbstractStreamSourceConduit.java:51)
	at io.undertow.core@2.3.23.SP3-redhat-00001//io.undertow.conduits.ReadTimeoutStreamSourceConduit.read(ReadTimeoutStreamSourceConduit.java:181)
	at org.jboss.xnio@3.8.16.Final-redhat-00001//org.xnio.conduits.AbstractStreamSourceConduit.read(AbstractStreamSourceConduit.java:51)
	at io.undertow.core@2.3.23.SP3-redhat-00001//io.undertow.conduits.BytesReceivedStreamSourceConduit.read(BytesReceivedStreamSourceConduit.java:67)
	at org.jboss.xnio@3.8.16.Final-redhat-00001//org.xnio.conduits.ConduitStreamSourceChannel.read(ConduitStreamSourceChannel.java:127)
	at io.undertow.core@2.3.23.SP3-redhat-00001//io.undertow.util.ConnectionUtils$4.handleEvent(ConnectionUtils.java:110)
	at io.undertow.core@2.3.23.SP3-redhat-00001//io.undertow.util.ConnectionUtils$4.handleEvent(ConnectionUtils.java:106)
	at org.jboss.xnio@3.8.16.Final-redhat-00001//org.xnio.ChannelListeners.invokeChannelListener(ChannelListeners.java:92)
	at org.jboss.xnio@3.8.16.Final-redhat-00001//org.xnio.conduits.ReadReadyHandler$ChannelListenerHandler.readReady(ReadReadyHandler.java:66)
	at io.undertow.core@2.3.23.SP3-redhat-00001//io.undertow.conduits.ReadTimeoutStreamSourceConduit$2.readReady(ReadTimeoutStreamSourceConduit.java:106)
	at org.jboss.xnio.nio@3.8.16.Final-redhat-00001//org.xnio.nio.NioSocketConduit.handleReady(NioSocketConduit.java:89)
	at org.jboss.xnio.nio@3.8.16.Final-redhat-00001//org.xnio.nio.WorkerThread.run(WorkerThread.java:603)

[0m[32m14:37:28,740 DEBUG [org.wildfly.clustering.marshalling.ByteBufferMarshalledValue] (default task-1) Marshalled size of java.util.concurrent.ConcurrentHashMap object = 1884 bytes
[0m[32m14:37:30,743 DEBUG [io.undertow.request] (default I/O-7) Matched default handler path /index.xhtml
[0m[32m14:37:30,744 FINE  [jakarta.enterprise.resource.webcontainer.faces.lifecycle] (default task-1) execute(com.sun.faces.context.FacesContextImpl@558cbfe4)
[0m[32m14:37:30,744 FINE  [jakarta.enterprise.resource.webcontainer.faces.lifecycle] (default task-1) Entering RestoreViewPhase
[0m[32m14:37:30,745 FINE  [jakarta.enterprise.resource.webcontainer.faces.application] (default task-1) Created component with component type of 'jakarta.faces.ViewRoot'
[0m[32m14:37:30,745 FINE  [jakarta.enterprise.resource.webcontainer.faces.application] (default task-1) Created component with component type of 'jakarta.faces.ViewRoot'
[0m[32m14:37:30,745 FINE  [jakarta.enterprise.resource.webcontainer.faces.application] (default task-1) Created component with component type of 'jakarta.faces.ViewRoot'
[0m[32m14:37:30,745 FINE  [jakarta.enterprise.resource.webcontainer.faces.lifecycle] (default task-1) New request: creating a view for /index.xhtml
[0m[32m14:37:30,745 FINE  [jakarta.enterprise.resource.webcontainer.faces.application] (default task-1) Created component with component type of 'jakarta.faces.ViewRoot'
[0m[32m14:37:30,745 FINE  [jakarta.enterprise.resource.webcontainer.faces.application] (default task-1) Created new view for /index.xhtml
[0m[32m14:37:30,745 FINE  [jakarta.enterprise.resource.webcontainer.faces.application] (default task-1) Locale for this view as determined by calculateLocale en_US
[0m[32m14:37:30,746 FINE  [jakarta.enterprise.resource.webcontainer.faces.application] (default task-1) Created component with component type of 'jakarta.faces.ViewRoot'
[0m[32m14:37:30,746 FINE  [jakarta.enterprise.resource.webcontainer.faces.application] (default task-1) RenderKitId for this view as determined by calculateRenderKitId HTML_BASIC
[0m[32m14:37:30,747 FINE  [jakarta.enterprise.resource.webcontainer.faces.lifecycle] (default task-1) Exiting RestoreViewPhase
[0m[32m14:37:30,747 FINE  [jakarta.enterprise.resource.webcontainer.faces.timing] (default task-1)  [TIMING] - [3ms] : Execution time for phase (including any PhaseListeners) -> RESTORE_VIEW 1
[0m[32m14:37:30,747 FINE  [jakarta.enterprise.resource.webcontainer.faces.lifecycle] (default task-1) render(com.sun.faces.context.FacesContextImpl@558cbfe4)
[0m[32m14:37:30,748 FINE  [jakarta.enterprise.resource.webcontainer.faces.lifecycle] (default task-1) Entering RenderResponsePhase
[0m[32m14:37:30,748 FINE  [jakarta.enterprise.resource.webcontainer.faces.lifecycle] (default task-1) About to render view /index.xhtml
[0m[32m14:37:30,748 FINE  [jakarta.enterprise.resource.webcontainer.faces.application] (default task-1) Building View: /index.xhtml
[0m[32m14:37:30,749 FINE  [jakarta.enterprise.resource.webcontainer.faces.application] (default task-1) Created component with component type of 'jakarta.faces.Output'
[0m[32m14:37:30,749 FINE  [jakarta.enterprise.resource.webcontainer.faces.facelets.tag.component] (default task-1) /index.xhtml @6,11 <h:head> Component[2059540600_7ac2185f] Created: jakarta.faces.component.UIOutput
[0m[32m14:37:30,749 FINE  [jakarta.enterprise.resource.webcontainer.faces.application] (default task-1) Created component with component type of 'jakarta.faces.OutputBody'
[0m[32m14:37:30,750 FINE  [jakarta.enterprise.resource.webcontainer.faces.facelets.tag.component] (default task-1) /index.xhtml @10,11 <h:body> Component[2059540600_7ac21839] Created: jakarta.faces.component.html.HtmlBody
[0m[32m14:37:30,750 FINE  [jakarta.enterprise.resource.webcontainer.faces.application] (default task-1) Created component with component type of 'jakarta.faces.HtmlPanelGroup'
[0m[32m14:37:30,750 FINE  [jakarta.enterprise.resource.webcontainer.faces.facelets.tag.component] (default task-1) /index.xhtml @13,60 <h:panelGroup> Component[2059540600_7ac21823] Created: jakarta.faces.component.html.HtmlPanelGroup
[0m[32m14:37:30,750 FINE  [jakarta.enterprise.resource.webcontainer.faces.application] (default task-1) Created component with component type of 'jakarta.faces.HtmlOutputText'
[0m[32m14:37:30,750 FINE  [jakarta.enterprise.resource.webcontainer.faces.facelets.tag.component] (default task-1) /index.xhtml @15,61 <h:outputText> Component[2059540600_7ac2180d] Created: jakarta.faces.component.html.HtmlOutputText
[0m[32m14:37:30,750 FINE  [jakarta.enterprise.resource.webcontainer.faces.application] (default task-1) Created component with component type of 'jakarta.faces.HtmlPanelGroup'
[0m[32m14:37:30,750 FINE  [jakarta.enterprise.resource.webcontainer.faces.facelets.tag.component] (default task-1) /index.xhtml @17,60 <h:panelGroup> Component[2059540600_7ac218fa] Created: jakarta.faces.component.html.HtmlPanelGroup
[0m[32m14:37:30,751 FINE  [jakarta.enterprise.resource.webcontainer.faces.application] (default task-1) Created component with component type of 'jakarta.faces.HtmlOutputText'
[0m[32m14:37:30,751 FINE  [jakarta.enterprise.resource.webcontainer.faces.facelets.tag.component] (default task-1) /index.xhtml @19,60 <h:outputText> Component[2059540600_7ac218e4] Created: jakarta.faces.component.html.HtmlOutputText
[0m[32m14:37:30,751 FINE  [jakarta.enterprise.resource.webcontainer.faces.application] (default task-1) Created component with component type of 'jakarta.faces.HtmlPanelGroup'
[0m[32m14:37:30,751 FINE  [jakarta.enterprise.resource.webcontainer.faces.facelets.tag.component] (default task-1) /index.xhtml @21,61 <h:panelGroup> Component[2059540600_7ac218d1] Created: jakarta.faces.component.html.HtmlPanelGroup
[0m[32m14:37:30,751 FINE  [jakarta.enterprise.resource.webcontainer.faces.application] (default task-1) Created component with component type of 'jakarta.faces.HtmlOutputText'
[0m[32m14:37:30,751 FINE  [jakarta.enterprise.resource.webcontainer.faces.facelets.tag.component] (default task-1) /index.xhtml @23,59 <h:outputText> Component[2059540600_7ac218bb] Created: jakarta.faces.component.html.HtmlOutputText
[0m[32m14:37:30,752 FINE  [jakarta.enterprise.resource.webcontainer.faces.application] (default task-1) Created component with component type of 'jakarta.faces.HtmlForm'
[0m[32m14:37:30,752 FINE  [jakarta.enterprise.resource.webcontainer.faces.facelets.tag.component] (default task-1) /index.xhtml @26,11 <h:form> Component[2059540600_7ac218a8] Created: jakarta.faces.component.html.HtmlForm
[0m[32m14:37:30,752 FINE  [jakarta.enterprise.resource.webcontainer.faces.application] (default task-1) Created component with component type of 'jakarta.faces.HtmlPanelGroup'
[0m[32m14:37:30,752 FINE  [jakarta.enterprise.resource.webcontainer.faces.facelets.tag.component] (default task-1) /index.xhtml @27,62 <h:panelGroup> Component[2059540600_7ac21892] Created: jakarta.faces.component.html.HtmlPanelGroup
[0m[32m14:37:30,752 FINE  [jakarta.enterprise.resource.webcontainer.faces.application] (default task-1) Created component with component type of 'jakarta.faces.HtmlCommandButton'
[0m[32m14:37:30,752 FINE  [jakarta.enterprise.resource.webcontainer.faces.facelets.tag.component] (default task-1) /index.xhtml @29,119 <h:commandButton> Component[2059540600_7ac2197c] Created: jakarta.faces.component.html.HtmlCommandButton
[0m[32m14:37:30,752 FINE  [jakarta.enterprise.resource.webcontainer.faces.application] (default task-1) Created component with component type of 'jakarta.faces.HtmlCommandButton'
[0m[32m14:37:30,753 FINE  [jakarta.enterprise.resource.webcontainer.faces.facelets.tag.component] (default task-1) /index.xhtml @30,112 <h:commandButton> Component[2059540600_7ac21969] Created: jakarta.faces.component.html.HtmlCommandButton
[0m[32m14:37:30,753 FINE  [jakarta.enterprise.resource.webcontainer.faces.application] (default task-1) Created component with component type of 'jakarta.faces.HtmlPanelGroup'
[0m[32m14:37:30,753 FINE  [jakarta.enterprise.resource.webcontainer.faces.facelets.tag.component] (default task-1) /index.xhtml @33,34 <h:panelGroup> Component[2059540600_7ac21966] Created: jakarta.faces.component.html.HtmlPanelGroup
[0m[32m14:37:30,753 FINE  [jakarta.enterprise.resource.webcontainer.faces.application] (default task-1) Created component with component type of 'jakarta.faces.HtmlCommandButton'
[0m[32m14:37:30,753 FINE  [jakarta.enterprise.resource.webcontainer.faces.facelets.tag.component] (default task-1) /index.xhtml @35,124 <h:commandButton> Component[2059540600_7ac21940] Created: jakarta.faces.component.html.HtmlCommandButton
[0m[32m14:37:30,753 FINE  [jakarta.enterprise.resource.webcontainer.faces.application] (default task-1) Created component with component type of 'jakarta.faces.HtmlCommandButton'
[0m[32m14:37:30,753 FINE  [jakarta.enterprise.resource.webcontainer.faces.facelets.tag.component] (default task-1) /index.xhtml @36,117 <h:commandButton> Component[2059540600_7ac2193d] Created: jakarta.faces.component.html.HtmlCommandButton
[0m[32m14:37:30,754 FINE  [jakarta.enterprise.resource.webcontainer.faces.application] (default task-1) Rendering View: /index.xhtml
[0m[32m14:37:30,757 DEBUG [org.wildfly.clustering.marshalling.ByteBufferMarshalledValue] (default task-1) Marshalled size of java.util.concurrent.ConcurrentHashMap object = 588 bytes
[0m[32m14:37:30,765 FINE  [jakarta.enterprise.resource.webcontainer.faces.renderkit] (default task-1) component.getValue() returned QM730e3Ofp326XhuTFOViTgjh11eaxgQwuxP-lpd
[0m[32m14:37:30,765 FINE  [jakarta.enterprise.resource.webcontainer.faces.renderkit] (default task-1) Value to be rendered QM730e3Ofp326XhuTFOViTgjh11eaxgQwuxP-lpd
[0m[32m14:37:30,766 FINE  [jakarta.enterprise.resource.webcontainer.faces.renderkit] (default task-1) component.getValue() returned 060a48fb51ef
[0m[32m14:37:30,766 FINE  [jakarta.enterprise.resource.webcontainer.faces.renderkit] (default task-1) Value to be rendered 060a48fb51ef
[0m[32m14:37:30,767 FINE  [jakarta.enterprise.resource.webcontainer.faces.renderkit] (default task-1) component.getValue() returned 0
[0m[32m14:37:30,767 FINE  [jakarta.enterprise.resource.webcontainer.faces.application] (default task-1) Created converter of type 'jakarta.faces.convert.IntegerConverter'
[0m[32m14:37:30,768 FINE  [jakarta.enterprise.resource.webcontainer.faces.renderkit] (default task-1) Value to be rendered 0
[0m[32m14:37:30,774 FINE  [jakarta.enterprise.resource.webcontainer.faces.application] (default task-1) Begin writing marker for viewId /index.xhtml
[0m[32m14:37:30,774 FINE  [jakarta.enterprise.resource.webcontainer.faces.application] (default task-1) End writing marker for viewId /index.xhtml
[0m[32m14:37:30,775 FINE  [jakarta.faces.component] (default task-1) j_id1
[0m[32m14:37:30,776 FINE  [jakarta.enterprise.resource.webcontainer.faces.lifecycle] (default task-1) Exiting RenderResponsePhase
[0m[32m14:37:30,776 FINE  [jakarta.enterprise.resource.webcontainer.faces.timing] (default task-1)  [TIMING] - [28ms] : Execution time for phase (including any PhaseListeners) -> RENDER_RESPONSE 6
[0m[32m14:37:30,777 DEBUG [io.undertow.request.io] (default task-1) UT005013: An IOException occurred: java.net.SocketException: Connection reset
	at java.base/sun.nio.ch.SocketChannelImpl.throwConnectionReset(SocketChannelImpl.java:401)
	at java.base/sun.nio.ch.SocketChannelImpl.read(SocketChannelImpl.java:434)
	at org.jboss.xnio.nio@3.8.16.Final-redhat-00001//org.xnio.nio.NioSocketConduit.read(NioSocketConduit.java:289)
	at org.jboss.xnio@3.8.16.Final-redhat-00001//org.xnio.conduits.AbstractStreamSourceConduit.read(AbstractStreamSourceConduit.java:51)
	at io.undertow.core@2.3.23.SP3-redhat-00001//io.undertow.conduits.ReadTimeoutStreamSourceConduit.read(ReadTimeoutStreamSourceConduit.java:181)
	at org.jboss.xnio@3.8.16.Final-redhat-00001//org.xnio.conduits.AbstractStreamSourceConduit.read(AbstractStreamSourceConduit.java:51)
	at io.undertow.core@2.3.23.SP3-redhat-00001//io.undertow.conduits.BytesReceivedStreamSourceConduit.read(BytesReceivedStreamSourceConduit.java:67)
	at org.jboss.xnio@3.8.16.Final-redhat-00001//org.xnio.conduits.ConduitStreamSourceChannel.read(ConduitStreamSourceChannel.java:127)
	at io.undertow.core@2.3.23.SP3-redhat-00001//io.undertow.util.ConnectionUtils.doDrain(ConnectionUtils.java:96)
	at io.undertow.core@2.3.23.SP3-redhat-00001//io.undertow.util.ConnectionUtils.cleanClose(ConnectionUtils.java:74)
	at io.undertow.core@2.3.23.SP3-redhat-00001//io.undertow.server.protocol.http.HttpReadListener.exchangeComplete(HttpReadListener.java:374)
	at io.undertow.core@2.3.23.SP3-redhat-00001//io.undertow.server.protocol.http.HttpServerConnection.exchangeComplete(HttpServerConnection.java:244)
	at io.undertow.core@2.3.23.SP3-redhat-00001//io.undertow.server.HttpServerExchange$ExchangeCompleteNextListener.proceed(HttpServerExchange.java:2062)
	at io.undertow.core@2.3.23.SP3-redhat-00001//io.undertow.server.ConnectorStatisticsImpl$1.exchangeEvent(ConnectorStatisticsImpl.java:75)
	at io.undertow.core@2.3.23.SP3-redhat-00001//io.undertow.server.HttpServerExchange$ExchangeCompleteNextListener.proceed(HttpServerExchange.java:2060)
	at io.undertow.core@2.3.23.SP3-redhat-00001//io.undertow.server.handlers.MetricsHandler$2.exchangeEvent(MetricsHandler.java:60)
	at io.undertow.core@2.3.23.SP3-redhat-00001//io.undertow.server.HttpServerExchange.invokeExchangeCompleteListeners(HttpServerExchange.java:1436)
	at io.undertow.core@2.3.23.SP3-redhat-00001//io.undertow.server.HttpServerExchange.terminateResponse(HttpServerExchange.java:1723)
	at io.undertow.core@2.3.23.SP3-redhat-00001//io.undertow.server.Connectors.terminateResponse(Connectors.java:198)
	at io.undertow.core@2.3.23.SP3-redhat-00001//io.undertow.server.protocol.http.ServerFixedLengthStreamSinkConduit.channelFinished(ServerFixedLengthStreamSinkConduit.java:58)
	at io.undertow.core@2.3.23.SP3-redhat-00001//io.undertow.conduits.AbstractFixedLengthStreamSinkConduit.exitFlush(AbstractFixedLengthStreamSinkConduit.java:316)
	at io.undertow.core@2.3.23.SP3-redhat-00001//io.undertow.conduits.AbstractFixedLengthStreamSinkConduit.flush(AbstractFixedLengthStreamSinkConduit.java:234)
	at org.jboss.xnio@3.8.16.Final-redhat-00001//org.xnio.conduits.ConduitStreamSinkChannel.flush(ConduitStreamSinkChannel.java:162)
	at io.undertow.core@2.3.23.SP3-redhat-00001//io.undertow.channels.DetachableStreamSinkChannel.flush(DetachableStreamSinkChannel.java:119)
	at org.jboss.xnio@3.8.16.Final-redhat-00001//org.xnio.channels.Channels.flushBlocking(Channels.java:63)
	at io.undertow.servlet@2.3.23.SP3-redhat-00001//io.undertow.servlet.spec.ServletOutputStreamImpl.close(ServletOutputStreamImpl.java:654)
	at io.undertow.servlet@2.3.23.SP3-redhat-00001//io.undertow.servlet.spec.ServletPrintWriter.close(ServletPrintWriter.java:130)
	at io.undertow.servlet@2.3.23.SP3-redhat-00001//io.undertow.servlet.spec.ServletPrintWriterDelegate.close(ServletPrintWriterDelegate.java:79)
	at io.undertow.servlet@2.3.23.SP3-redhat-00001//io.undertow.servlet.spec.HttpServletResponseImpl.closeStreamAndWriter(HttpServletResponseImpl.java:505)
	at io.undertow.servlet@2.3.23.SP3-redhat-00001//io.undertow.servlet.spec.HttpServletResponseImpl.responseDone(HttpServletResponseImpl.java:606)
	at io.undertow.servlet@2.3.23.SP3-redhat-00001//io.undertow.servlet.handlers.ServletInitialHandler.handleFirstRequest(ServletInitialHandler.java:330)
	at io.undertow.servlet@2.3.23.SP3-redhat-00001//io.undertow.servlet.handlers.ServletInitialHandler$1.call(ServletInitialHandler.java:130)
	at io.undertow.servlet@2.3.23.SP3-redhat-00001//io.undertow.servlet.handlers.ServletInitialHandler$1.call(ServletInitialHandler.java:127)
	at io.undertow.servlet@2.3.23.SP3-redhat-00001//io.undertow.servlet.core.ServletRequestContextThreadSetupAction$1.call(ServletRequestContextThreadSetupAction.java:48)
	at io.undertow.servlet@2.3.23.SP3-redhat-00001//io.undertow.servlet.core.ContextClassLoaderSetupAction$1.call(ContextClassLoaderSetupAction.java:43)
	at org.wildfly.extension.undertow@8.1.1.GA-redhat-00012//org.wildfly.extension.undertow.deployment.UndertowDeploymentInfoService$UndertowThreadSetupAction.lambda$create$0(UndertowDeploymentInfoService.java:1421)
	at org.wildfly.extension.undertow@8.1.1.GA-redhat-00012//org.wildfly.extension.undertow.deployment.UndertowDeploymentInfoService$UndertowThreadSetupAction.lambda$create$0(UndertowDeploymentInfoService.java:1421)
	at org.wildfly.extension.undertow@8.1.1.GA-redhat-00012//org.wildfly.extension.undertow.deployment.UndertowDeploymentInfoService$UndertowThreadSetupAction.lambda$create$0(UndertowDeploymentInfoService.java:1421)
	at org.wildfly.extension.undertow@8.1.1.GA-redhat-00012//org.wildfly.extension.undertow.deployment.UndertowDeploymentInfoService$UndertowThreadSetupAction.lambda$create$0(UndertowDeploymentInfoService.java:1421)
	at io.undertow.servlet@2.3.23.SP3-redhat-00001//io.undertow.servlet.handlers.ServletInitialHandler.dispatchRequest(ServletInitialHandler.java:251)
	at io.undertow.servlet@2.3.23.SP3-redhat-00001//io.undertow.servlet.handlers.ServletInitialHandler.lambda$new$1(ServletInitialHandler.java:99)
	at io.undertow.core@2.3.23.SP3-redhat-00001//io.undertow.server.Connectors.executeRootHandler(Connectors.java:418)
	at io.undertow.core@2.3.23.SP3-redhat-00001//io.undertow.server.HttpServerExchange$1.run(HttpServerExchange.java:938)
	at org.jboss.threads@2.5.0.redhat-00001//org.jboss.threads.ContextClassLoaderSavingRunnable.run(ContextClassLoaderSavingRunnable.java:35)
	at org.jboss.threads@2.5.0.redhat-00001//org.jboss.threads.EnhancedQueueExecutor.safeRun(EnhancedQueueExecutor.java:2024)
	at org.jboss.threads@2.5.0.redhat-00001//org.jboss.threads.EnhancedQueueExecutor$ThreadBody.doRunTask(EnhancedQueueExecutor.java:1520)
	at org.jboss.threads@2.5.0.redhat-00001//org.jboss.threads.EnhancedQueueExecutor$ThreadBody.run(EnhancedQueueExecutor.java:1411)
	at org.jboss.xnio@3.8.16.Final-redhat-00001//org.xnio.XnioWorker$WorkerThreadFactory$1$1.run(XnioWorker.java:1282)
	at java.base/java.lang.Thread.run(Thread.java:1583)

[0m[32m14:37:30,779 DEBUG [org.wildfly.clustering.marshalling.ByteBufferMarshalledValue] (default task-1) Marshalled size of java.util.concurrent.ConcurrentHashMap object = 1884 bytes
[0m[32m14:37:32,780 DEBUG [io.undertow.request] (default I/O-1) Matched default handler path /index.xhtml
[0m[32m14:37:32,782 FINE  [jakarta.enterprise.resource.webcontainer.faces.lifecycle] (default task-1) execute(com.sun.faces.context.FacesContextImpl@671a9dc2)
[0m[32m14:37:32,782 FINE  [jakarta.enterprise.resource.webcontainer.faces.lifecycle] (default task-1) Entering RestoreViewPhase
[0m[32m14:37:32,782 FINE  [jakarta.enterprise.resource.webcontainer.faces.application] (default task-1) Created component with component type of 'jakarta.faces.ViewRoot'
[0m[32m14:37:32,782 FINE  [jakarta.enterprise.resource.webcontainer.faces.application] (default task-1) Created component with component type of 'jakarta.faces.ViewRoot'
[0m[32m14:37:32,783 FINE  [jakarta.enterprise.resource.webcontainer.faces.application] (default task-1) Created component with component type of 'jakarta.faces.ViewRoot'
[0m[32m14:37:32,783 FINE  [jakarta.enterprise.resource.webcontainer.faces.lifecycle] (default task-1) New request: creating a view for /index.xhtml
[0m[32m14:37:32,783 FINE  [jakarta.enterprise.resource.webcontainer.faces.application] (default task-1) Created component with component type of 'jakarta.faces.ViewRoot'
[0m[32m14:37:32,783 FINE  [jakarta.enterprise.resource.webcontainer.faces.application] (default task-1) Created new view for /index.xhtml
[0m[32m14:37:32,783 FINE  [jakarta.enterprise.resource.webcontainer.faces.application] (default task-1) Locale for this view as determined by calculateLocale en_US
[0m[32m14:37:32,783 FINE  [jakarta.enterprise.resource.webcontainer.faces.application] (default task-1) Created component with component type of 'jakarta.faces.ViewRoot'
[0m[32m14:37:32,783 FINE  [jakarta.enterprise.resource.webcontainer.faces.application] (default task-1) RenderKitId for this view as determined by calculateRenderKitId HTML_BASIC
[0m[32m14:37:32,785 FINE  [jakarta.enterprise.resource.webcontainer.faces.lifecycle] (default task-1) Exiting RestoreViewPhase
[0m[32m14:37:32,785 FINE  [jakarta.enterprise.resource.webcontainer.faces.timing] (default task-1)  [TIMING] - [3ms] : Execution time for phase (including any PhaseListeners) -> RESTORE_VIEW 1
[0m[32m14:37:32,785 FINE  [jakarta.enterprise.resource.webcontainer.faces.lifecycle] (default task-1) render(com.sun.faces.context.FacesContextImpl@671a9dc2)
[0m[32m14:37:32,785 FINE  [jakarta.enterprise.resource.webcontainer.faces.lifecycle] (default task-1) Entering RenderResponsePhase
[0m[32m14:37:32,785 FINE  [jakarta.enterprise.resource.webcontainer.faces.lifecycle] (default task-1) About to render view /index.xhtml
[0m[32m14:37:32,785 FINE  [jakarta.enterprise.resource.webcontainer.faces.application] (default task-1) Building View: /index.xhtml
[0m[32m14:37:32,786 FINE  [jakarta.enterprise.resource.webcontainer.faces.application] (default task-1) Created component with component type of 'jakarta.faces.Output'
[0m[32m14:37:32,786 FINE  [jakarta.enterprise.resource.webcontainer.faces.facelets.tag.component] (default task-1) /index.xhtml @6,11 <h:head> Component[2059540600_7ac2185f] Created: jakarta.faces.component.UIOutput
[0m[32m14:37:32,786 FINE  [jakarta.enterprise.resource.webcontainer.faces.application] (default task-1) Created component with component type of 'jakarta.faces.OutputBody'
[0m[32m14:37:32,787 FINE  [jakarta.enterprise.resource.webcontainer.faces.facelets.tag.component] (default task-1) /index.xhtml @10,11 <h:body> Component[2059540600_7ac21839] Created: jakarta.faces.component.html.HtmlBody
[0m[32m14:37:32,787 FINE  [jakarta.enterprise.resource.webcontainer.faces.application] (default task-1) Created component with component type of 'jakarta.faces.HtmlPanelGroup'
[0m[32m14:37:32,787 FINE  [jakarta.enterprise.resource.webcontainer.faces.facelets.tag.component] (default task-1) /index.xhtml @13,60 <h:panelGroup> Component[2059540600_7ac21823] Created: jakarta.faces.component.html.HtmlPanelGroup
[0m[32m14:37:32,787 FINE  [jakarta.enterprise.resource.webcontainer.faces.application] (default task-1) Created component with component type of 'jakarta.faces.HtmlOutputText'
[0m[32m14:37:32,787 FINE  [jakarta.enterprise.resource.webcontainer.faces.facelets.tag.component] (default task-1) /index.xhtml @15,61 <h:outputText> Component[2059540600_7ac2180d] Created: jakarta.faces.component.html.HtmlOutputText
[0m[32m14:37:32,787 FINE  [jakarta.enterprise.resource.webcontainer.faces.application] (default task-1) Created component with component type of 'jakarta.faces.HtmlPanelGroup'
[0m[32m14:37:32,788 FINE  [jakarta.enterprise.resource.webcontainer.faces.facelets.tag.component] (default task-1) /index.xhtml @17,60 <h:panelGroup> Component[2059540600_7ac218fa] Created: jakarta.faces.component.html.HtmlPanelGroup
[0m[32m14:37:32,788 FINE  [jakarta.enterprise.resource.webcontainer.faces.application] (default task-1) Created component with component type of 'jakarta.faces.HtmlOutputText'
[0m[32m14:37:32,788 FINE  [jakarta.enterprise.resource.webcontainer.faces.facelets.tag.component] (default task-1) /index.xhtml @19,60 <h:outputText> Component[2059540600_7ac218e4] Created: jakarta.faces.component.html.HtmlOutputText
[0m[32m14:37:32,788 FINE  [jakarta.enterprise.resource.webcontainer.faces.application] (default task-1) Created component with component type of 'jakarta.faces.HtmlPanelGroup'
[0m[32m14:37:32,788 FINE  [jakarta.enterprise.resource.webcontainer.faces.facelets.tag.component] (default task-1) /index.xhtml @21,61 <h:panelGroup> Component[2059540600_7ac218d1] Created: jakarta.faces.component.html.HtmlPanelGroup
[0m[32m14:37:32,788 FINE  [jakarta.enterprise.resource.webcontainer.faces.application] (default task-1) Created component with component type of 'jakarta.faces.HtmlOutputText'
[0m[32m14:37:32,788 FINE  [jakarta.enterprise.resource.webcontainer.faces.facelets.tag.component] (default task-1) /index.xhtml @23,59 <h:outputText> Component[2059540600_7ac218bb] Created: jakarta.faces.component.html.HtmlOutputText
[0m[32m14:37:32,789 FINE  [jakarta.enterprise.resource.webcontainer.faces.application] (default task-1) Created component with component type of 'jakarta.faces.HtmlForm'
[0m[32m14:37:32,789 FINE  [jakarta.enterprise.resource.webcontainer.faces.facelets.tag.component] (default task-1) /index.xhtml @26,11 <h:form> Component[2059540600_7ac218a8] Created: jakarta.faces.component.html.HtmlForm
[0m[32m14:37:32,789 FINE  [jakarta.enterprise.resource.webcontainer.faces.application] (default task-1) Created component with component type of 'jakarta.faces.HtmlPanelGroup'
[0m[32m14:37:32,789 FINE  [jakarta.enterprise.resource.webcontainer.faces.facelets.tag.component] (default task-1) /index.xhtml @27,62 <h:panelGroup> Component[2059540600_7ac21892] Created: jakarta.faces.component.html.HtmlPanelGroup
[0m[32m14:37:32,789 FINE  [jakarta.enterprise.resource.webcontainer.faces.application] (default task-1) Created component with component type of 'jakarta.faces.HtmlCommandButton'
[0m[32m14:37:32,789 FINE  [jakarta.enterprise.resource.webcontainer.faces.facelets.tag.component] (default task-1) /index.xhtml @29,119 <h:commandButton> Component[2059540600_7ac2197c] Created: jakarta.faces.component.html.HtmlCommandButton
[0m[32m14:37:32,789 FINE  [jakarta.enterprise.resource.webcontainer.faces.application] (default task-1) Created component with component type of 'jakarta.faces.HtmlCommandButton'
[0m[32m14:37:32,789 FINE  [jakarta.enterprise.resource.webcontainer.faces.facelets.tag.component] (default task-1) /index.xhtml @30,112 <h:commandButton> Component[2059540600_7ac21969] Created: jakarta.faces.component.html.HtmlCommandButton
[0m[32m14:37:32,793 FINE  [jakarta.enterprise.resource.webcontainer.faces.application] (default task-1) Created component with component type of 'jakarta.faces.HtmlPanelGroup'
[0m[32m14:37:32,793 FINE  [jakarta.enterprise.resource.webcontainer.faces.facelets.tag.component] (default task-1) /index.xhtml @33,34 <h:panelGroup> Component[2059540600_7ac21966] Created: jakarta.faces.component.html.HtmlPanelGroup
[0m[32m14:37:32,793 FINE  [jakarta.enterprise.resource.webcontainer.faces.application] (default task-1) Created component with component type of 'jakarta.faces.HtmlCommandButton'
[0m[32m14:37:32,793 FINE  [jakarta.enterprise.resource.webcontainer.faces.facelets.tag.component] (default task-1) /index.xhtml @35,124 <h:commandButton> Component[2059540600_7ac21940] Created: jakarta.faces.component.html.HtmlCommandButton
[0m[32m14:37:32,794 FINE  [jakarta.enterprise.resource.webcontainer.faces.application] (default task-1) Created component with component type of 'jakarta.faces.HtmlCommandButton'
[0m[32m14:37:32,794 FINE  [jakarta.enterprise.resource.webcontainer.faces.facelets.tag.component] (default task-1) /index.xhtml @36,117 <h:commandButton> Component[2059540600_7ac2193d] Created: jakarta.faces.component.html.HtmlCommandButton
[0m[32m14:37:32,794 FINE  [jakarta.enterprise.resource.webcontainer.faces.application] (default task-1) Rendering View: /index.xhtml
[0m[32m14:37:32,797 DEBUG [org.wildfly.clustering.marshalling.ByteBufferMarshalledValue] (default task-1) Marshalled size of java.util.concurrent.ConcurrentHashMap object = 588 bytes
[0m[32m14:37:32,845 FINE  [jakarta.enterprise.resource.webcontainer.faces.renderkit] (default task-1) component.getValue() returned nYZSgeSAS-pd2D7aejcriw49dkbT6mqt7-YFB0Ln
[0m[32m14:37:32,845 FINE  [jakarta.enterprise.resource.webcontainer.faces.renderkit] (default task-1) Value to be rendered nYZSgeSAS-pd2D7aejcriw49dkbT6mqt7-YFB0Ln
[0m[32m14:37:32,846 FINE  [jakarta.enterprise.resource.webcontainer.faces.renderkit] (default task-1) component.getValue() returned 060a48fb51ef
[0m[32m14:37:32,846 FINE  [jakarta.enterprise.resource.webcontainer.faces.renderkit] (default task-1) Value to be rendered 060a48fb51ef
[0m[32m14:37:32,846 FINE  [jakarta.enterprise.resource.webcontainer.faces.renderkit] (default task-1) component.getValue() returned 0
[0m[32m14:37:32,847 FINE  [jakarta.enterprise.resource.webcontainer.faces.application] (default task-1) Created converter of type 'jakarta.faces.convert.IntegerConverter'
[0m[32m14:37:32,847 FINE  [jakarta.enterprise.resource.webcontainer.faces.renderkit] (default task-1) Value to be rendered 0
[0m[32m14:37:32,849 FINE  [jakarta.enterprise.resource.webcontainer.faces.application] (default task-1) Begin writing marker for viewId /index.xhtml
[0m[32m14:37:32,849 FINE  [jakarta.enterprise.resource.webcontainer.faces.application] (default task-1) End writing marker for viewId /index.xhtml
[0m[32m14:37:32,850 FINE  [jakarta.faces.component] (default task-1) j_id1
[0m[32m14:37:32,850 FINE  [jakarta.enterprise.resource.webcontainer.faces.lifecycle] (default task-1) Exiting RenderResponsePhase
[0m[32m14:37:32,850 FINE  [jakarta.enterprise.resource.webcontainer.faces.timing] (default task-1)  [TIMING] - [65ms] : Execution time for phase (including any PhaseListeners) -> RENDER_RESPONSE 6
[0m[32m14:37:32,852 DEBUG [io.undertow.request.io] (default task-1) UT005013: An IOException occurred: java.net.SocketException: Connection reset
	at java.base/sun.nio.ch.SocketChannelImpl.throwConnectionReset(SocketChannelImpl.java:401)
	at java.base/sun.nio.ch.SocketChannelImpl.read(SocketChannelImpl.java:434)
	at org.jboss.xnio.nio@3.8.16.Final-redhat-00001//org.xnio.nio.NioSocketConduit.read(NioSocketConduit.java:289)
	at org.jboss.xnio@3.8.16.Final-redhat-00001//org.xnio.conduits.AbstractStreamSourceConduit.read(AbstractStreamSourceConduit.java:51)
	at io.undertow.core@2.3.23.SP3-redhat-00001//io.undertow.conduits.ReadTimeoutStreamSourceConduit.read(ReadTimeoutStreamSourceConduit.java:181)
	at org.jboss.xnio@3.8.16.Final-redhat-00001//org.xnio.conduits.AbstractStreamSourceConduit.read(AbstractStreamSourceConduit.java:51)
	at io.undertow.core@2.3.23.SP3-redhat-00001//io.undertow.conduits.BytesReceivedStreamSourceConduit.read(BytesReceivedStreamSourceConduit.java:67)
	at org.jboss.xnio@3.8.16.Final-redhat-00001//org.xnio.conduits.ConduitStreamSourceChannel.read(ConduitStreamSourceChannel.java:127)
	at io.undertow.core@2.3.23.SP3-redhat-00001//io.undertow.util.ConnectionUtils.doDrain(ConnectionUtils.java:96)
	at io.undertow.core@2.3.23.SP3-redhat-00001//io.undertow.util.ConnectionUtils.cleanClose(ConnectionUtils.java:74)
	at io.undertow.core@2.3.23.SP3-redhat-00001//io.undertow.server.protocol.http.HttpReadListener.exchangeComplete(HttpReadListener.java:374)
	at io.undertow.core@2.3.23.SP3-redhat-00001//io.undertow.server.protocol.http.HttpServerConnection.exchangeComplete(HttpServerConnection.java:244)
	at io.undertow.core@2.3.23.SP3-redhat-00001//io.undertow.server.HttpServerExchange$ExchangeCompleteNextListener.proceed(HttpServerExchange.java:2062)
	at io.undertow.core@2.3.23.SP3-redhat-00001//io.undertow.server.ConnectorStatisticsImpl$1.exchangeEvent(ConnectorStatisticsImpl.java:75)
	at io.undertow.core@2.3.23.SP3-redhat-00001//io.undertow.server.HttpServerExchange$ExchangeCompleteNextListener.proceed(HttpServerExchange.java:2060)
	at io.undertow.core@2.3.23.SP3-redhat-00001//io.undertow.server.handlers.MetricsHandler$2.exchangeEvent(MetricsHandler.java:60)
	at io.undertow.core@2.3.23.SP3-redhat-00001//io.undertow.server.HttpServerExchange.invokeExchangeCompleteListeners(HttpServerExchange.java:1436)
	at io.undertow.core@2.3.23.SP3-redhat-00001//io.undertow.server.HttpServerExchange.terminateResponse(HttpServerExchange.java:1723)
	at io.undertow.core@2.3.23.SP3-redhat-00001//io.undertow.server.Connectors.terminateResponse(Connectors.java:198)
	at io.undertow.core@2.3.23.SP3-redhat-00001//io.undertow.server.protocol.http.ServerFixedLengthStreamSinkConduit.channelFinished(ServerFixedLengthStreamSinkConduit.java:58)
	at io.undertow.core@2.3.23.SP3-redhat-00001//io.undertow.conduits.AbstractFixedLengthStreamSinkConduit.exitFlush(AbstractFixedLengthStreamSinkConduit.java:316)
	at io.undertow.core@2.3.23.SP3-redhat-00001//io.undertow.conduits.AbstractFixedLengthStreamSinkConduit.flush(AbstractFixedLengthStreamSinkConduit.java:234)
	at org.jboss.xnio@3.8.16.Final-redhat-00001//org.xnio.conduits.ConduitStreamSinkChannel.flush(ConduitStreamSinkChannel.java:162)
	at io.undertow.core@2.3.23.SP3-redhat-00001//io.undertow.channels.DetachableStreamSinkChannel.flush(DetachableStreamSinkChannel.java:119)
	at org.jboss.xnio@3.8.16.Final-redhat-00001//org.xnio.channels.Channels.flushBlocking(Channels.java:63)
	at io.undertow.servlet@2.3.23.SP3-redhat-00001//io.undertow.servlet.spec.ServletOutputStreamImpl.close(ServletOutputStreamImpl.java:654)
	at io.undertow.servlet@2.3.23.SP3-redhat-00001//io.undertow.servlet.spec.ServletPrintWriter.close(ServletPrintWriter.java:130)
	at io.undertow.servlet@2.3.23.SP3-redhat-00001//io.undertow.servlet.spec.ServletPrintWriterDelegate.close(ServletPrintWriterDelegate.java:79)
	at io.undertow.servlet@2.3.23.SP3-redhat-00001//io.undertow.servlet.spec.HttpServletResponseImpl.closeStreamAndWriter(HttpServletResponseImpl.java:505)
	at io.undertow.servlet@2.3.23.SP3-redhat-00001//io.undertow.servlet.spec.HttpServletResponseImpl.responseDone(HttpServletResponseImpl.java:606)
	at io.undertow.servlet@2.3.23.SP3-redhat-00001//io.undertow.servlet.handlers.ServletInitialHandler.handleFirstRequest(ServletInitialHandler.java:330)
	at io.undertow.servlet@2.3.23.SP3-redhat-00001//io.undertow.servlet.handlers.ServletInitialHandler$1.call(ServletInitialHandler.java:130)
	at io.undertow.servlet@2.3.23.SP3-redhat-00001//io.undertow.servlet.handlers.ServletInitialHandler$1.call(ServletInitialHandler.java:127)
	at io.undertow.servlet@2.3.23.SP3-redhat-00001//io.undertow.servlet.core.ServletRequestContextThreadSetupAction$1.call(ServletRequestContextThreadSetupAction.java:48)
	at io.undertow.servlet@2.3.23.SP3-redhat-00001//io.undertow.servlet.core.ContextClassLoaderSetupAction$1.call(ContextClassLoaderSetupAction.java:43)
	at org.wildfly.extension.undertow@8.1.1.GA-redhat-00012//org.wildfly.extension.undertow.deployment.UndertowDeploymentInfoService$UndertowThreadSetupAction.lambda$create$0(UndertowDeploymentInfoService.java:1421)
	at org.wildfly.extension.undertow@8.1.1.GA-redhat-00012//org.wildfly.extension.undertow.deployment.UndertowDeploymentInfoService$UndertowThreadSetupAction.lambda$create$0(UndertowDeploymentInfoService.java:1421)
	at org.wildfly.extension.undertow@8.1.1.GA-redhat-00012//org.wildfly.extension.undertow.deployment.UndertowDeploymentInfoService$UndertowThreadSetupAction.lambda$create$0(UndertowDeploymentInfoService.java:1421)
	at org.wildfly.extension.undertow@8.1.1.GA-redhat-00012//org.wildfly.extension.undertow.deployment.UndertowDeploymentInfoService$UndertowThreadSetupAction.lambda$create$0(UndertowDeploymentInfoService.java:1421)
	at io.undertow.servlet@2.3.23.SP3-redhat-00001//io.undertow.servlet.handlers.ServletInitialHandler.dispatchRequest(ServletInitialHandler.java:251)
	at io.undertow.servlet@2.3.23.SP3-redhat-00001//io.undertow.servlet.handlers.ServletInitialHandler.lambda$new$1(ServletInitialHandler.java:99)
	at io.undertow.core@2.3.23.SP3-redhat-00001//io.undertow.server.Connectors.executeRootHandler(Connectors.java:418)
	at io.undertow.core@2.3.23.SP3-redhat-00001//io.undertow.server.HttpServerExchange$1.run(HttpServerExchange.java:938)
	at org.jboss.threads@2.5.0.redhat-00001//org.jboss.threads.ContextClassLoaderSavingRunnable.run(ContextClassLoaderSavingRunnable.java:35)
	at org.jboss.threads@2.5.0.redhat-00001//org.jboss.threads.EnhancedQueueExecutor.safeRun(EnhancedQueueExecutor.java:2024)
	at org.jboss.threads@2.5.0.redhat-00001//org.jboss.threads.EnhancedQueueExecutor$ThreadBody.doRunTask(EnhancedQueueExecutor.java:1520)
	at org.jboss.threads@2.5.0.redhat-00001//org.jboss.threads.EnhancedQueueExecutor$ThreadBody.run(EnhancedQueueExecutor.java:1411)
	at org.jboss.xnio@3.8.16.Final-redhat-00001//org.xnio.XnioWorker$WorkerThreadFactory$1$1.run(XnioWorker.java:1282)
	at java.base/java.lang.Thread.run(Thread.java:1583)

[0m[32m14:37:32,854 DEBUG [org.wildfly.clustering.marshalling.ByteBufferMarshalledValue] (default task-1) Marshalled size of java.util.concurrent.ConcurrentHashMap object = 1884 bytes
[0m[32m14:37:34,854 DEBUG [io.undertow.request] (default I/O-16) Matched default handler path /index.xhtml
[0m[32m14:37:34,855 FINE  [jakarta.enterprise.resource.webcontainer.faces.lifecycle] (default task-1) execute(com.sun.faces.context.FacesContextImpl@a4fd0e1)
[0m[32m14:37:34,855 FINE  [jakarta.enterprise.resource.webcontainer.faces.lifecycle] (default task-1) Entering RestoreViewPhase
[0m[32m14:37:34,855 FINE  [jakarta.enterprise.resource.webcontainer.faces.application] (default task-1) Created component with component type of 'jakarta.faces.ViewRoot'
[0m[32m14:37:34,855 FINE  [jakarta.enterprise.resource.webcontainer.faces.application] (default task-1) Created component with component type of 'jakarta.faces.ViewRoot'
[0m[32m14:37:34,855 FINE  [jakarta.enterprise.resource.webcontainer.faces.application] (default task-1) Created component with component type of 'jakarta.faces.ViewRoot'
[0m[32m14:37:34,855 FINE  [jakarta.enterprise.resource.webcontainer.faces.lifecycle] (default task-1) New request: creating a view for /index.xhtml
[0m[32m14:37:34,855 FINE  [jakarta.enterprise.resource.webcontainer.faces.application] (default task-1) Created component with component type of 'jakarta.faces.ViewRoot'
[0m[32m14:37:34,855 FINE  [jakarta.enterprise.resource.webcontainer.faces.application] (default task-1) Created new view for /index.xhtml
[0m[32m14:37:34,856 FINE  [jakarta.enterprise.resource.webcontainer.faces.application] (default task-1) Locale for this view as determined by calculateLocale en_US
[0m[32m14:37:34,856 FINE  [jakarta.enterprise.resource.webcontainer.faces.application] (default task-1) Created component with component type of 'jakarta.faces.ViewRoot'
[0m[32m14:37:34,856 FINE  [jakarta.enterprise.resource.webcontainer.faces.application] (default task-1) RenderKitId for this view as determined by calculateRenderKitId HTML_BASIC
[0m[32m14:37:34,857 FINE  [jakarta.enterprise.resource.webcontainer.faces.lifecycle] (default task-1) Exiting RestoreViewPhase
[0m[32m14:37:34,857 FINE  [jakarta.enterprise.resource.webcontainer.faces.timing] (default task-1)  [TIMING] - [2ms] : Execution time for phase (including any PhaseListeners) -> RESTORE_VIEW 1
[0m[32m14:37:34,857 FINE  [jakarta.enterprise.resource.webcontainer.faces.lifecycle] (default task-1) render(com.sun.faces.context.FacesContextImpl@a4fd0e1)
[0m[32m14:37:34,857 FINE  [jakarta.enterprise.resource.webcontainer.faces.lifecycle] (default task-1) Entering RenderResponsePhase
[0m[32m14:37:34,857 FINE  [jakarta.enterprise.resource.webcontainer.faces.lifecycle] (default task-1) About to render view /index.xhtml
[0m[32m14:37:34,857 FINE  [jakarta.enterprise.resource.webcontainer.faces.application] (default task-1) Building View: /index.xhtml
[0m[32m14:37:34,858 FINE  [jakarta.enterprise.resource.webcontainer.faces.application] (default task-1) Created component with component type of 'jakarta.faces.Output'
[0m[32m14:37:34,858 FINE  [jakarta.enterprise.resource.webcontainer.faces.facelets.tag.component] (default task-1) /index.xhtml @6,11 <h:head> Component[2059540600_7ac2185f] Created: jakarta.faces.component.UIOutput
[0m[32m14:37:34,858 FINE  [jakarta.enterprise.resource.webcontainer.faces.application] (default task-1) Created component with component type of 'jakarta.faces.OutputBody'
[0m[32m14:37:34,858 FINE  [jakarta.enterprise.resource.webcontainer.faces.facelets.tag.component] (default task-1) /index.xhtml @10,11 <h:body> Component[2059540600_7ac21839] Created: jakarta.faces.component.html.HtmlBody
[0m[32m14:37:34,858 FINE  [jakarta.enterprise.resource.webcontainer.faces.application] (default task-1) Created component with component type of 'jakarta.faces.HtmlPanelGroup'
[0m[32m14:37:34,858 FINE  [jakarta.enterprise.resource.webcontainer.faces.facelets.tag.component] (default task-1) /index.xhtml @13,60 <h:panelGroup> Component[2059540600_7ac21823] Created: jakarta.faces.component.html.HtmlPanelGroup
[0m[32m14:37:34,858 FINE  [jakarta.enterprise.resource.webcontainer.faces.application] (default task-1) Created component with component type of 'jakarta.faces.HtmlOutputText'
[0m[32m14:37:34,858 FINE  [jakarta.enterprise.resource.webcontainer.faces.facelets.tag.component] (default task-1) /index.xhtml @15,61 <h:outputText> Component[2059540600_7ac2180d] Created: jakarta.faces.component.html.HtmlOutputText
[0m[32m14:37:34,858 FINE  [jakarta.enterprise.resource.webcontainer.faces.application] (default task-1) Created component with component type of 'jakarta.faces.HtmlPanelGroup'
[0m[32m14:37:34,858 FINE  [jakarta.enterprise.resource.webcontainer.faces.facelets.tag.component] (default task-1) /index.xhtml @17,60 <h:panelGroup> Component[2059540600_7ac218fa] Created: jakarta.faces.component.html.HtmlPanelGroup
[0m[32m14:37:34,858 FINE  [jakarta.enterprise.resource.webcontainer.faces.application] (default task-1) Created component with component type of 'jakarta.faces.HtmlOutputText'
[0m[32m14:37:34,859 FINE  [jakarta.enterprise.resource.webcontainer.faces.facelets.tag.component] (default task-1) /index.xhtml @19,60 <h:outputText> Component[2059540600_7ac218e4] Created: jakarta.faces.component.html.HtmlOutputText
[0m[32m14:37:34,859 FINE  [jakarta.enterprise.resource.webcontainer.faces.application] (default task-1) Created component with component type of 'jakarta.faces.HtmlPanelGroup'
[0m[32m14:37:34,859 FINE  [jakarta.enterprise.resource.webcontainer.faces.facelets.tag.component] (default task-1) /index.xhtml @21,61 <h:panelGroup> Component[2059540600_7ac218d1] Created: jakarta.faces.component.html.HtmlPanelGroup
[0m[32m14:37:34,859 FINE  [jakarta.enterprise.resource.webcontainer.faces.application] (default task-1) Created component with component type of 'jakarta.faces.HtmlOutputText'
[0m[32m14:37:34,859 FINE  [jakarta.enterprise.resource.webcontainer.faces.facelets.tag.component] (default task-1) /index.xhtml @23,59 <h:outputText> Component[2059540600_7ac218bb] Created: jakarta.faces.component.html.HtmlOutputText
[0m[32m14:37:34,859 FINE  [jakarta.enterprise.resource.webcontainer.faces.application] (default task-1) Created component with component type of 'jakarta.faces.HtmlForm'
[0m[32m14:37:34,859 FINE  [jakarta.enterprise.resource.webcontainer.faces.facelets.tag.component] (default task-1) /index.xhtml @26,11 <h:form> Component[2059540600_7ac218a8] Created: jakarta.faces.component.html.HtmlForm
[0m[32m14:37:34,859 FINE  [jakarta.enterprise.resource.webcontainer.faces.application] (default task-1) Created component with component type of 'jakarta.faces.HtmlPanelGroup'
[0m[32m14:37:34,859 FINE  [jakarta.enterprise.resource.webcontainer.faces.facelets.tag.component] (default task-1) /index.xhtml @27,62 <h:panelGroup> Component[2059540600_7ac21892] Created: jakarta.faces.component.html.HtmlPanelGroup
[0m[32m14:37:34,859 FINE  [jakarta.enterprise.resource.webcontainer.faces.application] (default task-1) Created component with component type of 'jakarta.faces.HtmlCommandButton'
[0m[32m14:37:34,859 FINE  [jakarta.enterprise.resource.webcontainer.faces.facelets.tag.component] (default task-1) /index.xhtml @29,119 <h:commandButton> Component[2059540600_7ac2197c] Created: jakarta.faces.component.html.HtmlCommandButton
[0m[32m14:37:34,859 FINE  [jakarta.enterprise.resource.webcontainer.faces.application] (default task-1) Created component with component type of 'jakarta.faces.HtmlCommandButton'
[0m[32m14:37:34,859 FINE  [jakarta.enterprise.resource.webcontainer.faces.facelets.tag.component] (default task-1) /index.xhtml @30,112 <h:commandButton> Component[2059540600_7ac21969] Created: jakarta.faces.component.html.HtmlCommandButton
[0m[32m14:37:34,859 FINE  [jakarta.enterprise.resource.webcontainer.faces.application] (default task-1) Created component with component type of 'jakarta.faces.HtmlPanelGroup'
[0m[32m14:37:34,859 FINE  [jakarta.enterprise.resource.webcontainer.faces.facelets.tag.component] (default task-1) /index.xhtml @33,34 <h:panelGroup> Component[2059540600_7ac21966] Created: jakarta.faces.component.html.HtmlPanelGroup
[0m[32m14:37:34,860 FINE  [jakarta.enterprise.resource.webcontainer.faces.application] (default task-1) Created component with component type of 'jakarta.faces.HtmlCommandButton'
[0m[32m14:37:34,860 FINE  [jakarta.enterprise.resource.webcontainer.faces.facelets.tag.component] (default task-1) /index.xhtml @35,124 <h:commandButton> Component[2059540600_7ac21940] Created: jakarta.faces.component.html.HtmlCommandButton
[0m[32m14:37:34,860 FINE  [jakarta.enterprise.resource.webcontainer.faces.application] (default task-1) Created component with component type of 'jakarta.faces.HtmlCommandButton'
[0m[32m14:37:34,860 FINE  [jakarta.enterprise.resource.webcontainer.faces.facelets.tag.component] (default task-1) /index.xhtml @36,117 <h:commandButton> Component[2059540600_7ac2193d] Created: jakarta.faces.component.html.HtmlCommandButton
[0m[32m14:37:34,860 FINE  [jakarta.enterprise.resource.webcontainer.faces.application] (default task-1) Rendering View: /index.xhtml
[0m[32m14:37:34,862 DEBUG [org.wildfly.clustering.marshalling.ByteBufferMarshalledValue] (default task-1) Marshalled size of java.util.concurrent.ConcurrentHashMap object = 588 bytes
[0m[32m14:37:34,865 FINE  [jakarta.enterprise.resource.webcontainer.faces.renderkit] (default task-1) component.getValue() returned 2-vnH0vNiBPielPx4bJ0qOLWs2GhojJGVh8kSjbl
[0m[32m14:37:34,865 FINE  [jakarta.enterprise.resource.webcontainer.faces.renderkit] (default task-1) Value to be rendered 2-vnH0vNiBPielPx4bJ0qOLWs2GhojJGVh8kSjbl
[0m[32m14:37:34,865 FINE  [jakarta.enterprise.resource.webcontainer.faces.renderkit] (default task-1) component.getValue() returned 060a48fb51ef
[0m[32m14:37:34,865 FINE  [jakarta.enterprise.resource.webcontainer.faces.renderkit] (default task-1) Value to be rendered 060a48fb51ef
[0m[32m14:37:34,866 FINE  [jakarta.enterprise.resource.webcontainer.faces.renderkit] (default task-1) component.getValue() returned 0
[0m[32m14:37:34,866 FINE  [jakarta.enterprise.resource.webcontainer.faces.application] (default task-1) Created converter of type 'jakarta.faces.convert.IntegerConverter'
[0m[32m14:37:34,866 FINE  [jakarta.enterprise.resource.webcontainer.faces.renderkit] (default task-1) Value to be rendered 0
[0m[32m14:37:34,867 FINE  [jakarta.enterprise.resource.webcontainer.faces.application] (default task-1) Begin writing marker for viewId /index.xhtml
[0m[32m14:37:34,867 FINE  [jakarta.enterprise.resource.webcontainer.faces.application] (default task-1) End writing marker for viewId /index.xhtml
[0m[32m14:37:34,867 FINE  [jakarta.faces.component] (default task-1) j_id1
[0m[32m14:37:34,868 FINE  [jakarta.enterprise.resource.webcontainer.faces.lifecycle] (default task-1) Exiting RenderResponsePhase
[0m[32m14:37:34,868 FINE  [jakarta.enterprise.resource.webcontainer.faces.timing] (default task-1)  [TIMING] - [11ms] : Execution time for phase (including any PhaseListeners) -> RENDER_RESPONSE 6
[0m[32m14:37:34,870 DEBUG [org.wildfly.clustering.marshalling.ByteBufferMarshalledValue] (default task-1) Marshalled size of java.util.concurrent.ConcurrentHashMap object = 1884 bytes
[0m[32m14:37:34,872 DEBUG [io.undertow.request.io] (default I/O-16) UT005013: An IOException occurred: java.net.SocketException: Connection reset
	at java.base/sun.nio.ch.SocketChannelImpl.throwConnectionReset(SocketChannelImpl.java:401)
	at java.base/sun.nio.ch.SocketChannelImpl.read(SocketChannelImpl.java:434)
	at org.jboss.xnio.nio@3.8.16.Final-redhat-00001//org.xnio.nio.NioSocketConduit.read(NioSocketConduit.java:289)
	at org.jboss.xnio@3.8.16.Final-redhat-00001//org.xnio.conduits.AbstractStreamSourceConduit.read(AbstractStreamSourceConduit.java:51)
	at io.undertow.core@2.3.23.SP3-redhat-00001//io.undertow.conduits.ReadTimeoutStreamSourceConduit.read(ReadTimeoutStreamSourceConduit.java:181)
	at org.jboss.xnio@3.8.16.Final-redhat-00001//org.xnio.conduits.AbstractStreamSourceConduit.read(AbstractStreamSourceConduit.java:51)
	at io.undertow.core@2.3.23.SP3-redhat-00001//io.undertow.conduits.BytesReceivedStreamSourceConduit.read(BytesReceivedStreamSourceConduit.java:67)
	at org.jboss.xnio@3.8.16.Final-redhat-00001//org.xnio.conduits.ConduitStreamSourceChannel.read(ConduitStreamSourceChannel.java:127)
	at io.undertow.core@2.3.23.SP3-redhat-00001//io.undertow.util.ConnectionUtils$4.handleEvent(ConnectionUtils.java:110)
	at io.undertow.core@2.3.23.SP3-redhat-00001//io.undertow.util.ConnectionUtils$4.handleEvent(ConnectionUtils.java:106)
	at org.jboss.xnio@3.8.16.Final-redhat-00001//org.xnio.ChannelListeners.invokeChannelListener(ChannelListeners.java:92)
	at org.jboss.xnio@3.8.16.Final-redhat-00001//org.xnio.conduits.ReadReadyHandler$ChannelListenerHandler.readReady(ReadReadyHandler.java:66)
	at io.undertow.core@2.3.23.SP3-redhat-00001//io.undertow.conduits.ReadTimeoutStreamSourceConduit$2.readReady(ReadTimeoutStreamSourceConduit.java:106)
	at org.jboss.xnio.nio@3.8.16.Final-redhat-00001//org.xnio.nio.NioSocketConduit.handleReady(NioSocketConduit.java:89)
	at org.jboss.xnio.nio@3.8.16.Final-redhat-00001//org.xnio.nio.WorkerThread.run(WorkerThread.java:603)

[0m[32m14:37:36,873 DEBUG [io.undertow.request] (default I/O-10) Matched default handler path /index.xhtml
[0m[32m14:37:36,875 FINE  [jakarta.enterprise.resource.webcontainer.faces.lifecycle] (default task-1) execute(com.sun.faces.context.FacesContextImpl@6c007676)
[0m[32m14:37:36,875 FINE  [jakarta.enterprise.resource.webcontainer.faces.lifecycle] (default task-1) Entering RestoreViewPhase
[0m[32m14:37:36,876 FINE  [jakarta.enterprise.resource.webcontainer.faces.application] (default task-1) Created component with component type of 'jakarta.faces.ViewRoot'
[0m[32m14:37:36,876 FINE  [jakarta.enterprise.resource.webcontainer.faces.application] (default task-1) Created component with component type of 'jakarta.faces.ViewRoot'
[0m[32m14:37:36,876 FINE  [jakarta.enterprise.resource.webcontainer.faces.application] (default task-1) Created component with component type of 'jakarta.faces.ViewRoot'
[0m[32m14:37:36,876 FINE  [jakarta.enterprise.resource.webcontainer.faces.lifecycle] (default task-1) New request: creating a view for /index.xhtml
[0m[32m14:37:36,876 FINE  [jakarta.enterprise.resource.webcontainer.faces.application] (default task-1) Created component with component type of 'jakarta.faces.ViewRoot'
[0m[32m14:37:36,877 FINE  [jakarta.enterprise.resource.webcontainer.faces.application] (default task-1) Created new view for /index.xhtml
[0m[32m14:37:36,877 FINE  [jakarta.enterprise.resource.webcontainer.faces.application] (default task-1) Locale for this view as determined by calculateLocale en_US
[0m[32m14:37:36,877 FINE  [jakarta.enterprise.resource.webcontainer.faces.application] (default task-1) Created component with component type of 'jakarta.faces.ViewRoot'
[0m[32m14:37:36,877 FINE  [jakarta.enterprise.resource.webcontainer.faces.application] (default task-1) RenderKitId for this view as determined by calculateRenderKitId HTML_BASIC
[0m[32m14:37:36,878 FINE  [jakarta.enterprise.resource.webcontainer.faces.lifecycle] (default task-1) Exiting RestoreViewPhase
[0m[32m14:37:36,878 FINE  [jakarta.enterprise.resource.webcontainer.faces.timing] (default task-1)  [TIMING] - [3ms] : Execution time for phase (including any PhaseListeners) -> RESTORE_VIEW 1
[0m[32m14:37:36,878 FINE  [jakarta.enterprise.resource.webcontainer.faces.lifecycle] (default task-1) render(com.sun.faces.context.FacesContextImpl@6c007676)
[0m[32m14:37:36,879 FINE  [jakarta.enterprise.resource.webcontainer.faces.lifecycle] (default task-1) Entering RenderResponsePhase
[0m[32m14:37:36,879 FINE  [jakarta.enterprise.resource.webcontainer.faces.lifecycle] (default task-1) About to render view /index.xhtml
[0m[32m14:37:36,879 FINE  [jakarta.enterprise.resource.webcontainer.faces.application] (default task-1) Building View: /index.xhtml
[0m[32m14:37:36,880 FINE  [jakarta.enterprise.resource.webcontainer.faces.application] (default task-1) Created component with component type of 'jakarta.faces.Output'
[0m[32m14:37:36,880 FINE  [jakarta.enterprise.resource.webcontainer.faces.facelets.tag.component] (default task-1) /index.xhtml @6,11 <h:head> Component[2059540600_7ac2185f] Created: jakarta.faces.component.UIOutput
[0m[32m14:37:36,880 FINE  [jakarta.enterprise.resource.webcontainer.faces.application] (default task-1) Created component with component type of 'jakarta.faces.OutputBody'
[0m[32m14:37:36,880 FINE  [jakarta.enterprise.resource.webcontainer.faces.facelets.tag.component] (default task-1) /index.xhtml @10,11 <h:body> Component[2059540600_7ac21839] Created: jakarta.faces.component.html.HtmlBody
[0m[32m14:37:36,880 FINE  [jakarta.enterprise.resource.webcontainer.faces.application] (default task-1) Created component with component type of 'jakarta.faces.HtmlPanelGroup'
[0m[32m14:37:36,880 FINE  [jakarta.enterprise.resource.webcontainer.faces.facelets.tag.component] (default task-1) /index.xhtml @13,60 <h:panelGroup> Component[2059540600_7ac21823] Created: jakarta.faces.component.html.HtmlPanelGroup
[0m[32m14:37:36,881 FINE  [jakarta.enterprise.resource.webcontainer.faces.application] (default task-1) Created component with component type of 'jakarta.faces.HtmlOutputText'
[0m[32m14:37:36,881 FINE  [jakarta.enterprise.resource.webcontainer.faces.facelets.tag.component] (default task-1) /index.xhtml @15,61 <h:outputText> Component[2059540600_7ac2180d] Created: jakarta.faces.component.html.HtmlOutputText
[0m[32m14:37:36,881 FINE  [jakarta.enterprise.resource.webcontainer.faces.application] (default task-1) Created component with component type of 'jakarta.faces.HtmlPanelGroup'
[0m[32m14:37:36,881 FINE  [jakarta.enterprise.resource.webcontainer.faces.facelets.tag.component] (default task-1) /index.xhtml @17,60 <h:panelGroup> Component[2059540600_7ac218fa] Created: jakarta.faces.component.html.HtmlPanelGroup
[0m[32m14:37:36,881 FINE  [jakarta.enterprise.resource.webcontainer.faces.application] (default task-1) Created component with component type of 'jakarta.faces.HtmlOutputText'
[0m[32m14:37:36,881 FINE  [jakarta.enterprise.resource.webcontainer.faces.facelets.tag.component] (default task-1) /index.xhtml @19,60 <h:outputText> Component[2059540600_7ac218e4] Created: jakarta.faces.component.html.HtmlOutputText
[0m[32m14:37:36,881 FINE  [jakarta.enterprise.resource.webcontainer.faces.application] (default task-1) Created component with component type of 'jakarta.faces.HtmlPanelGroup'
[0m[32m14:37:36,881 FINE  [jakarta.enterprise.resource.webcontainer.faces.facelets.tag.component] (default task-1) /index.xhtml @21,61 <h:panelGroup> Component[2059540600_7ac218d1] Created: jakarta.faces.component.html.HtmlPanelGroup
[0m[32m14:37:36,881 FINE  [jakarta.enterprise.resource.webcontainer.faces.application] (default task-1) Created component with component type of 'jakarta.faces.HtmlOutputText'
[0m[32m14:37:36,882 FINE  [jakarta.enterprise.resource.webcontainer.faces.facelets.tag.component] (default task-1) /index.xhtml @23,59 <h:outputText> Component[2059540600_7ac218bb] Created: jakarta.faces.component.html.HtmlOutputText
[0m[32m14:37:36,882 FINE  [jakarta.enterprise.resource.webcontainer.faces.application] (default task-1) Created component with component type of 'jakarta.faces.HtmlForm'
[0m[32m14:37:36,882 FINE  [jakarta.enterprise.resource.webcontainer.faces.facelets.tag.component] (default task-1) /index.xhtml @26,11 <h:form> Component[2059540600_7ac218a8] Created: jakarta.faces.component.html.HtmlForm
[0m[32m14:37:36,882 FINE  [jakarta.enterprise.resource.webcontainer.faces.application] (default task-1) Created component with component type of 'jakarta.faces.HtmlPanelGroup'
[0m[32m14:37:36,882 FINE  [jakarta.enterprise.resource.webcontainer.faces.facelets.tag.component] (default task-1) /index.xhtml @27,62 <h:panelGroup> Component[2059540600_7ac21892] Created: jakarta.faces.component.html.HtmlPanelGroup
[0m[32m14:37:36,882 FINE  [jakarta.enterprise.resource.webcontainer.faces.application] (default task-1) Created component with component type of 'jakarta.faces.HtmlCommandButton'
[0m[32m14:37:36,882 FINE  [jakarta.enterprise.resource.webcontainer.faces.facelets.tag.component] (default task-1) /index.xhtml @29,119 <h:commandButton> Component[2059540600_7ac2197c] Created: jakarta.faces.component.html.HtmlCommandButton
[0m[32m14:37:36,882 FINE  [jakarta.enterprise.resource.webcontainer.faces.application] (default task-1) Created component with component type of 'jakarta.faces.HtmlCommandButton'
[0m[32m14:37:36,882 FINE  [jakarta.enterprise.resource.webcontainer.faces.facelets.tag.component] (default task-1) /index.xhtml @30,112 <h:commandButton> Component[2059540600_7ac21969] Created: jakarta.faces.component.html.HtmlCommandButton
[0m[32m14:37:36,883 FINE  [jakarta.enterprise.resource.webcontainer.faces.application] (default task-1) Created component with component type of 'jakarta.faces.HtmlPanelGroup'
[0m[32m14:37:36,883 FINE  [jakarta.enterprise.resource.webcontainer.faces.facelets.tag.component] (default task-1) /index.xhtml @33,34 <h:panelGroup> Component[2059540600_7ac21966] Created: jakarta.faces.component.html.HtmlPanelGroup
[0m[32m14:37:36,883 FINE  [jakarta.enterprise.resource.webcontainer.faces.application] (default task-1) Created component with component type of 'jakarta.faces.HtmlCommandButton'
[0m[32m14:37:36,883 FINE  [jakarta.enterprise.resource.webcontainer.faces.facelets.tag.component] (default task-1) /index.xhtml @35,124 <h:commandButton> Component[2059540600_7ac21940] Created: jakarta.faces.component.html.HtmlCommandButton
[0m[32m14:37:36,883 FINE  [jakarta.enterprise.resource.webcontainer.faces.application] (default task-1) Created component with component type of 'jakarta.faces.HtmlCommandButton'
[0m[32m14:37:36,883 FINE  [jakarta.enterprise.resource.webcontainer.faces.facelets.tag.component] (default task-1) /index.xhtml @36,117 <h:commandButton> Component[2059540600_7ac2193d] Created: jakarta.faces.component.html.HtmlCommandButton
[0m[32m14:37:36,884 FINE  [jakarta.enterprise.resource.webcontainer.faces.application] (default task-1) Rendering View: /index.xhtml
[0m[32m14:37:36,886 DEBUG [org.wildfly.clustering.marshalling.ByteBufferMarshalledValue] (default task-1) Marshalled size of java.util.concurrent.ConcurrentHashMap object = 588 bytes
[0m[32m14:37:36,888 FINE  [jakarta.enterprise.resource.webcontainer.faces.renderkit] (default task-1) component.getValue() returned 25TFR6wP73ZVZKwL4tOiviWC4IRtJ0KFPuQFyUVS
[0m[32m14:37:36,888 FINE  [jakarta.enterprise.resource.webcontainer.faces.renderkit] (default task-1) Value to be rendered 25TFR6wP73ZVZKwL4tOiviWC4IRtJ0KFPuQFyUVS
[0m[32m14:37:36,889 FINE  [jakarta.enterprise.resource.webcontainer.faces.renderkit] (default task-1) component.getValue() returned 060a48fb51ef
[0m[32m14:37:36,889 FINE  [jakarta.enterprise.resource.webcontainer.faces.renderkit] (default task-1) Value to be rendered 060a48fb51ef
[0m[32m14:37:36,889 FINE  [jakarta.enterprise.resource.webcontainer.faces.renderkit] (default task-1) component.getValue() returned 0
[0m[32m14:37:36,889 FINE  [jakarta.enterprise.resource.webcontainer.faces.application] (default task-1) Created converter of type 'jakarta.faces.convert.IntegerConverter'
[0m[32m14:37:36,889 FINE  [jakarta.enterprise.resource.webcontainer.faces.renderkit] (default task-1) Value to be rendered 0
[0m[32m14:37:36,890 FINE  [jakarta.enterprise.resource.webcontainer.faces.application] (default task-1) Begin writing marker for viewId /index.xhtml
[0m[32m14:37:36,890 FINE  [jakarta.enterprise.resource.webcontainer.faces.application] (default task-1) End writing marker for viewId /index.xhtml
[0m[32m14:37:36,891 FINE  [jakarta.faces.component] (default task-1) j_id1
[0m[32m14:37:36,891 FINE  [jakarta.enterprise.resource.webcontainer.faces.lifecycle] (default task-1) Exiting RenderResponsePhase
[0m[32m14:37:36,891 FINE  [jakarta.enterprise.resource.webcontainer.faces.timing] (default task-1)  [TIMING] - [12ms] : Execution time for phase (including any PhaseListeners) -> RENDER_RESPONSE 6
[0m[32m14:37:36,892 DEBUG [org.wildfly.clustering.marshalling.ByteBufferMarshalledValue] (default task-1) Marshalled size of java.util.concurrent.ConcurrentHashMap object = 1884 bytes
[0m[32m14:37:38,897 DEBUG [io.undertow.request] (default I/O-14) Matched default handler path /index.xhtml
[0m[32m14:37:38,899 FINE  [jakarta.enterprise.resource.webcontainer.faces.lifecycle] (default task-1) execute(com.sun.faces.context.FacesContextImpl@2d6a6df8)
[0m[32m14:37:38,899 FINE  [jakarta.enterprise.resource.webcontainer.faces.lifecycle] (default task-1) Entering RestoreViewPhase
[0m[32m14:37:38,899 FINE  [jakarta.enterprise.resource.webcontainer.faces.application] (default task-1) Created component with component type of 'jakarta.faces.ViewRoot'
[0m[32m14:37:38,899 FINE  [jakarta.enterprise.resource.webcontainer.faces.application] (default task-1) Created component with component type of 'jakarta.faces.ViewRoot'
[0m[32m14:37:38,899 FINE  [jakarta.enterprise.resource.webcontainer.faces.application] (default task-1) Created component with component type of 'jakarta.faces.ViewRoot'
[0m[32m14:37:38,899 FINE  [jakarta.enterprise.resource.webcontainer.faces.lifecycle] (default task-1) New request: creating a view for /index.xhtml
[0m[32m14:37:38,900 FINE  [jakarta.enterprise.resource.webcontainer.faces.application] (default task-1) Created component with component type of 'jakarta.faces.ViewRoot'
[0m[32m14:37:38,900 FINE  [jakarta.enterprise.resource.webcontainer.faces.application] (default task-1) Created new view for /index.xhtml
[0m[32m14:37:38,900 FINE  [jakarta.enterprise.resource.webcontainer.faces.application] (default task-1) Locale for this view as determined by calculateLocale en_US
[0m[32m14:37:38,900 FINE  [jakarta.enterprise.resource.webcontainer.faces.application] (default task-1) Created component with component type of 'jakarta.faces.ViewRoot'
[0m[32m14:37:38,900 FINE  [jakarta.enterprise.resource.webcontainer.faces.application] (default task-1) RenderKitId for this view as determined by calculateRenderKitId HTML_BASIC
[0m[32m14:37:38,901 FINE  [jakarta.enterprise.resource.webcontainer.faces.lifecycle] (default task-1) Exiting RestoreViewPhase
[0m[32m14:37:38,901 FINE  [jakarta.enterprise.resource.webcontainer.faces.timing] (default task-1)  [TIMING] - [2ms] : Execution time for phase (including any PhaseListeners) -> RESTORE_VIEW 1
[0m[32m14:37:38,901 FINE  [jakarta.enterprise.resource.webcontainer.faces.lifecycle] (default task-1) render(com.sun.faces.context.FacesContextImpl@2d6a6df8)
[0m[32m14:37:38,901 FINE  [jakarta.enterprise.resource.webcontainer.faces.lifecycle] (default task-1) Entering RenderResponsePhase
[0m[32m14:37:38,901 FINE  [jakarta.enterprise.resource.webcontainer.faces.lifecycle] (default task-1) About to render view /index.xhtml
[0m[32m14:37:38,902 FINE  [jakarta.enterprise.resource.webcontainer.faces.application] (default task-1) Building View: /index.xhtml
[0m[32m14:37:38,903 FINE  [jakarta.enterprise.resource.webcontainer.faces.application] (default task-1) Created component with component type of 'jakarta.faces.Output'
[0m[32m14:37:38,903 FINE  [jakarta.enterprise.resource.webcontainer.faces.facelets.tag.component] (default task-1) /index.xhtml @6,11 <h:head> Component[2059540600_7ac2185f] Created: jakarta.faces.component.UIOutput
[0m[32m14:37:38,903 FINE  [jakarta.enterprise.resource.webcontainer.faces.application] (default task-1) Created component with component type of 'jakarta.faces.OutputBody'
[0m[32m14:37:38,903 FINE  [jakarta.enterprise.resource.webcontainer.faces.facelets.tag.component] (default task-1) /index.xhtml @10,11 <h:body> Component[2059540600_7ac21839] Created: jakarta.faces.component.html.HtmlBody
[0m[32m14:37:38,903 FINE  [jakarta.enterprise.resource.webcontainer.faces.application] (default task-1) Created component with component type of 'jakarta.faces.HtmlPanelGroup'
[0m[32m14:37:38,903 FINE  [jakarta.enterprise.resource.webcontainer.faces.facelets.tag.component] (default task-1) /index.xhtml @13,60 <h:panelGroup> Component[2059540600_7ac21823] Created: jakarta.faces.component.html.HtmlPanelGroup
[0m[32m14:37:38,904 FINE  [jakarta.enterprise.resource.webcontainer.faces.application] (default task-1) Created component with component type of 'jakarta.faces.HtmlOutputText'
[0m[32m14:37:38,904 FINE  [jakarta.enterprise.resource.webcontainer.faces.facelets.tag.component] (default task-1) /index.xhtml @15,61 <h:outputText> Component[2059540600_7ac2180d] Created: jakarta.faces.component.html.HtmlOutputText
[0m[32m14:37:38,904 FINE  [jakarta.enterprise.resource.webcontainer.faces.application] (default task-1) Created component with component type of 'jakarta.faces.HtmlPanelGroup'
[0m[32m14:37:38,904 FINE  [jakarta.enterprise.resource.webcontainer.faces.facelets.tag.component] (default task-1) /index.xhtml @17,60 <h:panelGroup> Component[2059540600_7ac218fa] Created: jakarta.faces.component.html.HtmlPanelGroup
[0m[32m14:37:38,904 FINE  [jakarta.enterprise.resource.webcontainer.faces.application] (default task-1) Created component with component type of 'jakarta.faces.HtmlOutputText'
[0m[32m14:37:38,904 FINE  [jakarta.enterprise.resource.webcontainer.faces.facelets.tag.component] (default task-1) /index.xhtml @19,60 <h:outputText> Component[2059540600_7ac218e4] Created: jakarta.faces.component.html.HtmlOutputText
[0m[32m14:37:38,904 FINE  [jakarta.enterprise.resource.webcontainer.faces.application] (default task-1) Created component with component type of 'jakarta.faces.HtmlPanelGroup'
[0m[32m14:37:38,904 FINE  [jakarta.enterprise.resource.webcontainer.faces.facelets.tag.component] (default task-1) /index.xhtml @21,61 <h:panelGroup> Component[2059540600_7ac218d1] Created: jakarta.faces.component.html.HtmlPanelGroup
[0m[32m14:37:38,905 FINE  [jakarta.enterprise.resource.webcontainer.faces.application] (default task-1) Created component with component type of 'jakarta.faces.HtmlOutputText'
[0m[32m14:37:38,905 FINE  [jakarta.enterprise.resource.webcontainer.faces.facelets.tag.component] (default task-1) /index.xhtml @23,59 <h:outputText> Component[2059540600_7ac218bb] Created: jakarta.faces.component.html.HtmlOutputText
[0m[32m14:37:38,905 FINE  [jakarta.enterprise.resource.webcontainer.faces.application] (default task-1) Created component with component type of 'jakarta.faces.HtmlForm'
[0m[32m14:37:38,905 FINE  [jakarta.enterprise.resource.webcontainer.faces.facelets.tag.component] (default task-1) /index.xhtml @26,11 <h:form> Component[2059540600_7ac218a8] Created: jakarta.faces.component.html.HtmlForm
[0m[32m14:37:38,905 FINE  [jakarta.enterprise.resource.webcontainer.faces.application] (default task-1) Created component with component type of 'jakarta.faces.HtmlPanelGroup'
[0m[32m14:37:38,905 FINE  [jakarta.enterprise.resource.webcontainer.faces.facelets.tag.component] (default task-1) /index.xhtml @27,62 <h:panelGroup> Component[2059540600_7ac21892] Created: jakarta.faces.component.html.HtmlPanelGroup
[0m[32m14:37:38,905 FINE  [jakarta.enterprise.resource.webcontainer.faces.application] (default task-1) Created component with component type of 'jakarta.faces.HtmlCommandButton'
[0m[32m14:37:38,906 FINE  [jakarta.enterprise.resource.webcontainer.faces.facelets.tag.component] (default task-1) /index.xhtml @29,119 <h:commandButton> Component[2059540600_7ac2197c] Created: jakarta.faces.component.html.HtmlCommandButton
[0m[32m14:37:38,906 FINE  [jakarta.enterprise.resource.webcontainer.faces.application] (default task-1) Created component with component type of 'jakarta.faces.HtmlCommandButton'
[0m[32m14:37:38,906 FINE  [jakarta.enterprise.resource.webcontainer.faces.facelets.tag.component] (default task-1) /index.xhtml @30,112 <h:commandButton> Component[2059540600_7ac21969] Created: jakarta.faces.component.html.HtmlCommandButton
[0m[32m14:37:38,906 FINE  [jakarta.enterprise.resource.webcontainer.faces.application] (default task-1) Created component with component type of 'jakarta.faces.HtmlPanelGroup'
[0m[32m14:37:38,906 FINE  [jakarta.enterprise.resource.webcontainer.faces.facelets.tag.component] (default task-1) /index.xhtml @33,34 <h:panelGroup> Component[2059540600_7ac21966] Created: jakarta.faces.component.html.HtmlPanelGroup
[0m[32m14:37:38,906 FINE  [jakarta.enterprise.resource.webcontainer.faces.application] (default task-1) Created component with component type of 'jakarta.faces.HtmlCommandButton'
[0m[32m14:37:38,906 FINE  [jakarta.enterprise.resource.webcontainer.faces.facelets.tag.component] (default task-1) /index.xhtml @35,124 <h:commandButton> Component[2059540600_7ac21940] Created: jakarta.faces.component.html.HtmlCommandButton
[0m[32m14:37:38,906 FINE  [jakarta.enterprise.resource.webcontainer.faces.application] (default task-1) Created component with component type of 'jakarta.faces.HtmlCommandButton'
[0m[32m14:37:38,906 FINE  [jakarta.enterprise.resource.webcontainer.faces.facelets.tag.component] (default task-1) /index.xhtml @36,117 <h:commandButton> Component[2059540600_7ac2193d] Created: jakarta.faces.component.html.HtmlCommandButton
[0m[32m14:37:38,907 FINE  [jakarta.enterprise.resource.webcontainer.faces.application] (default task-1) Rendering View: /index.xhtml
[0m[32m14:37:38,915 DEBUG [org.wildfly.clustering.marshalling.ByteBufferMarshalledValue] (default task-1) Marshalled size of java.util.concurrent.ConcurrentHashMap object = 588 bytes
[0m[32m14:37:38,918 FINE  [jakarta.enterprise.resource.webcontainer.faces.renderkit] (default task-1) component.getValue() returned vNJzuWT-KhVE8HsF88TSVNtzxOtkIW8pRqT5uigO
[0m[32m14:37:38,918 FINE  [jakarta.enterprise.resource.webcontainer.faces.renderkit] (default task-1) Value to be rendered vNJzuWT-KhVE8HsF88TSVNtzxOtkIW8pRqT5uigO
[0m[32m14:37:38,920 FINE  [jakarta.enterprise.resource.webcontainer.faces.renderkit] (default task-1) component.getValue() returned 060a48fb51ef
[0m[32m14:37:38,921 FINE  [jakarta.enterprise.resource.webcontainer.faces.renderkit] (default task-1) Value to be rendered 060a48fb51ef
[0m[32m14:37:38,922 FINE  [jakarta.enterprise.resource.webcontainer.faces.renderkit] (default task-1) component.getValue() returned 0
[0m[32m14:37:38,923 FINE  [jakarta.enterprise.resource.webcontainer.faces.application] (default task-1) Created converter of type 'jakarta.faces.convert.IntegerConverter'
[0m[32m14:37:38,923 FINE  [jakarta.enterprise.resource.webcontainer.faces.renderkit] (default task-1) Value to be rendered 0
[0m[32m14:37:38,924 FINE  [jakarta.enterprise.resource.webcontainer.faces.application] (default task-1) Begin writing marker for viewId /index.xhtml
[0m[32m14:37:38,924 FINE  [jakarta.enterprise.resource.webcontainer.faces.application] (default task-1) End writing marker for viewId /index.xhtml
[0m[32m14:37:38,925 FINE  [jakarta.faces.component] (default task-1) j_id1
[0m[32m14:37:38,925 FINE  [jakarta.enterprise.resource.webcontainer.faces.lifecycle] (default task-1) Exiting RenderResponsePhase
[0m[32m14:37:38,925 FINE  [jakarta.enterprise.resource.webcontainer.faces.timing] (default task-1)  [TIMING] - [24ms] : Execution time for phase (including any PhaseListeners) -> RENDER_RESPONSE 6
[0m[32m14:37:38,927 DEBUG [io.undertow.request.io] (default task-1) UT005013: An IOException occurred: java.net.SocketException: Connection reset
	at java.base/sun.nio.ch.SocketChannelImpl.throwConnectionReset(SocketChannelImpl.java:401)
	at java.base/sun.nio.ch.SocketChannelImpl.read(SocketChannelImpl.java:434)
	at org.jboss.xnio.nio@3.8.16.Final-redhat-00001//org.xnio.nio.NioSocketConduit.read(NioSocketConduit.java:289)
	at org.jboss.xnio@3.8.16.Final-redhat-00001//org.xnio.conduits.AbstractStreamSourceConduit.read(AbstractStreamSourceConduit.java:51)
	at io.undertow.core@2.3.23.SP3-redhat-00001//io.undertow.conduits.ReadTimeoutStreamSourceConduit.read(ReadTimeoutStreamSourceConduit.java:181)
	at org.jboss.xnio@3.8.16.Final-redhat-00001//org.xnio.conduits.AbstractStreamSourceConduit.read(AbstractStreamSourceConduit.java:51)
	at io.undertow.core@2.3.23.SP3-redhat-00001//io.undertow.conduits.BytesReceivedStreamSourceConduit.read(BytesReceivedStreamSourceConduit.java:67)
	at org.jboss.xnio@3.8.16.Final-redhat-00001//org.xnio.conduits.ConduitStreamSourceChannel.read(ConduitStreamSourceChannel.java:127)
	at io.undertow.core@2.3.23.SP3-redhat-00001//io.undertow.util.ConnectionUtils.doDrain(ConnectionUtils.java:96)
	at io.undertow.core@2.3.23.SP3-redhat-00001//io.undertow.util.ConnectionUtils.cleanClose(ConnectionUtils.java:74)
	at io.undertow.core@2.3.23.SP3-redhat-00001//io.undertow.server.protocol.http.HttpReadListener.exchangeComplete(HttpReadListener.java:374)
	at io.undertow.core@2.3.23.SP3-redhat-00001//io.undertow.server.protocol.http.HttpServerConnection.exchangeComplete(HttpServerConnection.java:244)
	at io.undertow.core@2.3.23.SP3-redhat-00001//io.undertow.server.HttpServerExchange$ExchangeCompleteNextListener.proceed(HttpServerExchange.java:2062)
	at io.undertow.core@2.3.23.SP3-redhat-00001//io.undertow.server.ConnectorStatisticsImpl$1.exchangeEvent(ConnectorStatisticsImpl.java:75)
	at io.undertow.core@2.3.23.SP3-redhat-00001//io.undertow.server.HttpServerExchange$ExchangeCompleteNextListener.proceed(HttpServerExchange.java:2060)
	at io.undertow.core@2.3.23.SP3-redhat-00001//io.undertow.server.handlers.MetricsHandler$2.exchangeEvent(MetricsHandler.java:60)
	at io.undertow.core@2.3.23.SP3-redhat-00001//io.undertow.server.HttpServerExchange.invokeExchangeCompleteListeners(HttpServerExchange.java:1436)
	at io.undertow.core@2.3.23.SP3-redhat-00001//io.undertow.server.HttpServerExchange.terminateResponse(HttpServerExchange.java:1723)
	at io.undertow.core@2.3.23.SP3-redhat-00001//io.undertow.server.Connectors.terminateResponse(Connectors.java:198)
	at io.undertow.core@2.3.23.SP3-redhat-00001//io.undertow.server.protocol.http.ServerFixedLengthStreamSinkConduit.channelFinished(ServerFixedLengthStreamSinkConduit.java:58)
	at io.undertow.core@2.3.23.SP3-redhat-00001//io.undertow.conduits.AbstractFixedLengthStreamSinkConduit.exitFlush(AbstractFixedLengthStreamSinkConduit.java:316)
	at io.undertow.core@2.3.23.SP3-redhat-00001//io.undertow.conduits.AbstractFixedLengthStreamSinkConduit.flush(AbstractFixedLengthStreamSinkConduit.java:234)
	at org.jboss.xnio@3.8.16.Final-redhat-00001//org.xnio.conduits.ConduitStreamSinkChannel.flush(ConduitStreamSinkChannel.java:162)
	at io.undertow.core@2.3.23.SP3-redhat-00001//io.undertow.channels.DetachableStreamSinkChannel.flush(DetachableStreamSinkChannel.java:119)
	at org.jboss.xnio@3.8.16.Final-redhat-00001//org.xnio.channels.Channels.flushBlocking(Channels.java:63)
	at io.undertow.servlet@2.3.23.SP3-redhat-00001//io.undertow.servlet.spec.ServletOutputStreamImpl.close(ServletOutputStreamImpl.java:654)
	at io.undertow.servlet@2.3.23.SP3-redhat-00001//io.undertow.servlet.spec.ServletPrintWriter.close(ServletPrintWriter.java:130)
	at io.undertow.servlet@2.3.23.SP3-redhat-00001//io.undertow.servlet.spec.ServletPrintWriterDelegate.close(ServletPrintWriterDelegate.java:79)
	at io.undertow.servlet@2.3.23.SP3-redhat-00001//io.undertow.servlet.spec.HttpServletResponseImpl.closeStreamAndWriter(HttpServletResponseImpl.java:505)
	at io.undertow.servlet@2.3.23.SP3-redhat-00001//io.undertow.servlet.spec.HttpServletResponseImpl.responseDone(HttpServletResponseImpl.java:606)
	at io.undertow.servlet@2.3.23.SP3-redhat-00001//io.undertow.servlet.handlers.ServletInitialHandler.handleFirstRequest(ServletInitialHandler.java:330)
	at io.undertow.servlet@2.3.23.SP3-redhat-00001//io.undertow.servlet.handlers.ServletInitialHandler$1.call(ServletInitialHandler.java:130)
	at io.undertow.servlet@2.3.23.SP3-redhat-00001//io.undertow.servlet.handlers.ServletInitialHandler$1.call(ServletInitialHandler.java:127)
	at io.undertow.servlet@2.3.23.SP3-redhat-00001//io.undertow.servlet.core.ServletRequestContextThreadSetupAction$1.call(ServletRequestContextThreadSetupAction.java:48)
	at io.undertow.servlet@2.3.23.SP3-redhat-00001//io.undertow.servlet.core.ContextClassLoaderSetupAction$1.call(ContextClassLoaderSetupAction.java:43)
	at org.wildfly.extension.undertow@8.1.1.GA-redhat-00012//org.wildfly.extension.undertow.deployment.UndertowDeploymentInfoService$UndertowThreadSetupAction.lambda$create$0(UndertowDeploymentInfoService.java:1421)
	at org.wildfly.extension.undertow@8.1.1.GA-redhat-00012//org.wildfly.extension.undertow.deployment.UndertowDeploymentInfoService$UndertowThreadSetupAction.lambda$create$0(UndertowDeploymentInfoService.java:1421)
	at org.wildfly.extension.undertow@8.1.1.GA-redhat-00012//org.wildfly.extension.undertow.deployment.UndertowDeploymentInfoService$UndertowThreadSetupAction.lambda$create$0(UndertowDeploymentInfoService.java:1421)
	at org.wildfly.extension.undertow@8.1.1.GA-redhat-00012//org.wildfly.extension.undertow.deployment.UndertowDeploymentInfoService$UndertowThreadSetupAction.lambda$create$0(UndertowDeploymentInfoService.java:1421)
	at io.undertow.servlet@2.3.23.SP3-redhat-00001//io.undertow.servlet.handlers.ServletInitialHandler.dispatchRequest(ServletInitialHandler.java:251)
	at io.undertow.servlet@2.3.23.SP3-redhat-00001//io.undertow.servlet.handlers.ServletInitialHandler.lambda$new$1(ServletInitialHandler.java:99)
	at io.undertow.core@2.3.23.SP3-redhat-00001//io.undertow.server.Connectors.executeRootHandler(Connectors.java:418)
	at io.undertow.core@2.3.23.SP3-redhat-00001//io.undertow.server.HttpServerExchange$1.run(HttpServerExchange.java:938)
	at org.jboss.threads@2.5.0.redhat-00001//org.jboss.threads.ContextClassLoaderSavingRunnable.run(ContextClassLoaderSavingRunnable.java:35)
	at org.jboss.threads@2.5.0.redhat-00001//org.jboss.threads.EnhancedQueueExecutor.safeRun(EnhancedQueueExecutor.java:2024)
	at org.jboss.threads@2.5.0.redhat-00001//org.jboss.threads.EnhancedQueueExecutor$ThreadBody.doRunTask(EnhancedQueueExecutor.java:1520)
	at org.jboss.threads@2.5.0.redhat-00001//org.jboss.threads.EnhancedQueueExecutor$ThreadBody.run(EnhancedQueueExecutor.java:1411)
	at org.jboss.xnio@3.8.16.Final-redhat-00001//org.xnio.XnioWorker$WorkerThreadFactory$1$1.run(XnioWorker.java:1282)
	at java.base/java.lang.Thread.run(Thread.java:1583)

[0m[32m14:37:38,928 DEBUG [org.wildfly.clustering.marshalling.ByteBufferMarshalledValue] (default task-1) Marshalled size of java.util.concurrent.ConcurrentHashMap object = 1884 bytes
